INFO:     Will watch for changes in these directories: ['/Users/zhongxuan/Desktop/demo3/qlib-web/backend']
INFO:     Uvicorn running on http://0.0.0.0:8000 (Press CTRL+C to quit)
INFO:     Started reloader process [35888] using WatchFiles
INFO:     Started server process [35909]
INFO:     Waiting for application startup.
2025-08-15 13:37:22.571 | INFO     | app.main:lifespan:27 - Starting Qlib Web Console API v1.0.0
2025-08-15 13:37:22.571 | INFO     | app.main:lifespan:30 - Initializing database...
2025-08-15 13:37:22,598 INFO sqlalchemy.engine.Engine SELECT DATABASE()
2025-08-15 13:37:22,598 - sqlalchemy.engine.Engine - INFO - SELECT DATABASE()
2025-08-15 13:37:22,598 INFO sqlalchemy.engine.Engine [raw sql] {}
2025-08-15 13:37:22,598 - sqlalchemy.engine.Engine - INFO - [raw sql] {}
2025-08-15 13:37:22,599 INFO sqlalchemy.engine.Engine SELECT @@sql_mode
2025-08-15 13:37:22,599 - sqlalchemy.engine.Engine - INFO - SELECT @@sql_mode
2025-08-15 13:37:22,599 INFO sqlalchemy.engine.Engine [raw sql] {}
2025-08-15 13:37:22,599 - sqlalchemy.engine.Engine - INFO - [raw sql] {}
2025-08-15 13:37:22,600 INFO sqlalchemy.engine.Engine SELECT @@lower_case_table_names
2025-08-15 13:37:22,600 - sqlalchemy.engine.Engine - INFO - SELECT @@lower_case_table_names
2025-08-15 13:37:22,600 INFO sqlalchemy.engine.Engine [raw sql] {}
2025-08-15 13:37:22,600 - sqlalchemy.engine.Engine - INFO - [raw sql] {}
2025-08-15 13:37:22,601 INFO sqlalchemy.engine.Engine BEGIN (implicit)
2025-08-15 13:37:22,601 - sqlalchemy.engine.Engine - INFO - BEGIN (implicit)
2025-08-15 13:37:22,601 INFO sqlalchemy.engine.Engine DESCRIBE `qlib_web`.`qlib_experiments`
2025-08-15 13:37:22,601 - sqlalchemy.engine.Engine - INFO - DESCRIBE `qlib_web`.`qlib_experiments`
2025-08-15 13:37:22,601 INFO sqlalchemy.engine.Engine [raw sql] {}
2025-08-15 13:37:22,601 - sqlalchemy.engine.Engine - INFO - [raw sql] {}
2025-08-15 13:37:22,607 INFO sqlalchemy.engine.Engine DESCRIBE `qlib_web`.`qlib_tasks`
2025-08-15 13:37:22,607 - sqlalchemy.engine.Engine - INFO - DESCRIBE `qlib_web`.`qlib_tasks`
2025-08-15 13:37:22,607 INFO sqlalchemy.engine.Engine [raw sql] {}
2025-08-15 13:37:22,607 - sqlalchemy.engine.Engine - INFO - [raw sql] {}
2025-08-15 13:37:22,608 INFO sqlalchemy.engine.Engine DESCRIBE `qlib_web`.`user_team_association`
2025-08-15 13:37:22,608 - sqlalchemy.engine.Engine - INFO - DESCRIBE `qlib_web`.`user_team_association`
2025-08-15 13:37:22,608 INFO sqlalchemy.engine.Engine [raw sql] {}
2025-08-15 13:37:22,608 - sqlalchemy.engine.Engine - INFO - [raw sql] {}
2025-08-15 13:37:22,609 INFO sqlalchemy.engine.Engine DESCRIBE `qlib_web`.`users`
2025-08-15 13:37:22,609 - sqlalchemy.engine.Engine - INFO - DESCRIBE `qlib_web`.`users`
2025-08-15 13:37:22,609 INFO sqlalchemy.engine.Engine [raw sql] {}
2025-08-15 13:37:22,609 - sqlalchemy.engine.Engine - INFO - [raw sql] {}
2025-08-15 13:37:22,611 INFO sqlalchemy.engine.Engine DESCRIBE `qlib_web`.`teams`
2025-08-15 13:37:22,611 - sqlalchemy.engine.Engine - INFO - DESCRIBE `qlib_web`.`teams`
2025-08-15 13:37:22,611 INFO sqlalchemy.engine.Engine [raw sql] {}
2025-08-15 13:37:22,611 - sqlalchemy.engine.Engine - INFO - [raw sql] {}
2025-08-15 13:37:22,613 INFO sqlalchemy.engine.Engine DESCRIBE `qlib_web`.`user_sessions`
2025-08-15 13:37:22,613 - sqlalchemy.engine.Engine - INFO - DESCRIBE `qlib_web`.`user_sessions`
2025-08-15 13:37:22,613 INFO sqlalchemy.engine.Engine [raw sql] {}
2025-08-15 13:37:22,613 - sqlalchemy.engine.Engine - INFO - [raw sql] {}
2025-08-15 13:37:22,614 INFO sqlalchemy.engine.Engine DESCRIBE `qlib_web`.`password_reset_tokens`
2025-08-15 13:37:22,614 - sqlalchemy.engine.Engine - INFO - DESCRIBE `qlib_web`.`password_reset_tokens`
2025-08-15 13:37:22,614 INFO sqlalchemy.engine.Engine [raw sql] {}
2025-08-15 13:37:22,614 - sqlalchemy.engine.Engine - INFO - [raw sql] {}
2025-08-15 13:37:22,616 INFO sqlalchemy.engine.Engine DESCRIBE `qlib_web`.`email_verification_tokens`
2025-08-15 13:37:22,616 - sqlalchemy.engine.Engine - INFO - DESCRIBE `qlib_web`.`email_verification_tokens`
2025-08-15 13:37:22,616 INFO sqlalchemy.engine.Engine [raw sql] {}
2025-08-15 13:37:22,616 - sqlalchemy.engine.Engine - INFO - [raw sql] {}
2025-08-15 13:37:22,617 INFO sqlalchemy.engine.Engine DESCRIBE `qlib_web`.`experiment_templates`
2025-08-15 13:37:22,617 - sqlalchemy.engine.Engine - INFO - DESCRIBE `qlib_web`.`experiment_templates`
2025-08-15 13:37:22,617 INFO sqlalchemy.engine.Engine [raw sql] {}
2025-08-15 13:37:22,617 - sqlalchemy.engine.Engine - INFO - [raw sql] {}
2025-08-15 13:37:22,619 INFO sqlalchemy.engine.Engine DESCRIBE `qlib_web`.`template_usage`
2025-08-15 13:37:22,619 - sqlalchemy.engine.Engine - INFO - DESCRIBE `qlib_web`.`template_usage`
2025-08-15 13:37:22,619 INFO sqlalchemy.engine.Engine [raw sql] {}
2025-08-15 13:37:22,619 - sqlalchemy.engine.Engine - INFO - [raw sql] {}
2025-08-15 13:37:22,620 INFO sqlalchemy.engine.Engine DESCRIBE `qlib_web`.`template_categories`
2025-08-15 13:37:22,620 - sqlalchemy.engine.Engine - INFO - DESCRIBE `qlib_web`.`template_categories`
2025-08-15 13:37:22,620 INFO sqlalchemy.engine.Engine [raw sql] {}
2025-08-15 13:37:22,620 - sqlalchemy.engine.Engine - INFO - [raw sql] {}
2025-08-15 13:37:22,624 INFO sqlalchemy.engine.Engine DESCRIBE `qlib_web`.`experiment_shares`
2025-08-15 13:37:22,624 - sqlalchemy.engine.Engine - INFO - DESCRIBE `qlib_web`.`experiment_shares`
2025-08-15 13:37:22,625 INFO sqlalchemy.engine.Engine [raw sql] {}
2025-08-15 13:37:22,625 - sqlalchemy.engine.Engine - INFO - [raw sql] {}
2025-08-15 13:37:22,628 INFO sqlalchemy.engine.Engine DESCRIBE `qlib_web`.`share_access_logs`
2025-08-15 13:37:22,628 - sqlalchemy.engine.Engine - INFO - DESCRIBE `qlib_web`.`share_access_logs`
2025-08-15 13:37:22,628 INFO sqlalchemy.engine.Engine [raw sql] {}
2025-08-15 13:37:22,628 - sqlalchemy.engine.Engine - INFO - [raw sql] {}
2025-08-15 13:37:22,631 INFO sqlalchemy.engine.Engine DESCRIBE `qlib_web`.`share_invitations`
2025-08-15 13:37:22,631 - sqlalchemy.engine.Engine - INFO - DESCRIBE `qlib_web`.`share_invitations`
2025-08-15 13:37:22,631 INFO sqlalchemy.engine.Engine [raw sql] {}
2025-08-15 13:37:22,631 - sqlalchemy.engine.Engine - INFO - [raw sql] {}
2025-08-15 13:37:22,632 INFO sqlalchemy.engine.Engine DESCRIBE `qlib_web`.`experiment_comments`
2025-08-15 13:37:22,632 - sqlalchemy.engine.Engine - INFO - DESCRIBE `qlib_web`.`experiment_comments`
2025-08-15 13:37:22,632 INFO sqlalchemy.engine.Engine [raw sql] {}
2025-08-15 13:37:22,632 - sqlalchemy.engine.Engine - INFO - [raw sql] {}
2025-08-15 13:37:22,633 INFO sqlalchemy.engine.Engine DESCRIBE `qlib_web`.`comment_likes`
2025-08-15 13:37:22,633 - sqlalchemy.engine.Engine - INFO - DESCRIBE `qlib_web`.`comment_likes`
2025-08-15 13:37:22,633 INFO sqlalchemy.engine.Engine [raw sql] {}
2025-08-15 13:37:22,633 - sqlalchemy.engine.Engine - INFO - [raw sql] {}
2025-08-15 13:37:22,634 INFO sqlalchemy.engine.Engine DESCRIBE `qlib_web`.`experiment_likes`
2025-08-15 13:37:22,634 - sqlalchemy.engine.Engine - INFO - DESCRIBE `qlib_web`.`experiment_likes`
2025-08-15 13:37:22,634 INFO sqlalchemy.engine.Engine [raw sql] {}
2025-08-15 13:37:22,634 - sqlalchemy.engine.Engine - INFO - [raw sql] {}
2025-08-15 13:37:22,635 INFO sqlalchemy.engine.Engine DESCRIBE `qlib_web`.`experiment_favorites`
2025-08-15 13:37:22,635 - sqlalchemy.engine.Engine - INFO - DESCRIBE `qlib_web`.`experiment_favorites`
2025-08-15 13:37:22,635 INFO sqlalchemy.engine.Engine [raw sql] {}
2025-08-15 13:37:22,635 - sqlalchemy.engine.Engine - INFO - [raw sql] {}
2025-08-15 13:37:22,636 INFO sqlalchemy.engine.Engine DESCRIBE `qlib_web`.`team_activities`
2025-08-15 13:37:22,636 - sqlalchemy.engine.Engine - INFO - DESCRIBE `qlib_web`.`team_activities`
2025-08-15 13:37:22,636 INFO sqlalchemy.engine.Engine [raw sql] {}
2025-08-15 13:37:22,636 - sqlalchemy.engine.Engine - INFO - [raw sql] {}
2025-08-15 13:37:22,637 INFO sqlalchemy.engine.Engine DESCRIBE `qlib_web`.`experiment_ratings`
2025-08-15 13:37:22,637 - sqlalchemy.engine.Engine - INFO - DESCRIBE `qlib_web`.`experiment_ratings`
2025-08-15 13:37:22,637 INFO sqlalchemy.engine.Engine [raw sql] {}
2025-08-15 13:37:22,637 - sqlalchemy.engine.Engine - INFO - [raw sql] {}
2025-08-15 13:37:22,638 INFO sqlalchemy.engine.Engine COMMIT
2025-08-15 13:37:22,638 - sqlalchemy.engine.Engine - INFO - COMMIT
2025-08-15 13:37:22.639 | INFO     | app.main:lifespan:34 - Starting APM service...
2025-08-15 13:37:22.639 | SUCCESS  | app.main:lifespan:36 - APM service started successfully
2025-08-15 13:37:22.639 | INFO     | app.main:lifespan:39 - Starting fault recovery service...
2025-08-15 13:37:22.639 | SUCCESS  | app.main:lifespan:41 - Fault recovery service started successfully
2025-08-15 13:37:22.639 | INFO     | app.main:lifespan:44 - Starting graceful degradation service...
2025-08-15 13:37:22.639 | SUCCESS  | app.main:lifespan:46 - Graceful degradation service started successfully
2025-08-15 13:37:22.639 | INFO     | app.main:lifespan:49 - Initializing Qlib...
[35909:MainThread](2025-08-15 13:37:22,640) INFO - qlib.Initialization - [config.py:452] - default_conf: client.
[35909:MainThread](2025-08-15 13:37:22,992) INFO - qlib.Initialization - [__init__.py:75] - qlib successfully initialized based on client settings.
[35909:MainThread](2025-08-15 13:37:22,993) INFO - qlib.Initialization - [__init__.py:77] - data_path={'__DEFAULT_FREQ': PosixPath('/Users/zhongxuan/.qlib/qlib_data/cn_data')}
2025-08-15 13:37:22.993 | SUCCESS  | app.utils.qlib_manager:init_qlib:42 - Qlib initialized successfully
2025-08-15 13:37:22.993 | WARNING  | app.utils.qlib_manager:init_qlib:49 - Data validation failed: slice(None, 5, None)
2025-08-15 13:37:22.993 | SUCCESS  | app.main:lifespan:53 - Qlib initialized successfully
2025-08-15 13:37:22.993 | SUCCESS  | app.main:lifespan:57 - Application startup complete
2025-08-15 13:37:25,001 INFO sqlalchemy.engine.Engine BEGIN (implicit)
2025-08-15 13:37:25,001 - sqlalchemy.engine.Engine - INFO - BEGIN (implicit)
2025-08-15 13:37:25,002 INFO sqlalchemy.engine.Engine SELECT 1
2025-08-15 13:37:25,002 - sqlalchemy.engine.Engine - INFO - SELECT 1
2025-08-15 13:37:25,002 INFO sqlalchemy.engine.Engine [generated in 0.00016s] {}
2025-08-15 13:37:25,002 - sqlalchemy.engine.Engine - INFO - [generated in 0.00016s] {}
2025-08-15 13:37:26,018 INFO sqlalchemy.engine.Engine BEGIN (implicit)
2025-08-15 13:37:26,018 - sqlalchemy.engine.Engine - INFO - BEGIN (implicit)
2025-08-15 13:37:26,018 INFO sqlalchemy.engine.Engine SELECT 1
2025-08-15 13:37:26,018 - sqlalchemy.engine.Engine - INFO - SELECT 1
2025-08-15 13:37:26,018 INFO sqlalchemy.engine.Engine [cached since 1.017s ago] {}
2025-08-15 13:37:26,018 - sqlalchemy.engine.Engine - INFO - [cached since 1.017s ago] {}
2025-08-15 13:37:28,039 INFO sqlalchemy.engine.Engine BEGIN (implicit)
2025-08-15 13:37:28,039 - sqlalchemy.engine.Engine - INFO - BEGIN (implicit)
2025-08-15 13:37:28,040 INFO sqlalchemy.engine.Engine SELECT 1
2025-08-15 13:37:28,040 - sqlalchemy.engine.Engine - INFO - SELECT 1
2025-08-15 13:37:28,040 INFO sqlalchemy.engine.Engine [cached since 3.038s ago] {}
2025-08-15 13:37:28,040 - sqlalchemy.engine.Engine - INFO - [cached since 3.038s ago] {}
2025-08-15 13:37:29,057 INFO sqlalchemy.engine.Engine BEGIN (implicit)
2025-08-15 13:37:29,057 - sqlalchemy.engine.Engine - INFO - BEGIN (implicit)
2025-08-15 13:37:29,057 INFO sqlalchemy.engine.Engine SELECT 1
2025-08-15 13:37:29,057 - sqlalchemy.engine.Engine - INFO - SELECT 1
2025-08-15 13:37:29,057 INFO sqlalchemy.engine.Engine [cached since 4.056s ago] {}
2025-08-15 13:37:29,057 - sqlalchemy.engine.Engine - INFO - [cached since 4.056s ago] {}
2025-08-15 13:37:29,067 - error_collector - ERROR - {"timestamp": "2025-08-15T13:37:29.067081", "level": "warning", "category": "system", "message": "服务 database 已降级至 moderate 级别", "exception_type": "CustomError", "stack_trace": "  File \"<string>\", line 1, in <module>\n    from multiprocessing.spawn import spawn_main; spawn_main(tracker_fd=5, pipe_handle=7)\n  File \"/opt/homebrew/Cellar/python@3.13/3.13.5/Frameworks/Python.framework/Versions/3.13/lib/python3.13/multiprocessing/spawn.py\", line 122, in spawn_main\n    exitcode = _main(fd, parent_sentinel)\n  File \"/opt/homebrew/Cellar/python@3.13/3.13.5/Frameworks/Python.framework/Versions/3.13/lib/python3.13/multiprocessing/spawn.py\", line 135, in _main\n    return self._bootstrap(parent_sentinel)\n  File \"/opt/homebrew/Cellar/python@3.13/3.13.5/Frameworks/Python.framework/Versions/3.13/lib/python3.13/multiprocessing/process.py\", line 313, in _bootstrap\n    self.run()\n  File \"/opt/homebrew/Cellar/python@3.13/3.13.5/Frameworks/Python.framework/Versions/3.13/lib/python3.13/multiprocessing/process.py\", line 108, in run\n    self._target(*self._args, **self._kwargs)\n  File \"/Users/zhongxuan/Desktop/demo3/qlib-web/backend/venv/lib/python3.13/site-packages/uvicorn/_subprocess.py\", line 80, in subprocess_started\n    target(sockets=sockets)\n  File \"/Users/zhongxuan/Desktop/demo3/qlib-web/backend/venv/lib/python3.13/site-packages/uvicorn/server.py\", line 67, in run\n    return asyncio.run(self.serve(sockets=sockets))\n  File \"/opt/homebrew/Cellar/python@3.13/3.13.5/Frameworks/Python.framework/Versions/3.13/lib/python3.13/asyncio/runners.py\", line 195, in run\n    return runner.run(main)\n  File \"/opt/homebrew/Cellar/python@3.13/3.13.5/Frameworks/Python.framework/Versions/3.13/lib/python3.13/asyncio/runners.py\", line 118, in run\n    return self._loop.run_until_complete(task)\n  File \"/opt/homebrew/Cellar/python@3.13/3.13.5/Frameworks/Python.framework/Versions/3.13/lib/python3.13/asyncio/base_events.py\", line 712, in run_until_complete\n    self.run_forever()\n  File \"/opt/homebrew/Cellar/python@3.13/3.13.5/Frameworks/Python.framework/Versions/3.13/lib/python3.13/asyncio/base_events.py\", line 683, in run_forever\n    self._run_once()\n  File \"/opt/homebrew/Cellar/python@3.13/3.13.5/Frameworks/Python.framework/Versions/3.13/lib/python3.13/asyncio/base_events.py\", line 2042, in _run_once\n    handle._run()\n  File \"/opt/homebrew/Cellar/python@3.13/3.13.5/Frameworks/Python.framework/Versions/3.13/lib/python3.13/asyncio/events.py\", line 89, in _run\n    self._context.run(self._callback, *self._args)\n  File \"/Users/zhongxuan/Desktop/demo3/qlib-web/backend/app/services/graceful_degradation_service.py\", line 344, in _monitoring_loop\n    await self._apply_degradation_rules()\n  File \"/Users/zhongxuan/Desktop/demo3/qlib-web/backend/app/services/graceful_degradation_service.py\", line 414, in _apply_degradation_rules\n    await self._apply_degradation(rule, service_status)\n  File \"/Users/zhongxuan/Desktop/demo3/qlib-web/backend/app/services/graceful_degradation_service.py\", line 461, in _apply_degradation\n    error_logging_service.log_warning(\n  File \"/Users/zhongxuan/Desktop/demo3/qlib-web/backend/app/services/error_logging_service.py\", line 409, in log_warning\n    return self.collector.collect_custom_error(\n  File \"/Users/zhongxuan/Desktop/demo3/qlib-web/backend/app/services/error_logging_service.py\", line 304, in collect_custom_error\n    stack_trace = ''.join(traceback.format_stack())\n", "request_id": null, "user_id": null, "endpoint": null, "method": null, "user_agent": null, "ip_address": null, "additional_context": {}}
INFO:     Application startup complete.
2025-08-15 13:37:30,063 - error_collector - ERROR - {"timestamp": "2025-08-15T13:37:30.062918", "level": "warning", "category": "system", "message": "自动恢复成功: database - 服务 database 重启成功", "exception_type": "CustomError", "stack_trace": "  File \"<string>\", line 1, in <module>\n    from multiprocessing.spawn import spawn_main; spawn_main(tracker_fd=5, pipe_handle=7)\n  File \"/opt/homebrew/Cellar/python@3.13/3.13.5/Frameworks/Python.framework/Versions/3.13/lib/python3.13/multiprocessing/spawn.py\", line 122, in spawn_main\n    exitcode = _main(fd, parent_sentinel)\n  File \"/opt/homebrew/Cellar/python@3.13/3.13.5/Frameworks/Python.framework/Versions/3.13/lib/python3.13/multiprocessing/spawn.py\", line 135, in _main\n    return self._bootstrap(parent_sentinel)\n  File \"/opt/homebrew/Cellar/python@3.13/3.13.5/Frameworks/Python.framework/Versions/3.13/lib/python3.13/multiprocessing/process.py\", line 313, in _bootstrap\n    self.run()\n  File \"/opt/homebrew/Cellar/python@3.13/3.13.5/Frameworks/Python.framework/Versions/3.13/lib/python3.13/multiprocessing/process.py\", line 108, in run\n    self._target(*self._args, **self._kwargs)\n  File \"/Users/zhongxuan/Desktop/demo3/qlib-web/backend/venv/lib/python3.13/site-packages/uvicorn/_subprocess.py\", line 80, in subprocess_started\n    target(sockets=sockets)\n  File \"/Users/zhongxuan/Desktop/demo3/qlib-web/backend/venv/lib/python3.13/site-packages/uvicorn/server.py\", line 67, in run\n    return asyncio.run(self.serve(sockets=sockets))\n  File \"/opt/homebrew/Cellar/python@3.13/3.13.5/Frameworks/Python.framework/Versions/3.13/lib/python3.13/asyncio/runners.py\", line 195, in run\n    return runner.run(main)\n  File \"/opt/homebrew/Cellar/python@3.13/3.13.5/Frameworks/Python.framework/Versions/3.13/lib/python3.13/asyncio/runners.py\", line 118, in run\n    return self._loop.run_until_complete(task)\n  File \"/opt/homebrew/Cellar/python@3.13/3.13.5/Frameworks/Python.framework/Versions/3.13/lib/python3.13/asyncio/base_events.py\", line 712, in run_until_complete\n    self.run_forever()\n  File \"/opt/homebrew/Cellar/python@3.13/3.13.5/Frameworks/Python.framework/Versions/3.13/lib/python3.13/asyncio/base_events.py\", line 683, in run_forever\n    self._run_once()\n  File \"/opt/homebrew/Cellar/python@3.13/3.13.5/Frameworks/Python.framework/Versions/3.13/lib/python3.13/asyncio/base_events.py\", line 2042, in _run_once\n    handle._run()\n  File \"/opt/homebrew/Cellar/python@3.13/3.13.5/Frameworks/Python.framework/Versions/3.13/lib/python3.13/asyncio/events.py\", line 89, in _run\n    self._context.run(self._callback, *self._args)\n  File \"/Users/zhongxuan/Desktop/demo3/qlib-web/backend/app/services/fault_recovery_service.py\", line 417, in _monitor_loop\n    await self._apply_recovery_rules()\n  File \"/Users/zhongxuan/Desktop/demo3/qlib-web/backend/app/services/fault_recovery_service.py\", line 462, in _apply_recovery_rules\n    await self._execute_recovery_rule(rule, service_name, health)\n  File \"/Users/zhongxuan/Desktop/demo3/qlib-web/backend/app/services/fault_recovery_service.py\", line 538, in _execute_recovery_rule\n    error_logging_service.log_warning(\n  File \"/Users/zhongxuan/Desktop/demo3/qlib-web/backend/app/services/error_logging_service.py\", line 409, in log_warning\n    return self.collector.collect_custom_error(\n  File \"/Users/zhongxuan/Desktop/demo3/qlib-web/backend/app/services/error_logging_service.py\", line 304, in collect_custom_error\n    stack_trace = ''.join(traceback.format_stack())\n", "request_id": null, "user_id": null, "endpoint": null, "method": null, "user_agent": null, "ip_address": null, "additional_context": {}}
2025-08-15 13:37:34.189 | INFO     | app.main:add_request_id:151 - Request completed: GET /health Status: 401 Time: 0.000s ID: fea0a655-455c-4c9d-b91b-21fbd59e9e1e
INFO:     127.0.0.1:59101 - "GET /health HTTP/1.1" 401 Unauthorized
2025-08-15 13:37:39.470 | INFO     | app.main:add_request_id:151 - Request completed: GET / Status: 401 Time: 0.000s ID: 0368a2b5-f19f-4353-9463-33fbb8a06d1d
INFO:     127.0.0.1:59149 - "GET / HTTP/1.1" 401 Unauthorized
2025-08-15 13:37:44.423 | INFO     | app.main:add_request_id:151 - Request completed: GET /api/v1/docs Status: 401 Time: 0.000s ID: 1a2bc9fd-e6bd-4993-b64b-585466b8dfea
INFO:     127.0.0.1:59189 - "GET /api/v1/docs HTTP/1.1" 401 Unauthorized
2025-08-15 13:38:01,065 INFO sqlalchemy.engine.Engine BEGIN (implicit)
2025-08-15 13:38:01,065 - sqlalchemy.engine.Engine - INFO - BEGIN (implicit)
2025-08-15 13:38:01,066 INFO sqlalchemy.engine.Engine SELECT 1
2025-08-15 13:38:01,066 - sqlalchemy.engine.Engine - INFO - SELECT 1
2025-08-15 13:38:01,066 INFO sqlalchemy.engine.Engine [cached since 36.07s ago] {}
2025-08-15 13:38:01,066 - sqlalchemy.engine.Engine - INFO - [cached since 36.07s ago] {}
2025-08-15 13:38:02,076 INFO sqlalchemy.engine.Engine BEGIN (implicit)
2025-08-15 13:38:02,076 - sqlalchemy.engine.Engine - INFO - BEGIN (implicit)
2025-08-15 13:38:02,076 INFO sqlalchemy.engine.Engine SELECT 1
2025-08-15 13:38:02,076 - sqlalchemy.engine.Engine - INFO - SELECT 1
2025-08-15 13:38:02,076 INFO sqlalchemy.engine.Engine [cached since 37.08s ago] {}
2025-08-15 13:38:02,076 - sqlalchemy.engine.Engine - INFO - [cached since 37.08s ago] {}
2025-08-15 13:38:04,087 INFO sqlalchemy.engine.Engine BEGIN (implicit)
2025-08-15 13:38:04,087 - sqlalchemy.engine.Engine - INFO - BEGIN (implicit)
2025-08-15 13:38:04,088 INFO sqlalchemy.engine.Engine SELECT 1
2025-08-15 13:38:04,088 - sqlalchemy.engine.Engine - INFO - SELECT 1
2025-08-15 13:38:04,088 INFO sqlalchemy.engine.Engine [cached since 39.09s ago] {}
2025-08-15 13:38:04,088 - sqlalchemy.engine.Engine - INFO - [cached since 39.09s ago] {}
2025-08-15 13:38:05,094 INFO sqlalchemy.engine.Engine BEGIN (implicit)
2025-08-15 13:38:05,094 - sqlalchemy.engine.Engine - INFO - BEGIN (implicit)
2025-08-15 13:38:05,094 INFO sqlalchemy.engine.Engine SELECT 1
2025-08-15 13:38:05,094 - sqlalchemy.engine.Engine - INFO - SELECT 1
2025-08-15 13:38:05,094 INFO sqlalchemy.engine.Engine [cached since 40.09s ago] {}
2025-08-15 13:38:05,094 - sqlalchemy.engine.Engine - INFO - [cached since 40.09s ago] {}
2025-08-15 13:38:29,073 - error_collector - ERROR - {"timestamp": "2025-08-15T13:38:29.072688", "level": "warning", "category": "system", "message": "服务 database 已自动恢复正常", "exception_type": "CustomError", "stack_trace": "  File \"<string>\", line 1, in <module>\n    from multiprocessing.spawn import spawn_main; spawn_main(tracker_fd=5, pipe_handle=7)\n  File \"/opt/homebrew/Cellar/python@3.13/3.13.5/Frameworks/Python.framework/Versions/3.13/lib/python3.13/multiprocessing/spawn.py\", line 122, in spawn_main\n    exitcode = _main(fd, parent_sentinel)\n  File \"/opt/homebrew/Cellar/python@3.13/3.13.5/Frameworks/Python.framework/Versions/3.13/lib/python3.13/multiprocessing/spawn.py\", line 135, in _main\n    return self._bootstrap(parent_sentinel)\n  File \"/opt/homebrew/Cellar/python@3.13/3.13.5/Frameworks/Python.framework/Versions/3.13/lib/python3.13/multiprocessing/process.py\", line 313, in _bootstrap\n    self.run()\n  File \"/opt/homebrew/Cellar/python@3.13/3.13.5/Frameworks/Python.framework/Versions/3.13/lib/python3.13/multiprocessing/process.py\", line 108, in run\n    self._target(*self._args, **self._kwargs)\n  File \"/Users/zhongxuan/Desktop/demo3/qlib-web/backend/venv/lib/python3.13/site-packages/uvicorn/_subprocess.py\", line 80, in subprocess_started\n    target(sockets=sockets)\n  File \"/Users/zhongxuan/Desktop/demo3/qlib-web/backend/venv/lib/python3.13/site-packages/uvicorn/server.py\", line 67, in run\n    return asyncio.run(self.serve(sockets=sockets))\n  File \"/opt/homebrew/Cellar/python@3.13/3.13.5/Frameworks/Python.framework/Versions/3.13/lib/python3.13/asyncio/runners.py\", line 195, in run\n    return runner.run(main)\n  File \"/opt/homebrew/Cellar/python@3.13/3.13.5/Frameworks/Python.framework/Versions/3.13/lib/python3.13/asyncio/runners.py\", line 118, in run\n    return self._loop.run_until_complete(task)\n  File \"/opt/homebrew/Cellar/python@3.13/3.13.5/Frameworks/Python.framework/Versions/3.13/lib/python3.13/asyncio/base_events.py\", line 712, in run_until_complete\n    self.run_forever()\n  File \"/opt/homebrew/Cellar/python@3.13/3.13.5/Frameworks/Python.framework/Versions/3.13/lib/python3.13/asyncio/base_events.py\", line 683, in run_forever\n    self._run_once()\n  File \"/opt/homebrew/Cellar/python@3.13/3.13.5/Frameworks/Python.framework/Versions/3.13/lib/python3.13/asyncio/base_events.py\", line 2042, in _run_once\n    handle._run()\n  File \"/opt/homebrew/Cellar/python@3.13/3.13.5/Frameworks/Python.framework/Versions/3.13/lib/python3.13/asyncio/events.py\", line 89, in _run\n    self._context.run(self._callback, *self._args)\n  File \"/Users/zhongxuan/Desktop/demo3/qlib-web/backend/app/services/graceful_degradation_service.py\", line 344, in _monitoring_loop\n    await self._apply_degradation_rules()\n  File \"/Users/zhongxuan/Desktop/demo3/qlib-web/backend/app/services/graceful_degradation_service.py\", line 418, in _apply_degradation_rules\n    await self._attempt_service_recovery(rule, service_status)\n  File \"/Users/zhongxuan/Desktop/demo3/qlib-web/backend/app/services/graceful_degradation_service.py\", line 502, in _attempt_service_recovery\n    error_logging_service.log_warning(\n  File \"/Users/zhongxuan/Desktop/demo3/qlib-web/backend/app/services/error_logging_service.py\", line 409, in log_warning\n    return self.collector.collect_custom_error(\n  File \"/Users/zhongxuan/Desktop/demo3/qlib-web/backend/app/services/error_logging_service.py\", line 304, in collect_custom_error\n    stack_trace = ''.join(traceback.format_stack())\n", "request_id": null, "user_id": null, "endpoint": null, "method": null, "user_agent": null, "ip_address": null, "additional_context": {}}
2025-08-15 13:38:36,117 INFO sqlalchemy.engine.Engine BEGIN (implicit)
2025-08-15 13:38:36,117 - sqlalchemy.engine.Engine - INFO - BEGIN (implicit)
2025-08-15 13:38:36,117 INFO sqlalchemy.engine.Engine SELECT 1
2025-08-15 13:38:36,117 - sqlalchemy.engine.Engine - INFO - SELECT 1
2025-08-15 13:38:36,118 INFO sqlalchemy.engine.Engine [cached since 71.12s ago] {}
2025-08-15 13:38:36,118 - sqlalchemy.engine.Engine - INFO - [cached since 71.12s ago] {}
2025-08-15 13:38:37,137 INFO sqlalchemy.engine.Engine BEGIN (implicit)
2025-08-15 13:38:37,137 - sqlalchemy.engine.Engine - INFO - BEGIN (implicit)
2025-08-15 13:38:37,137 INFO sqlalchemy.engine.Engine SELECT 1
2025-08-15 13:38:37,137 - sqlalchemy.engine.Engine - INFO - SELECT 1
2025-08-15 13:38:37,137 INFO sqlalchemy.engine.Engine [cached since 72.14s ago] {}
2025-08-15 13:38:37,137 - sqlalchemy.engine.Engine - INFO - [cached since 72.14s ago] {}
2025-08-15 13:38:39,167 INFO sqlalchemy.engine.Engine BEGIN (implicit)
2025-08-15 13:38:39,167 - sqlalchemy.engine.Engine - INFO - BEGIN (implicit)
2025-08-15 13:38:39,167 INFO sqlalchemy.engine.Engine SELECT 1
2025-08-15 13:38:39,167 - sqlalchemy.engine.Engine - INFO - SELECT 1
2025-08-15 13:38:39,167 INFO sqlalchemy.engine.Engine [cached since 74.17s ago] {}
2025-08-15 13:38:39,167 - sqlalchemy.engine.Engine - INFO - [cached since 74.17s ago] {}
2025-08-15 13:38:40,186 INFO sqlalchemy.engine.Engine BEGIN (implicit)
2025-08-15 13:38:40,186 - sqlalchemy.engine.Engine - INFO - BEGIN (implicit)
2025-08-15 13:38:40,187 INFO sqlalchemy.engine.Engine SELECT 1
2025-08-15 13:38:40,187 - sqlalchemy.engine.Engine - INFO - SELECT 1
2025-08-15 13:38:40,187 INFO sqlalchemy.engine.Engine [cached since 75.19s ago] {}
2025-08-15 13:38:40,187 - sqlalchemy.engine.Engine - INFO - [cached since 75.19s ago] {}
2025-08-15 13:39:11,206 INFO sqlalchemy.engine.Engine BEGIN (implicit)
2025-08-15 13:39:11,206 - sqlalchemy.engine.Engine - INFO - BEGIN (implicit)
2025-08-15 13:39:11,207 INFO sqlalchemy.engine.Engine SELECT 1
2025-08-15 13:39:11,207 - sqlalchemy.engine.Engine - INFO - SELECT 1
2025-08-15 13:39:11,207 INFO sqlalchemy.engine.Engine [cached since 106.2s ago] {}
2025-08-15 13:39:11,207 - sqlalchemy.engine.Engine - INFO - [cached since 106.2s ago] {}
2025-08-15 13:39:12,226 INFO sqlalchemy.engine.Engine BEGIN (implicit)
2025-08-15 13:39:12,226 - sqlalchemy.engine.Engine - INFO - BEGIN (implicit)
2025-08-15 13:39:12,227 INFO sqlalchemy.engine.Engine SELECT 1
2025-08-15 13:39:12,227 - sqlalchemy.engine.Engine - INFO - SELECT 1
2025-08-15 13:39:12,227 INFO sqlalchemy.engine.Engine [cached since 107.2s ago] {}
2025-08-15 13:39:12,227 - sqlalchemy.engine.Engine - INFO - [cached since 107.2s ago] {}
2025-08-15 13:39:14,254 INFO sqlalchemy.engine.Engine BEGIN (implicit)
2025-08-15 13:39:14,254 - sqlalchemy.engine.Engine - INFO - BEGIN (implicit)
2025-08-15 13:39:14,254 INFO sqlalchemy.engine.Engine SELECT 1
2025-08-15 13:39:14,254 - sqlalchemy.engine.Engine - INFO - SELECT 1
2025-08-15 13:39:14,254 INFO sqlalchemy.engine.Engine [cached since 109.3s ago] {}
2025-08-15 13:39:14,254 - sqlalchemy.engine.Engine - INFO - [cached since 109.3s ago] {}
2025-08-15 13:39:15,270 INFO sqlalchemy.engine.Engine BEGIN (implicit)
2025-08-15 13:39:15,270 - sqlalchemy.engine.Engine - INFO - BEGIN (implicit)
2025-08-15 13:39:15,271 INFO sqlalchemy.engine.Engine SELECT 1
2025-08-15 13:39:15,271 - sqlalchemy.engine.Engine - INFO - SELECT 1
2025-08-15 13:39:15,271 INFO sqlalchemy.engine.Engine [cached since 110.3s ago] {}
2025-08-15 13:39:15,271 - sqlalchemy.engine.Engine - INFO - [cached since 110.3s ago] {}
2025-08-15 13:39:29,078 - error_collector - ERROR - {"timestamp": "2025-08-15T13:39:29.078195", "level": "warning", "category": "system", "message": "服务 database 已降级至 moderate 级别", "exception_type": "CustomError", "stack_trace": "  File \"<string>\", line 1, in <module>\n    from multiprocessing.spawn import spawn_main; spawn_main(tracker_fd=5, pipe_handle=7)\n  File \"/opt/homebrew/Cellar/python@3.13/3.13.5/Frameworks/Python.framework/Versions/3.13/lib/python3.13/multiprocessing/spawn.py\", line 122, in spawn_main\n    exitcode = _main(fd, parent_sentinel)\n  File \"/opt/homebrew/Cellar/python@3.13/3.13.5/Frameworks/Python.framework/Versions/3.13/lib/python3.13/multiprocessing/spawn.py\", line 135, in _main\n    return self._bootstrap(parent_sentinel)\n  File \"/opt/homebrew/Cellar/python@3.13/3.13.5/Frameworks/Python.framework/Versions/3.13/lib/python3.13/multiprocessing/process.py\", line 313, in _bootstrap\n    self.run()\n  File \"/opt/homebrew/Cellar/python@3.13/3.13.5/Frameworks/Python.framework/Versions/3.13/lib/python3.13/multiprocessing/process.py\", line 108, in run\n    self._target(*self._args, **self._kwargs)\n  File \"/Users/zhongxuan/Desktop/demo3/qlib-web/backend/venv/lib/python3.13/site-packages/uvicorn/_subprocess.py\", line 80, in subprocess_started\n    target(sockets=sockets)\n  File \"/Users/zhongxuan/Desktop/demo3/qlib-web/backend/venv/lib/python3.13/site-packages/uvicorn/server.py\", line 67, in run\n    return asyncio.run(self.serve(sockets=sockets))\n  File \"/opt/homebrew/Cellar/python@3.13/3.13.5/Frameworks/Python.framework/Versions/3.13/lib/python3.13/asyncio/runners.py\", line 195, in run\n    return runner.run(main)\n  File \"/opt/homebrew/Cellar/python@3.13/3.13.5/Frameworks/Python.framework/Versions/3.13/lib/python3.13/asyncio/runners.py\", line 118, in run\n    return self._loop.run_until_complete(task)\n  File \"/opt/homebrew/Cellar/python@3.13/3.13.5/Frameworks/Python.framework/Versions/3.13/lib/python3.13/asyncio/base_events.py\", line 712, in run_until_complete\n    self.run_forever()\n  File \"/opt/homebrew/Cellar/python@3.13/3.13.5/Frameworks/Python.framework/Versions/3.13/lib/python3.13/asyncio/base_events.py\", line 683, in run_forever\n    self._run_once()\n  File \"/opt/homebrew/Cellar/python@3.13/3.13.5/Frameworks/Python.framework/Versions/3.13/lib/python3.13/asyncio/base_events.py\", line 2042, in _run_once\n    handle._run()\n  File \"/opt/homebrew/Cellar/python@3.13/3.13.5/Frameworks/Python.framework/Versions/3.13/lib/python3.13/asyncio/events.py\", line 89, in _run\n    self._context.run(self._callback, *self._args)\n  File \"/Users/zhongxuan/Desktop/demo3/qlib-web/backend/app/services/graceful_degradation_service.py\", line 344, in _monitoring_loop\n    await self._apply_degradation_rules()\n  File \"/Users/zhongxuan/Desktop/demo3/qlib-web/backend/app/services/graceful_degradation_service.py\", line 414, in _apply_degradation_rules\n    await self._apply_degradation(rule, service_status)\n  File \"/Users/zhongxuan/Desktop/demo3/qlib-web/backend/app/services/graceful_degradation_service.py\", line 461, in _apply_degradation\n    error_logging_service.log_warning(\n  File \"/Users/zhongxuan/Desktop/demo3/qlib-web/backend/app/services/error_logging_service.py\", line 409, in log_warning\n    return self.collector.collect_custom_error(\n  File \"/Users/zhongxuan/Desktop/demo3/qlib-web/backend/app/services/error_logging_service.py\", line 304, in collect_custom_error\n    stack_trace = ''.join(traceback.format_stack())\n", "request_id": null, "user_id": null, "endpoint": null, "method": null, "user_agent": null, "ip_address": null, "additional_context": {}}
2025-08-15 13:39:46,297 INFO sqlalchemy.engine.Engine BEGIN (implicit)
2025-08-15 13:39:46,297 - sqlalchemy.engine.Engine - INFO - BEGIN (implicit)
2025-08-15 13:39:46,299 INFO sqlalchemy.engine.Engine SELECT 1
2025-08-15 13:39:46,299 - sqlalchemy.engine.Engine - INFO - SELECT 1
2025-08-15 13:39:46,299 INFO sqlalchemy.engine.Engine [cached since 141.3s ago] {}
2025-08-15 13:39:46,299 - sqlalchemy.engine.Engine - INFO - [cached since 141.3s ago] {}
2025-08-15 13:39:47,320 INFO sqlalchemy.engine.Engine BEGIN (implicit)
2025-08-15 13:39:47,320 - sqlalchemy.engine.Engine - INFO - BEGIN (implicit)
2025-08-15 13:39:47,320 INFO sqlalchemy.engine.Engine SELECT 1
2025-08-15 13:39:47,320 - sqlalchemy.engine.Engine - INFO - SELECT 1
2025-08-15 13:39:47,320 INFO sqlalchemy.engine.Engine [cached since 142.3s ago] {}
2025-08-15 13:39:47,320 - sqlalchemy.engine.Engine - INFO - [cached since 142.3s ago] {}
2025-08-15 13:39:49,344 INFO sqlalchemy.engine.Engine BEGIN (implicit)
2025-08-15 13:39:49,344 - sqlalchemy.engine.Engine - INFO - BEGIN (implicit)
2025-08-15 13:39:49,344 INFO sqlalchemy.engine.Engine SELECT 1
2025-08-15 13:39:49,344 - sqlalchemy.engine.Engine - INFO - SELECT 1
2025-08-15 13:39:49,344 INFO sqlalchemy.engine.Engine [cached since 144.3s ago] {}
2025-08-15 13:39:49,344 - sqlalchemy.engine.Engine - INFO - [cached since 144.3s ago] {}
2025-08-15 13:39:50,366 INFO sqlalchemy.engine.Engine BEGIN (implicit)
2025-08-15 13:39:50,366 - sqlalchemy.engine.Engine - INFO - BEGIN (implicit)
2025-08-15 13:39:50,366 INFO sqlalchemy.engine.Engine SELECT 1
2025-08-15 13:39:50,366 - sqlalchemy.engine.Engine - INFO - SELECT 1
2025-08-15 13:39:50,367 INFO sqlalchemy.engine.Engine [cached since 145.4s ago] {}
2025-08-15 13:39:50,367 - sqlalchemy.engine.Engine - INFO - [cached since 145.4s ago] {}
2025-08-15 13:40:21,392 INFO sqlalchemy.engine.Engine BEGIN (implicit)
2025-08-15 13:40:21,392 - sqlalchemy.engine.Engine - INFO - BEGIN (implicit)
2025-08-15 13:40:21,394 INFO sqlalchemy.engine.Engine SELECT 1
2025-08-15 13:40:21,394 - sqlalchemy.engine.Engine - INFO - SELECT 1
2025-08-15 13:40:21,394 INFO sqlalchemy.engine.Engine [cached since 176.4s ago] {}
2025-08-15 13:40:21,394 - sqlalchemy.engine.Engine - INFO - [cached since 176.4s ago] {}
2025-08-15 13:40:22,409 INFO sqlalchemy.engine.Engine BEGIN (implicit)
2025-08-15 13:40:22,409 - sqlalchemy.engine.Engine - INFO - BEGIN (implicit)
2025-08-15 13:40:22,410 INFO sqlalchemy.engine.Engine SELECT 1
2025-08-15 13:40:22,410 - sqlalchemy.engine.Engine - INFO - SELECT 1
2025-08-15 13:40:22,410 INFO sqlalchemy.engine.Engine [cached since 177.4s ago] {}
2025-08-15 13:40:22,410 - sqlalchemy.engine.Engine - INFO - [cached since 177.4s ago] {}
2025-08-15 13:40:24,433 INFO sqlalchemy.engine.Engine BEGIN (implicit)
2025-08-15 13:40:24,433 - sqlalchemy.engine.Engine - INFO - BEGIN (implicit)
2025-08-15 13:40:24,434 INFO sqlalchemy.engine.Engine SELECT 1
2025-08-15 13:40:24,434 - sqlalchemy.engine.Engine - INFO - SELECT 1
2025-08-15 13:40:24,434 INFO sqlalchemy.engine.Engine [cached since 179.4s ago] {}
2025-08-15 13:40:24,434 - sqlalchemy.engine.Engine - INFO - [cached since 179.4s ago] {}
2025-08-15 13:40:25,449 INFO sqlalchemy.engine.Engine BEGIN (implicit)
2025-08-15 13:40:25,449 - sqlalchemy.engine.Engine - INFO - BEGIN (implicit)
2025-08-15 13:40:25,449 INFO sqlalchemy.engine.Engine SELECT 1
2025-08-15 13:40:25,449 - sqlalchemy.engine.Engine - INFO - SELECT 1
2025-08-15 13:40:25,449 INFO sqlalchemy.engine.Engine [cached since 180.5s ago] {}
2025-08-15 13:40:25,449 - sqlalchemy.engine.Engine - INFO - [cached since 180.5s ago] {}
2025-08-15 13:40:56,482 INFO sqlalchemy.engine.Engine BEGIN (implicit)
2025-08-15 13:40:56,482 - sqlalchemy.engine.Engine - INFO - BEGIN (implicit)
2025-08-15 13:40:56,484 INFO sqlalchemy.engine.Engine SELECT 1
2025-08-15 13:40:56,484 - sqlalchemy.engine.Engine - INFO - SELECT 1
2025-08-15 13:40:56,484 INFO sqlalchemy.engine.Engine [cached since 211.5s ago] {}
2025-08-15 13:40:56,484 - sqlalchemy.engine.Engine - INFO - [cached since 211.5s ago] {}
2025-08-15 13:40:57,502 INFO sqlalchemy.engine.Engine BEGIN (implicit)
2025-08-15 13:40:57,502 - sqlalchemy.engine.Engine - INFO - BEGIN (implicit)
2025-08-15 13:40:57,502 INFO sqlalchemy.engine.Engine SELECT 1
2025-08-15 13:40:57,502 - sqlalchemy.engine.Engine - INFO - SELECT 1
2025-08-15 13:40:57,503 INFO sqlalchemy.engine.Engine [cached since 212.5s ago] {}
2025-08-15 13:40:57,503 - sqlalchemy.engine.Engine - INFO - [cached since 212.5s ago] {}
2025-08-15 13:40:59,549 INFO sqlalchemy.engine.Engine BEGIN (implicit)
2025-08-15 13:40:59,549 - sqlalchemy.engine.Engine - INFO - BEGIN (implicit)
2025-08-15 13:40:59,549 INFO sqlalchemy.engine.Engine SELECT 1
2025-08-15 13:40:59,549 - sqlalchemy.engine.Engine - INFO - SELECT 1
2025-08-15 13:40:59,549 INFO sqlalchemy.engine.Engine [cached since 214.6s ago] {}
2025-08-15 13:40:59,549 - sqlalchemy.engine.Engine - INFO - [cached since 214.6s ago] {}
2025-08-15 13:41:00,552 INFO sqlalchemy.engine.Engine BEGIN (implicit)
2025-08-15 13:41:00,552 - sqlalchemy.engine.Engine - INFO - BEGIN (implicit)
2025-08-15 13:41:00,552 INFO sqlalchemy.engine.Engine SELECT 1
2025-08-15 13:41:00,552 - sqlalchemy.engine.Engine - INFO - SELECT 1
2025-08-15 13:41:00,552 INFO sqlalchemy.engine.Engine [cached since 215.6s ago] {}
2025-08-15 13:41:00,552 - sqlalchemy.engine.Engine - INFO - [cached since 215.6s ago] {}
2025-08-15 13:41:30,038 - error_collector - ERROR - {"timestamp": "2025-08-15T13:41:30.037207", "level": "warning", "category": "system", "message": "服务 database 已自动恢复正常", "exception_type": "CustomError", "stack_trace": "  File \"<string>\", line 1, in <module>\n    from multiprocessing.spawn import spawn_main; spawn_main(tracker_fd=5, pipe_handle=7)\n  File \"/opt/homebrew/Cellar/python@3.13/3.13.5/Frameworks/Python.framework/Versions/3.13/lib/python3.13/multiprocessing/spawn.py\", line 122, in spawn_main\n    exitcode = _main(fd, parent_sentinel)\n  File \"/opt/homebrew/Cellar/python@3.13/3.13.5/Frameworks/Python.framework/Versions/3.13/lib/python3.13/multiprocessing/spawn.py\", line 135, in _main\n    return self._bootstrap(parent_sentinel)\n  File \"/opt/homebrew/Cellar/python@3.13/3.13.5/Frameworks/Python.framework/Versions/3.13/lib/python3.13/multiprocessing/process.py\", line 313, in _bootstrap\n    self.run()\n  File \"/opt/homebrew/Cellar/python@3.13/3.13.5/Frameworks/Python.framework/Versions/3.13/lib/python3.13/multiprocessing/process.py\", line 108, in run\n    self._target(*self._args, **self._kwargs)\n  File \"/Users/zhongxuan/Desktop/demo3/qlib-web/backend/venv/lib/python3.13/site-packages/uvicorn/_subprocess.py\", line 80, in subprocess_started\n    target(sockets=sockets)\n  File \"/Users/zhongxuan/Desktop/demo3/qlib-web/backend/venv/lib/python3.13/site-packages/uvicorn/server.py\", line 67, in run\n    return asyncio.run(self.serve(sockets=sockets))\n  File \"/opt/homebrew/Cellar/python@3.13/3.13.5/Frameworks/Python.framework/Versions/3.13/lib/python3.13/asyncio/runners.py\", line 195, in run\n    return runner.run(main)\n  File \"/opt/homebrew/Cellar/python@3.13/3.13.5/Frameworks/Python.framework/Versions/3.13/lib/python3.13/asyncio/runners.py\", line 118, in run\n    return self._loop.run_until_complete(task)\n  File \"/opt/homebrew/Cellar/python@3.13/3.13.5/Frameworks/Python.framework/Versions/3.13/lib/python3.13/asyncio/base_events.py\", line 712, in run_until_complete\n    self.run_forever()\n  File \"/opt/homebrew/Cellar/python@3.13/3.13.5/Frameworks/Python.framework/Versions/3.13/lib/python3.13/asyncio/base_events.py\", line 683, in run_forever\n    self._run_once()\n  File \"/opt/homebrew/Cellar/python@3.13/3.13.5/Frameworks/Python.framework/Versions/3.13/lib/python3.13/asyncio/base_events.py\", line 2042, in _run_once\n    handle._run()\n  File \"/opt/homebrew/Cellar/python@3.13/3.13.5/Frameworks/Python.framework/Versions/3.13/lib/python3.13/asyncio/events.py\", line 89, in _run\n    self._context.run(self._callback, *self._args)\n  File \"/Users/zhongxuan/Desktop/demo3/qlib-web/backend/app/services/graceful_degradation_service.py\", line 344, in _monitoring_loop\n    await self._apply_degradation_rules()\n  File \"/Users/zhongxuan/Desktop/demo3/qlib-web/backend/app/services/graceful_degradation_service.py\", line 418, in _apply_degradation_rules\n    await self._attempt_service_recovery(rule, service_status)\n  File \"/Users/zhongxuan/Desktop/demo3/qlib-web/backend/app/services/graceful_degradation_service.py\", line 502, in _attempt_service_recovery\n    error_logging_service.log_warning(\n  File \"/Users/zhongxuan/Desktop/demo3/qlib-web/backend/app/services/error_logging_service.py\", line 409, in log_warning\n    return self.collector.collect_custom_error(\n  File \"/Users/zhongxuan/Desktop/demo3/qlib-web/backend/app/services/error_logging_service.py\", line 304, in collect_custom_error\n    stack_trace = ''.join(traceback.format_stack())\n", "request_id": null, "user_id": null, "endpoint": null, "method": null, "user_agent": null, "ip_address": null, "additional_context": {}}
2025-08-15 13:41:31,559 INFO sqlalchemy.engine.Engine BEGIN (implicit)
2025-08-15 13:41:31,559 - sqlalchemy.engine.Engine - INFO - BEGIN (implicit)
2025-08-15 13:41:31,560 INFO sqlalchemy.engine.Engine SELECT 1
2025-08-15 13:41:31,560 - sqlalchemy.engine.Engine - INFO - SELECT 1
2025-08-15 13:41:31,560 INFO sqlalchemy.engine.Engine [cached since 246.6s ago] {}
2025-08-15 13:41:31,560 - sqlalchemy.engine.Engine - INFO - [cached since 246.6s ago] {}
2025-08-15 13:41:32,570 INFO sqlalchemy.engine.Engine BEGIN (implicit)
2025-08-15 13:41:32,570 - sqlalchemy.engine.Engine - INFO - BEGIN (implicit)
2025-08-15 13:41:32,570 INFO sqlalchemy.engine.Engine SELECT 1
2025-08-15 13:41:32,570 - sqlalchemy.engine.Engine - INFO - SELECT 1
2025-08-15 13:41:32,570 INFO sqlalchemy.engine.Engine [cached since 247.6s ago] {}
2025-08-15 13:41:32,570 - sqlalchemy.engine.Engine - INFO - [cached since 247.6s ago] {}
2025-08-15 13:41:34,579 INFO sqlalchemy.engine.Engine BEGIN (implicit)
2025-08-15 13:41:34,579 - sqlalchemy.engine.Engine - INFO - BEGIN (implicit)
2025-08-15 13:41:34,580 INFO sqlalchemy.engine.Engine SELECT 1
2025-08-15 13:41:34,580 - sqlalchemy.engine.Engine - INFO - SELECT 1
2025-08-15 13:41:34,580 INFO sqlalchemy.engine.Engine [cached since 249.6s ago] {}
2025-08-15 13:41:34,580 - sqlalchemy.engine.Engine - INFO - [cached since 249.6s ago] {}
2025-08-15 13:41:35,585 INFO sqlalchemy.engine.Engine BEGIN (implicit)
2025-08-15 13:41:35,585 - sqlalchemy.engine.Engine - INFO - BEGIN (implicit)
2025-08-15 13:41:35,585 INFO sqlalchemy.engine.Engine SELECT 1
2025-08-15 13:41:35,585 - sqlalchemy.engine.Engine - INFO - SELECT 1
2025-08-15 13:41:35,585 INFO sqlalchemy.engine.Engine [cached since 250.6s ago] {}
2025-08-15 13:41:35,585 - sqlalchemy.engine.Engine - INFO - [cached since 250.6s ago] {}
2025-08-15 13:42:06,594 INFO sqlalchemy.engine.Engine BEGIN (implicit)
2025-08-15 13:42:06,594 - sqlalchemy.engine.Engine - INFO - BEGIN (implicit)
2025-08-15 13:42:06,595 INFO sqlalchemy.engine.Engine SELECT 1
2025-08-15 13:42:06,595 - sqlalchemy.engine.Engine - INFO - SELECT 1
2025-08-15 13:42:06,595 INFO sqlalchemy.engine.Engine [cached since 281.6s ago] {}
2025-08-15 13:42:06,595 - sqlalchemy.engine.Engine - INFO - [cached since 281.6s ago] {}
2025-08-15 13:42:07,602 INFO sqlalchemy.engine.Engine BEGIN (implicit)
2025-08-15 13:42:07,602 - sqlalchemy.engine.Engine - INFO - BEGIN (implicit)
2025-08-15 13:42:07,602 INFO sqlalchemy.engine.Engine SELECT 1
2025-08-15 13:42:07,602 - sqlalchemy.engine.Engine - INFO - SELECT 1
2025-08-15 13:42:07,602 INFO sqlalchemy.engine.Engine [cached since 282.6s ago] {}
2025-08-15 13:42:07,602 - sqlalchemy.engine.Engine - INFO - [cached since 282.6s ago] {}
2025-08-15 13:42:09,610 INFO sqlalchemy.engine.Engine BEGIN (implicit)
2025-08-15 13:42:09,610 - sqlalchemy.engine.Engine - INFO - BEGIN (implicit)
2025-08-15 13:42:09,610 INFO sqlalchemy.engine.Engine SELECT 1
2025-08-15 13:42:09,610 - sqlalchemy.engine.Engine - INFO - SELECT 1
2025-08-15 13:42:09,610 INFO sqlalchemy.engine.Engine [cached since 284.6s ago] {}
2025-08-15 13:42:09,610 - sqlalchemy.engine.Engine - INFO - [cached since 284.6s ago] {}
2025-08-15 13:42:10,615 INFO sqlalchemy.engine.Engine BEGIN (implicit)
2025-08-15 13:42:10,615 - sqlalchemy.engine.Engine - INFO - BEGIN (implicit)
2025-08-15 13:42:10,620 INFO sqlalchemy.engine.Engine SELECT 1
2025-08-15 13:42:10,620 - sqlalchemy.engine.Engine - INFO - SELECT 1
2025-08-15 13:42:10,624 INFO sqlalchemy.engine.Engine [cached since 285.6s ago] {}
2025-08-15 13:42:10,624 - sqlalchemy.engine.Engine - INFO - [cached since 285.6s ago] {}
2025-08-15 13:42:27.909 | INFO     | app.main:add_request_id:151 - Request completed: GET / Status: 401 Time: 0.001s ID: 5b5db159-ea2a-4a7d-899e-d464768ea725
INFO:     127.0.0.1:61042 - "GET / HTTP/1.1" 401 Unauthorized
2025-08-15 13:42:41,651 INFO sqlalchemy.engine.Engine BEGIN (implicit)
2025-08-15 13:42:41,651 - sqlalchemy.engine.Engine - INFO - BEGIN (implicit)
2025-08-15 13:42:41,654 INFO sqlalchemy.engine.Engine SELECT 1
2025-08-15 13:42:41,654 - sqlalchemy.engine.Engine - INFO - SELECT 1
2025-08-15 13:42:41,654 INFO sqlalchemy.engine.Engine [cached since 316.7s ago] {}
2025-08-15 13:42:41,654 - sqlalchemy.engine.Engine - INFO - [cached since 316.7s ago] {}
2025-08-15 13:42:42,680 INFO sqlalchemy.engine.Engine BEGIN (implicit)
2025-08-15 13:42:42,680 - sqlalchemy.engine.Engine - INFO - BEGIN (implicit)
2025-08-15 13:42:42,681 INFO sqlalchemy.engine.Engine SELECT 1
2025-08-15 13:42:42,681 - sqlalchemy.engine.Engine - INFO - SELECT 1
2025-08-15 13:42:42,681 INFO sqlalchemy.engine.Engine [cached since 317.7s ago] {}
2025-08-15 13:42:42,681 - sqlalchemy.engine.Engine - INFO - [cached since 317.7s ago] {}
WARNING:  WatchFiles detected changes in 'run_simple_tests.py'. Reloading...
2025-08-15 13:42:44,701 INFO sqlalchemy.engine.Engine BEGIN (implicit)
2025-08-15 13:42:44,701 - sqlalchemy.engine.Engine - INFO - BEGIN (implicit)
2025-08-15 13:42:44,702 INFO sqlalchemy.engine.Engine SELECT 1
2025-08-15 13:42:44,702 - sqlalchemy.engine.Engine - INFO - SELECT 1
2025-08-15 13:42:44,702 INFO sqlalchemy.engine.Engine [cached since 319.7s ago] {}
2025-08-15 13:42:44,702 - sqlalchemy.engine.Engine - INFO - [cached since 319.7s ago] {}
2025-08-15 13:42:45,720 INFO sqlalchemy.engine.Engine BEGIN (implicit)
2025-08-15 13:42:45,720 - sqlalchemy.engine.Engine - INFO - BEGIN (implicit)
2025-08-15 13:42:45,721 INFO sqlalchemy.engine.Engine SELECT 1
2025-08-15 13:42:45,721 - sqlalchemy.engine.Engine - INFO - SELECT 1
2025-08-15 13:42:45,721 INFO sqlalchemy.engine.Engine [cached since 320.7s ago] {}
2025-08-15 13:42:45,721 - sqlalchemy.engine.Engine - INFO - [cached since 320.7s ago] {}
INFO:     Shutting down
INFO:     Waiting for application shutdown.
2025-08-15 13:42:46,726 - error_collector - ERROR - {"timestamp": "2025-08-15T13:42:46.725854", "level": "warning", "category": "system", "message": "自动恢复成功: database - 服务 database 重启成功", "exception_type": "CustomError", "stack_trace": "  File \"<string>\", line 1, in <module>\n    from multiprocessing.spawn import spawn_main; spawn_main(tracker_fd=5, pipe_handle=7)\n  File \"/opt/homebrew/Cellar/python@3.13/3.13.5/Frameworks/Python.framework/Versions/3.13/lib/python3.13/multiprocessing/spawn.py\", line 122, in spawn_main\n    exitcode = _main(fd, parent_sentinel)\n  File \"/opt/homebrew/Cellar/python@3.13/3.13.5/Frameworks/Python.framework/Versions/3.13/lib/python3.13/multiprocessing/spawn.py\", line 135, in _main\n    return self._bootstrap(parent_sentinel)\n  File \"/opt/homebrew/Cellar/python@3.13/3.13.5/Frameworks/Python.framework/Versions/3.13/lib/python3.13/multiprocessing/process.py\", line 313, in _bootstrap\n    self.run()\n  File \"/opt/homebrew/Cellar/python@3.13/3.13.5/Frameworks/Python.framework/Versions/3.13/lib/python3.13/multiprocessing/process.py\", line 108, in run\n    self._target(*self._args, **self._kwargs)\n  File \"/Users/zhongxuan/Desktop/demo3/qlib-web/backend/venv/lib/python3.13/site-packages/uvicorn/_subprocess.py\", line 80, in subprocess_started\n    target(sockets=sockets)\n  File \"/Users/zhongxuan/Desktop/demo3/qlib-web/backend/venv/lib/python3.13/site-packages/uvicorn/server.py\", line 67, in run\n    return asyncio.run(self.serve(sockets=sockets))\n  File \"/opt/homebrew/Cellar/python@3.13/3.13.5/Frameworks/Python.framework/Versions/3.13/lib/python3.13/asyncio/runners.py\", line 195, in run\n    return runner.run(main)\n  File \"/opt/homebrew/Cellar/python@3.13/3.13.5/Frameworks/Python.framework/Versions/3.13/lib/python3.13/asyncio/runners.py\", line 118, in run\n    return self._loop.run_until_complete(task)\n  File \"/opt/homebrew/Cellar/python@3.13/3.13.5/Frameworks/Python.framework/Versions/3.13/lib/python3.13/asyncio/base_events.py\", line 712, in run_until_complete\n    self.run_forever()\n  File \"/opt/homebrew/Cellar/python@3.13/3.13.5/Frameworks/Python.framework/Versions/3.13/lib/python3.13/asyncio/base_events.py\", line 683, in run_forever\n    self._run_once()\n  File \"/opt/homebrew/Cellar/python@3.13/3.13.5/Frameworks/Python.framework/Versions/3.13/lib/python3.13/asyncio/base_events.py\", line 2042, in _run_once\n    handle._run()\n  File \"/opt/homebrew/Cellar/python@3.13/3.13.5/Frameworks/Python.framework/Versions/3.13/lib/python3.13/asyncio/events.py\", line 89, in _run\n    self._context.run(self._callback, *self._args)\n  File \"/Users/zhongxuan/Desktop/demo3/qlib-web/backend/app/services/fault_recovery_service.py\", line 417, in _monitor_loop\n    await self._apply_recovery_rules()\n  File \"/Users/zhongxuan/Desktop/demo3/qlib-web/backend/app/services/fault_recovery_service.py\", line 462, in _apply_recovery_rules\n    await self._execute_recovery_rule(rule, service_name, health)\n  File \"/Users/zhongxuan/Desktop/demo3/qlib-web/backend/app/services/fault_recovery_service.py\", line 538, in _execute_recovery_rule\n    error_logging_service.log_warning(\n  File \"/Users/zhongxuan/Desktop/demo3/qlib-web/backend/app/services/error_logging_service.py\", line 409, in log_warning\n    return self.collector.collect_custom_error(\n  File \"/Users/zhongxuan/Desktop/demo3/qlib-web/backend/app/services/error_logging_service.py\", line 304, in collect_custom_error\n    stack_trace = ''.join(traceback.format_stack())\n", "request_id": null, "user_id": null, "endpoint": null, "method": null, "user_agent": null, "ip_address": null, "additional_context": {}}
2025-08-15 13:42:46.726 | INFO     | app.main:lifespan:62 - Shutting down APM service...
2025-08-15 13:42:46.727 | INFO     | app.main:lifespan:65 - Shutting down fault recovery service...
2025-08-15 13:42:46.727 | INFO     | app.main:lifespan:68 - Shutting down graceful degradation service...
2025-08-15 13:42:46.727 | INFO     | app.main:lifespan:71 - Application shutdown complete
INFO:     Application shutdown complete.
INFO:     Finished server process [35909]
INFO:     Started server process [42841]
INFO:     Waiting for application startup.
2025-08-15 13:42:48.518 | INFO     | app.main:lifespan:27 - Starting Qlib Web Console API v1.0.0
2025-08-15 13:42:48.519 | INFO     | app.main:lifespan:30 - Initializing database...
2025-08-15 13:42:48,530 INFO sqlalchemy.engine.Engine SELECT DATABASE()
2025-08-15 13:42:48,530 - sqlalchemy.engine.Engine - INFO - SELECT DATABASE()
2025-08-15 13:42:48,530 INFO sqlalchemy.engine.Engine [raw sql] {}
2025-08-15 13:42:48,530 - sqlalchemy.engine.Engine - INFO - [raw sql] {}
2025-08-15 13:42:48,532 INFO sqlalchemy.engine.Engine SELECT @@sql_mode
2025-08-15 13:42:48,532 - sqlalchemy.engine.Engine - INFO - SELECT @@sql_mode
2025-08-15 13:42:48,532 INFO sqlalchemy.engine.Engine [raw sql] {}
2025-08-15 13:42:48,532 - sqlalchemy.engine.Engine - INFO - [raw sql] {}
2025-08-15 13:42:48,533 INFO sqlalchemy.engine.Engine SELECT @@lower_case_table_names
2025-08-15 13:42:48,533 - sqlalchemy.engine.Engine - INFO - SELECT @@lower_case_table_names
2025-08-15 13:42:48,533 INFO sqlalchemy.engine.Engine [raw sql] {}
2025-08-15 13:42:48,533 - sqlalchemy.engine.Engine - INFO - [raw sql] {}
2025-08-15 13:42:48,534 INFO sqlalchemy.engine.Engine BEGIN (implicit)
2025-08-15 13:42:48,534 - sqlalchemy.engine.Engine - INFO - BEGIN (implicit)
2025-08-15 13:42:48,534 INFO sqlalchemy.engine.Engine DESCRIBE `qlib_web`.`qlib_experiments`
2025-08-15 13:42:48,534 - sqlalchemy.engine.Engine - INFO - DESCRIBE `qlib_web`.`qlib_experiments`
2025-08-15 13:42:48,534 INFO sqlalchemy.engine.Engine [raw sql] {}
2025-08-15 13:42:48,534 - sqlalchemy.engine.Engine - INFO - [raw sql] {}
2025-08-15 13:42:48,539 INFO sqlalchemy.engine.Engine DESCRIBE `qlib_web`.`qlib_tasks`
2025-08-15 13:42:48,539 - sqlalchemy.engine.Engine - INFO - DESCRIBE `qlib_web`.`qlib_tasks`
2025-08-15 13:42:48,539 INFO sqlalchemy.engine.Engine [raw sql] {}
2025-08-15 13:42:48,539 - sqlalchemy.engine.Engine - INFO - [raw sql] {}
2025-08-15 13:42:48,540 INFO sqlalchemy.engine.Engine DESCRIBE `qlib_web`.`user_team_association`
2025-08-15 13:42:48,540 - sqlalchemy.engine.Engine - INFO - DESCRIBE `qlib_web`.`user_team_association`
2025-08-15 13:42:48,540 INFO sqlalchemy.engine.Engine [raw sql] {}
2025-08-15 13:42:48,540 - sqlalchemy.engine.Engine - INFO - [raw sql] {}
2025-08-15 13:42:48,541 INFO sqlalchemy.engine.Engine DESCRIBE `qlib_web`.`users`
2025-08-15 13:42:48,541 - sqlalchemy.engine.Engine - INFO - DESCRIBE `qlib_web`.`users`
2025-08-15 13:42:48,541 INFO sqlalchemy.engine.Engine [raw sql] {}
2025-08-15 13:42:48,541 - sqlalchemy.engine.Engine - INFO - [raw sql] {}
2025-08-15 13:42:48,542 INFO sqlalchemy.engine.Engine DESCRIBE `qlib_web`.`teams`
2025-08-15 13:42:48,542 - sqlalchemy.engine.Engine - INFO - DESCRIBE `qlib_web`.`teams`
2025-08-15 13:42:48,542 INFO sqlalchemy.engine.Engine [raw sql] {}
2025-08-15 13:42:48,542 - sqlalchemy.engine.Engine - INFO - [raw sql] {}
2025-08-15 13:42:48,544 INFO sqlalchemy.engine.Engine DESCRIBE `qlib_web`.`user_sessions`
2025-08-15 13:42:48,544 - sqlalchemy.engine.Engine - INFO - DESCRIBE `qlib_web`.`user_sessions`
2025-08-15 13:42:48,544 INFO sqlalchemy.engine.Engine [raw sql] {}
2025-08-15 13:42:48,544 - sqlalchemy.engine.Engine - INFO - [raw sql] {}
2025-08-15 13:42:48,545 INFO sqlalchemy.engine.Engine DESCRIBE `qlib_web`.`password_reset_tokens`
2025-08-15 13:42:48,545 - sqlalchemy.engine.Engine - INFO - DESCRIBE `qlib_web`.`password_reset_tokens`
2025-08-15 13:42:48,545 INFO sqlalchemy.engine.Engine [raw sql] {}
2025-08-15 13:42:48,545 - sqlalchemy.engine.Engine - INFO - [raw sql] {}
2025-08-15 13:42:48,546 INFO sqlalchemy.engine.Engine DESCRIBE `qlib_web`.`email_verification_tokens`
2025-08-15 13:42:48,546 - sqlalchemy.engine.Engine - INFO - DESCRIBE `qlib_web`.`email_verification_tokens`
2025-08-15 13:42:48,546 INFO sqlalchemy.engine.Engine [raw sql] {}
2025-08-15 13:42:48,546 - sqlalchemy.engine.Engine - INFO - [raw sql] {}
2025-08-15 13:42:48,547 INFO sqlalchemy.engine.Engine DESCRIBE `qlib_web`.`experiment_templates`
2025-08-15 13:42:48,547 - sqlalchemy.engine.Engine - INFO - DESCRIBE `qlib_web`.`experiment_templates`
2025-08-15 13:42:48,547 INFO sqlalchemy.engine.Engine [raw sql] {}
2025-08-15 13:42:48,547 - sqlalchemy.engine.Engine - INFO - [raw sql] {}
2025-08-15 13:42:48,548 INFO sqlalchemy.engine.Engine DESCRIBE `qlib_web`.`template_usage`
2025-08-15 13:42:48,548 - sqlalchemy.engine.Engine - INFO - DESCRIBE `qlib_web`.`template_usage`
2025-08-15 13:42:48,548 INFO sqlalchemy.engine.Engine [raw sql] {}
2025-08-15 13:42:48,548 - sqlalchemy.engine.Engine - INFO - [raw sql] {}
2025-08-15 13:42:48,549 INFO sqlalchemy.engine.Engine DESCRIBE `qlib_web`.`template_categories`
2025-08-15 13:42:48,549 - sqlalchemy.engine.Engine - INFO - DESCRIBE `qlib_web`.`template_categories`
2025-08-15 13:42:48,549 INFO sqlalchemy.engine.Engine [raw sql] {}
2025-08-15 13:42:48,549 - sqlalchemy.engine.Engine - INFO - [raw sql] {}
2025-08-15 13:42:48,551 INFO sqlalchemy.engine.Engine DESCRIBE `qlib_web`.`experiment_shares`
2025-08-15 13:42:48,551 - sqlalchemy.engine.Engine - INFO - DESCRIBE `qlib_web`.`experiment_shares`
2025-08-15 13:42:48,551 INFO sqlalchemy.engine.Engine [raw sql] {}
2025-08-15 13:42:48,551 - sqlalchemy.engine.Engine - INFO - [raw sql] {}
2025-08-15 13:42:48,552 INFO sqlalchemy.engine.Engine DESCRIBE `qlib_web`.`share_access_logs`
2025-08-15 13:42:48,552 - sqlalchemy.engine.Engine - INFO - DESCRIBE `qlib_web`.`share_access_logs`
2025-08-15 13:42:48,552 INFO sqlalchemy.engine.Engine [raw sql] {}
2025-08-15 13:42:48,552 - sqlalchemy.engine.Engine - INFO - [raw sql] {}
2025-08-15 13:42:48,553 INFO sqlalchemy.engine.Engine DESCRIBE `qlib_web`.`share_invitations`
2025-08-15 13:42:48,553 - sqlalchemy.engine.Engine - INFO - DESCRIBE `qlib_web`.`share_invitations`
2025-08-15 13:42:48,553 INFO sqlalchemy.engine.Engine [raw sql] {}
2025-08-15 13:42:48,553 - sqlalchemy.engine.Engine - INFO - [raw sql] {}
2025-08-15 13:42:48,554 INFO sqlalchemy.engine.Engine DESCRIBE `qlib_web`.`experiment_comments`
2025-08-15 13:42:48,554 - sqlalchemy.engine.Engine - INFO - DESCRIBE `qlib_web`.`experiment_comments`
2025-08-15 13:42:48,554 INFO sqlalchemy.engine.Engine [raw sql] {}
2025-08-15 13:42:48,554 - sqlalchemy.engine.Engine - INFO - [raw sql] {}
2025-08-15 13:42:48,555 INFO sqlalchemy.engine.Engine DESCRIBE `qlib_web`.`comment_likes`
2025-08-15 13:42:48,555 - sqlalchemy.engine.Engine - INFO - DESCRIBE `qlib_web`.`comment_likes`
2025-08-15 13:42:48,555 INFO sqlalchemy.engine.Engine [raw sql] {}
2025-08-15 13:42:48,555 - sqlalchemy.engine.Engine - INFO - [raw sql] {}
2025-08-15 13:42:48,555 INFO sqlalchemy.engine.Engine DESCRIBE `qlib_web`.`experiment_likes`
2025-08-15 13:42:48,555 - sqlalchemy.engine.Engine - INFO - DESCRIBE `qlib_web`.`experiment_likes`
2025-08-15 13:42:48,556 INFO sqlalchemy.engine.Engine [raw sql] {}
2025-08-15 13:42:48,556 - sqlalchemy.engine.Engine - INFO - [raw sql] {}
2025-08-15 13:42:48,556 INFO sqlalchemy.engine.Engine DESCRIBE `qlib_web`.`experiment_favorites`
2025-08-15 13:42:48,556 - sqlalchemy.engine.Engine - INFO - DESCRIBE `qlib_web`.`experiment_favorites`
2025-08-15 13:42:48,556 INFO sqlalchemy.engine.Engine [raw sql] {}
2025-08-15 13:42:48,556 - sqlalchemy.engine.Engine - INFO - [raw sql] {}
2025-08-15 13:42:48,557 INFO sqlalchemy.engine.Engine DESCRIBE `qlib_web`.`team_activities`
2025-08-15 13:42:48,557 - sqlalchemy.engine.Engine - INFO - DESCRIBE `qlib_web`.`team_activities`
2025-08-15 13:42:48,557 INFO sqlalchemy.engine.Engine [raw sql] {}
2025-08-15 13:42:48,557 - sqlalchemy.engine.Engine - INFO - [raw sql] {}
2025-08-15 13:42:48,559 INFO sqlalchemy.engine.Engine DESCRIBE `qlib_web`.`experiment_ratings`
2025-08-15 13:42:48,559 - sqlalchemy.engine.Engine - INFO - DESCRIBE `qlib_web`.`experiment_ratings`
2025-08-15 13:42:48,559 INFO sqlalchemy.engine.Engine [raw sql] {}
2025-08-15 13:42:48,559 - sqlalchemy.engine.Engine - INFO - [raw sql] {}
2025-08-15 13:42:48,560 INFO sqlalchemy.engine.Engine COMMIT
2025-08-15 13:42:48,560 - sqlalchemy.engine.Engine - INFO - COMMIT
2025-08-15 13:42:48.561 | INFO     | app.main:lifespan:34 - Starting APM service...
2025-08-15 13:42:48.561 | SUCCESS  | app.main:lifespan:36 - APM service started successfully
2025-08-15 13:42:48.561 | INFO     | app.main:lifespan:39 - Starting fault recovery service...
2025-08-15 13:42:48.561 | SUCCESS  | app.main:lifespan:41 - Fault recovery service started successfully
2025-08-15 13:42:48.561 | INFO     | app.main:lifespan:44 - Starting graceful degradation service...
2025-08-15 13:42:48.561 | SUCCESS  | app.main:lifespan:46 - Graceful degradation service started successfully
2025-08-15 13:42:48.561 | INFO     | app.main:lifespan:49 - Initializing Qlib...
[42841:MainThread](2025-08-15 13:42:48,562) INFO - qlib.Initialization - [config.py:452] - default_conf: client.
[42841:MainThread](2025-08-15 13:42:48,877) INFO - qlib.Initialization - [__init__.py:75] - qlib successfully initialized based on client settings.
[42841:MainThread](2025-08-15 13:42:48,877) INFO - qlib.Initialization - [__init__.py:77] - data_path={'__DEFAULT_FREQ': PosixPath('/Users/zhongxuan/.qlib/qlib_data/cn_data')}
2025-08-15 13:42:48.877 | SUCCESS  | app.utils.qlib_manager:init_qlib:42 - Qlib initialized successfully
2025-08-15 13:42:48.878 | WARNING  | app.utils.qlib_manager:init_qlib:49 - Data validation failed: slice(None, 5, None)
2025-08-15 13:42:48.878 | SUCCESS  | app.main:lifespan:53 - Qlib initialized successfully
2025-08-15 13:42:48.878 | SUCCESS  | app.main:lifespan:57 - Application startup complete
2025-08-15 13:42:50,890 INFO sqlalchemy.engine.Engine BEGIN (implicit)
2025-08-15 13:42:50,890 - sqlalchemy.engine.Engine - INFO - BEGIN (implicit)
2025-08-15 13:42:50,891 INFO sqlalchemy.engine.Engine SELECT 1
2025-08-15 13:42:50,891 - sqlalchemy.engine.Engine - INFO - SELECT 1
2025-08-15 13:42:50,891 INFO sqlalchemy.engine.Engine [generated in 0.00015s] {}
2025-08-15 13:42:50,891 - sqlalchemy.engine.Engine - INFO - [generated in 0.00015s] {}
2025-08-15 13:42:51,912 INFO sqlalchemy.engine.Engine BEGIN (implicit)
2025-08-15 13:42:51,912 - sqlalchemy.engine.Engine - INFO - BEGIN (implicit)
2025-08-15 13:42:51,912 INFO sqlalchemy.engine.Engine SELECT 1
2025-08-15 13:42:51,912 - sqlalchemy.engine.Engine - INFO - SELECT 1
2025-08-15 13:42:51,913 INFO sqlalchemy.engine.Engine [cached since 1.022s ago] {}
2025-08-15 13:42:51,913 - sqlalchemy.engine.Engine - INFO - [cached since 1.022s ago] {}
2025-08-15 13:42:53,931 INFO sqlalchemy.engine.Engine BEGIN (implicit)
2025-08-15 13:42:53,931 - sqlalchemy.engine.Engine - INFO - BEGIN (implicit)
2025-08-15 13:42:53,932 INFO sqlalchemy.engine.Engine SELECT 1
2025-08-15 13:42:53,932 - sqlalchemy.engine.Engine - INFO - SELECT 1
2025-08-15 13:42:53,932 INFO sqlalchemy.engine.Engine [cached since 3.041s ago] {}
2025-08-15 13:42:53,932 - sqlalchemy.engine.Engine - INFO - [cached since 3.041s ago] {}
2025-08-15 13:42:54,948 INFO sqlalchemy.engine.Engine BEGIN (implicit)
2025-08-15 13:42:54,948 - sqlalchemy.engine.Engine - INFO - BEGIN (implicit)
2025-08-15 13:42:54,948 INFO sqlalchemy.engine.Engine SELECT 1
2025-08-15 13:42:54,948 - sqlalchemy.engine.Engine - INFO - SELECT 1
2025-08-15 13:42:54,948 INFO sqlalchemy.engine.Engine [cached since 4.058s ago] {}
2025-08-15 13:42:54,948 - sqlalchemy.engine.Engine - INFO - [cached since 4.058s ago] {}
2025-08-15 13:42:54,955 - error_collector - ERROR - {"timestamp": "2025-08-15T13:42:54.955271", "level": "warning", "category": "system", "message": "服务 database 已降级至 moderate 级别", "exception_type": "CustomError", "stack_trace": "  File \"<string>\", line 1, in <module>\n    from multiprocessing.spawn import spawn_main; spawn_main(tracker_fd=5, pipe_handle=7)\n  File \"/opt/homebrew/Cellar/python@3.13/3.13.5/Frameworks/Python.framework/Versions/3.13/lib/python3.13/multiprocessing/spawn.py\", line 122, in spawn_main\n    exitcode = _main(fd, parent_sentinel)\n  File \"/opt/homebrew/Cellar/python@3.13/3.13.5/Frameworks/Python.framework/Versions/3.13/lib/python3.13/multiprocessing/spawn.py\", line 135, in _main\n    return self._bootstrap(parent_sentinel)\n  File \"/opt/homebrew/Cellar/python@3.13/3.13.5/Frameworks/Python.framework/Versions/3.13/lib/python3.13/multiprocessing/process.py\", line 313, in _bootstrap\n    self.run()\n  File \"/opt/homebrew/Cellar/python@3.13/3.13.5/Frameworks/Python.framework/Versions/3.13/lib/python3.13/multiprocessing/process.py\", line 108, in run\n    self._target(*self._args, **self._kwargs)\n  File \"/Users/zhongxuan/Desktop/demo3/qlib-web/backend/venv/lib/python3.13/site-packages/uvicorn/_subprocess.py\", line 80, in subprocess_started\n    target(sockets=sockets)\n  File \"/Users/zhongxuan/Desktop/demo3/qlib-web/backend/venv/lib/python3.13/site-packages/uvicorn/server.py\", line 67, in run\n    return asyncio.run(self.serve(sockets=sockets))\n  File \"/opt/homebrew/Cellar/python@3.13/3.13.5/Frameworks/Python.framework/Versions/3.13/lib/python3.13/asyncio/runners.py\", line 195, in run\n    return runner.run(main)\n  File \"/opt/homebrew/Cellar/python@3.13/3.13.5/Frameworks/Python.framework/Versions/3.13/lib/python3.13/asyncio/runners.py\", line 118, in run\n    return self._loop.run_until_complete(task)\n  File \"/opt/homebrew/Cellar/python@3.13/3.13.5/Frameworks/Python.framework/Versions/3.13/lib/python3.13/asyncio/base_events.py\", line 712, in run_until_complete\n    self.run_forever()\n  File \"/opt/homebrew/Cellar/python@3.13/3.13.5/Frameworks/Python.framework/Versions/3.13/lib/python3.13/asyncio/base_events.py\", line 683, in run_forever\n    self._run_once()\n  File \"/opt/homebrew/Cellar/python@3.13/3.13.5/Frameworks/Python.framework/Versions/3.13/lib/python3.13/asyncio/base_events.py\", line 2042, in _run_once\n    handle._run()\n  File \"/opt/homebrew/Cellar/python@3.13/3.13.5/Frameworks/Python.framework/Versions/3.13/lib/python3.13/asyncio/events.py\", line 89, in _run\n    self._context.run(self._callback, *self._args)\n  File \"/Users/zhongxuan/Desktop/demo3/qlib-web/backend/app/services/graceful_degradation_service.py\", line 344, in _monitoring_loop\n    await self._apply_degradation_rules()\n  File \"/Users/zhongxuan/Desktop/demo3/qlib-web/backend/app/services/graceful_degradation_service.py\", line 414, in _apply_degradation_rules\n    await self._apply_degradation(rule, service_status)\n  File \"/Users/zhongxuan/Desktop/demo3/qlib-web/backend/app/services/graceful_degradation_service.py\", line 461, in _apply_degradation\n    error_logging_service.log_warning(\n  File \"/Users/zhongxuan/Desktop/demo3/qlib-web/backend/app/services/error_logging_service.py\", line 409, in log_warning\n    return self.collector.collect_custom_error(\n  File \"/Users/zhongxuan/Desktop/demo3/qlib-web/backend/app/services/error_logging_service.py\", line 304, in collect_custom_error\n    stack_trace = ''.join(traceback.format_stack())\n", "request_id": null, "user_id": null, "endpoint": null, "method": null, "user_agent": null, "ip_address": null, "additional_context": {}}
INFO:     Application startup complete.
2025-08-15 13:42:55,951 - error_collector - ERROR - {"timestamp": "2025-08-15T13:42:55.951234", "level": "warning", "category": "system", "message": "自动恢复成功: database - 服务 database 重启成功", "exception_type": "CustomError", "stack_trace": "  File \"<string>\", line 1, in <module>\n    from multiprocessing.spawn import spawn_main; spawn_main(tracker_fd=5, pipe_handle=7)\n  File \"/opt/homebrew/Cellar/python@3.13/3.13.5/Frameworks/Python.framework/Versions/3.13/lib/python3.13/multiprocessing/spawn.py\", line 122, in spawn_main\n    exitcode = _main(fd, parent_sentinel)\n  File \"/opt/homebrew/Cellar/python@3.13/3.13.5/Frameworks/Python.framework/Versions/3.13/lib/python3.13/multiprocessing/spawn.py\", line 135, in _main\n    return self._bootstrap(parent_sentinel)\n  File \"/opt/homebrew/Cellar/python@3.13/3.13.5/Frameworks/Python.framework/Versions/3.13/lib/python3.13/multiprocessing/process.py\", line 313, in _bootstrap\n    self.run()\n  File \"/opt/homebrew/Cellar/python@3.13/3.13.5/Frameworks/Python.framework/Versions/3.13/lib/python3.13/multiprocessing/process.py\", line 108, in run\n    self._target(*self._args, **self._kwargs)\n  File \"/Users/zhongxuan/Desktop/demo3/qlib-web/backend/venv/lib/python3.13/site-packages/uvicorn/_subprocess.py\", line 80, in subprocess_started\n    target(sockets=sockets)\n  File \"/Users/zhongxuan/Desktop/demo3/qlib-web/backend/venv/lib/python3.13/site-packages/uvicorn/server.py\", line 67, in run\n    return asyncio.run(self.serve(sockets=sockets))\n  File \"/opt/homebrew/Cellar/python@3.13/3.13.5/Frameworks/Python.framework/Versions/3.13/lib/python3.13/asyncio/runners.py\", line 195, in run\n    return runner.run(main)\n  File \"/opt/homebrew/Cellar/python@3.13/3.13.5/Frameworks/Python.framework/Versions/3.13/lib/python3.13/asyncio/runners.py\", line 118, in run\n    return self._loop.run_until_complete(task)\n  File \"/opt/homebrew/Cellar/python@3.13/3.13.5/Frameworks/Python.framework/Versions/3.13/lib/python3.13/asyncio/base_events.py\", line 712, in run_until_complete\n    self.run_forever()\n  File \"/opt/homebrew/Cellar/python@3.13/3.13.5/Frameworks/Python.framework/Versions/3.13/lib/python3.13/asyncio/base_events.py\", line 683, in run_forever\n    self._run_once()\n  File \"/opt/homebrew/Cellar/python@3.13/3.13.5/Frameworks/Python.framework/Versions/3.13/lib/python3.13/asyncio/base_events.py\", line 2042, in _run_once\n    handle._run()\n  File \"/opt/homebrew/Cellar/python@3.13/3.13.5/Frameworks/Python.framework/Versions/3.13/lib/python3.13/asyncio/events.py\", line 89, in _run\n    self._context.run(self._callback, *self._args)\n  File \"/Users/zhongxuan/Desktop/demo3/qlib-web/backend/app/services/fault_recovery_service.py\", line 417, in _monitor_loop\n    await self._apply_recovery_rules()\n  File \"/Users/zhongxuan/Desktop/demo3/qlib-web/backend/app/services/fault_recovery_service.py\", line 462, in _apply_recovery_rules\n    await self._execute_recovery_rule(rule, service_name, health)\n  File \"/Users/zhongxuan/Desktop/demo3/qlib-web/backend/app/services/fault_recovery_service.py\", line 538, in _execute_recovery_rule\n    error_logging_service.log_warning(\n  File \"/Users/zhongxuan/Desktop/demo3/qlib-web/backend/app/services/error_logging_service.py\", line 409, in log_warning\n    return self.collector.collect_custom_error(\n  File \"/Users/zhongxuan/Desktop/demo3/qlib-web/backend/app/services/error_logging_service.py\", line 304, in collect_custom_error\n    stack_trace = ''.join(traceback.format_stack())\n", "request_id": null, "user_id": null, "endpoint": null, "method": null, "user_agent": null, "ip_address": null, "additional_context": {}}
2025-08-15 13:43:26,980 INFO sqlalchemy.engine.Engine BEGIN (implicit)
2025-08-15 13:43:26,980 - sqlalchemy.engine.Engine - INFO - BEGIN (implicit)
2025-08-15 13:43:26,982 INFO sqlalchemy.engine.Engine SELECT 1
2025-08-15 13:43:26,982 - sqlalchemy.engine.Engine - INFO - SELECT 1
2025-08-15 13:43:26,982 INFO sqlalchemy.engine.Engine [cached since 36.09s ago] {}
2025-08-15 13:43:26,982 - sqlalchemy.engine.Engine - INFO - [cached since 36.09s ago] {}
2025-08-15 13:43:28,005 INFO sqlalchemy.engine.Engine BEGIN (implicit)
2025-08-15 13:43:28,005 - sqlalchemy.engine.Engine - INFO - BEGIN (implicit)
2025-08-15 13:43:28,006 INFO sqlalchemy.engine.Engine SELECT 1
2025-08-15 13:43:28,006 - sqlalchemy.engine.Engine - INFO - SELECT 1
2025-08-15 13:43:28,006 INFO sqlalchemy.engine.Engine [cached since 37.12s ago] {}
2025-08-15 13:43:28,006 - sqlalchemy.engine.Engine - INFO - [cached since 37.12s ago] {}
2025-08-15 13:43:30,026 INFO sqlalchemy.engine.Engine BEGIN (implicit)
2025-08-15 13:43:30,026 - sqlalchemy.engine.Engine - INFO - BEGIN (implicit)
2025-08-15 13:43:30,026 INFO sqlalchemy.engine.Engine SELECT 1
2025-08-15 13:43:30,026 - sqlalchemy.engine.Engine - INFO - SELECT 1
2025-08-15 13:43:30,026 INFO sqlalchemy.engine.Engine [cached since 39.14s ago] {}
2025-08-15 13:43:30,026 - sqlalchemy.engine.Engine - INFO - [cached since 39.14s ago] {}
2025-08-15 13:43:31,045 INFO sqlalchemy.engine.Engine BEGIN (implicit)
2025-08-15 13:43:31,045 - sqlalchemy.engine.Engine - INFO - BEGIN (implicit)
2025-08-15 13:43:31,045 INFO sqlalchemy.engine.Engine SELECT 1
2025-08-15 13:43:31,045 - sqlalchemy.engine.Engine - INFO - SELECT 1
2025-08-15 13:43:31,045 INFO sqlalchemy.engine.Engine [cached since 40.16s ago] {}
2025-08-15 13:43:31,045 - sqlalchemy.engine.Engine - INFO - [cached since 40.16s ago] {}
2025-08-15 13:43:53.115 | INFO     | app.main:add_request_id:151 - Request completed: GET /api/v1/docs Status: 401 Time: 0.001s ID: 0fcf0118-06f9-4908-82be-d31f2f35e6ca
INFO:     127.0.0.1:61526 - "GET /api/v1/docs HTTP/1.1" 401 Unauthorized
2025-08-15 13:43:54,957 - error_collector - ERROR - {"timestamp": "2025-08-15T13:43:54.956976", "level": "warning", "category": "system", "message": "服务 database 已自动恢复正常", "exception_type": "CustomError", "stack_trace": "  File \"<string>\", line 1, in <module>\n    from multiprocessing.spawn import spawn_main; spawn_main(tracker_fd=5, pipe_handle=7)\n  File \"/opt/homebrew/Cellar/python@3.13/3.13.5/Frameworks/Python.framework/Versions/3.13/lib/python3.13/multiprocessing/spawn.py\", line 122, in spawn_main\n    exitcode = _main(fd, parent_sentinel)\n  File \"/opt/homebrew/Cellar/python@3.13/3.13.5/Frameworks/Python.framework/Versions/3.13/lib/python3.13/multiprocessing/spawn.py\", line 135, in _main\n    return self._bootstrap(parent_sentinel)\n  File \"/opt/homebrew/Cellar/python@3.13/3.13.5/Frameworks/Python.framework/Versions/3.13/lib/python3.13/multiprocessing/process.py\", line 313, in _bootstrap\n    self.run()\n  File \"/opt/homebrew/Cellar/python@3.13/3.13.5/Frameworks/Python.framework/Versions/3.13/lib/python3.13/multiprocessing/process.py\", line 108, in run\n    self._target(*self._args, **self._kwargs)\n  File \"/Users/zhongxuan/Desktop/demo3/qlib-web/backend/venv/lib/python3.13/site-packages/uvicorn/_subprocess.py\", line 80, in subprocess_started\n    target(sockets=sockets)\n  File \"/Users/zhongxuan/Desktop/demo3/qlib-web/backend/venv/lib/python3.13/site-packages/uvicorn/server.py\", line 67, in run\n    return asyncio.run(self.serve(sockets=sockets))\n  File \"/opt/homebrew/Cellar/python@3.13/3.13.5/Frameworks/Python.framework/Versions/3.13/lib/python3.13/asyncio/runners.py\", line 195, in run\n    return runner.run(main)\n  File \"/opt/homebrew/Cellar/python@3.13/3.13.5/Frameworks/Python.framework/Versions/3.13/lib/python3.13/asyncio/runners.py\", line 118, in run\n    return self._loop.run_until_complete(task)\n  File \"/opt/homebrew/Cellar/python@3.13/3.13.5/Frameworks/Python.framework/Versions/3.13/lib/python3.13/asyncio/base_events.py\", line 712, in run_until_complete\n    self.run_forever()\n  File \"/opt/homebrew/Cellar/python@3.13/3.13.5/Frameworks/Python.framework/Versions/3.13/lib/python3.13/asyncio/base_events.py\", line 683, in run_forever\n    self._run_once()\n  File \"/opt/homebrew/Cellar/python@3.13/3.13.5/Frameworks/Python.framework/Versions/3.13/lib/python3.13/asyncio/base_events.py\", line 2042, in _run_once\n    handle._run()\n  File \"/opt/homebrew/Cellar/python@3.13/3.13.5/Frameworks/Python.framework/Versions/3.13/lib/python3.13/asyncio/events.py\", line 89, in _run\n    self._context.run(self._callback, *self._args)\n  File \"/Users/zhongxuan/Desktop/demo3/qlib-web/backend/app/services/graceful_degradation_service.py\", line 344, in _monitoring_loop\n    await self._apply_degradation_rules()\n  File \"/Users/zhongxuan/Desktop/demo3/qlib-web/backend/app/services/graceful_degradation_service.py\", line 418, in _apply_degradation_rules\n    await self._attempt_service_recovery(rule, service_status)\n  File \"/Users/zhongxuan/Desktop/demo3/qlib-web/backend/app/services/graceful_degradation_service.py\", line 502, in _attempt_service_recovery\n    error_logging_service.log_warning(\n  File \"/Users/zhongxuan/Desktop/demo3/qlib-web/backend/app/services/error_logging_service.py\", line 409, in log_warning\n    return self.collector.collect_custom_error(\n  File \"/Users/zhongxuan/Desktop/demo3/qlib-web/backend/app/services/error_logging_service.py\", line 304, in collect_custom_error\n    stack_trace = ''.join(traceback.format_stack())\n", "request_id": null, "user_id": null, "endpoint": null, "method": null, "user_agent": null, "ip_address": null, "additional_context": {}}
2025-08-15 13:44:02,052 INFO sqlalchemy.engine.Engine BEGIN (implicit)
2025-08-15 13:44:02,052 - sqlalchemy.engine.Engine - INFO - BEGIN (implicit)
2025-08-15 13:44:02,054 INFO sqlalchemy.engine.Engine SELECT 1
2025-08-15 13:44:02,054 - sqlalchemy.engine.Engine - INFO - SELECT 1
2025-08-15 13:44:02,054 INFO sqlalchemy.engine.Engine [cached since 71.17s ago] {}
2025-08-15 13:44:02,054 - sqlalchemy.engine.Engine - INFO - [cached since 71.17s ago] {}
2025-08-15 13:44:03,062 INFO sqlalchemy.engine.Engine BEGIN (implicit)
2025-08-15 13:44:03,062 - sqlalchemy.engine.Engine - INFO - BEGIN (implicit)
2025-08-15 13:44:03,063 INFO sqlalchemy.engine.Engine SELECT 1
2025-08-15 13:44:03,063 - sqlalchemy.engine.Engine - INFO - SELECT 1
2025-08-15 13:44:03,063 INFO sqlalchemy.engine.Engine [cached since 72.17s ago] {}
2025-08-15 13:44:03,063 - sqlalchemy.engine.Engine - INFO - [cached since 72.17s ago] {}
2025-08-15 13:44:05,076 INFO sqlalchemy.engine.Engine BEGIN (implicit)
2025-08-15 13:44:05,076 - sqlalchemy.engine.Engine - INFO - BEGIN (implicit)
2025-08-15 13:44:05,077 INFO sqlalchemy.engine.Engine SELECT 1
2025-08-15 13:44:05,077 - sqlalchemy.engine.Engine - INFO - SELECT 1
2025-08-15 13:44:05,077 INFO sqlalchemy.engine.Engine [cached since 74.19s ago] {}
2025-08-15 13:44:05,077 - sqlalchemy.engine.Engine - INFO - [cached since 74.19s ago] {}
2025-08-15 13:44:06,079 INFO sqlalchemy.engine.Engine BEGIN (implicit)
2025-08-15 13:44:06,079 - sqlalchemy.engine.Engine - INFO - BEGIN (implicit)
2025-08-15 13:44:06,079 INFO sqlalchemy.engine.Engine SELECT 1
2025-08-15 13:44:06,079 - sqlalchemy.engine.Engine - INFO - SELECT 1
2025-08-15 13:44:06,080 INFO sqlalchemy.engine.Engine [cached since 75.19s ago] {}
2025-08-15 13:44:06,080 - sqlalchemy.engine.Engine - INFO - [cached since 75.19s ago] {}
2025-08-15 13:44:37,089 INFO sqlalchemy.engine.Engine BEGIN (implicit)
2025-08-15 13:44:37,089 - sqlalchemy.engine.Engine - INFO - BEGIN (implicit)
2025-08-15 13:44:37,090 INFO sqlalchemy.engine.Engine SELECT 1
2025-08-15 13:44:37,090 - sqlalchemy.engine.Engine - INFO - SELECT 1
2025-08-15 13:44:37,090 INFO sqlalchemy.engine.Engine [cached since 106.2s ago] {}
2025-08-15 13:44:37,090 - sqlalchemy.engine.Engine - INFO - [cached since 106.2s ago] {}
2025-08-15 13:44:38,101 INFO sqlalchemy.engine.Engine BEGIN (implicit)
2025-08-15 13:44:38,101 - sqlalchemy.engine.Engine - INFO - BEGIN (implicit)
2025-08-15 13:44:38,102 INFO sqlalchemy.engine.Engine SELECT 1
2025-08-15 13:44:38,102 - sqlalchemy.engine.Engine - INFO - SELECT 1
2025-08-15 13:44:38,102 INFO sqlalchemy.engine.Engine [cached since 107.2s ago] {}
2025-08-15 13:44:38,102 - sqlalchemy.engine.Engine - INFO - [cached since 107.2s ago] {}
2025-08-15 13:44:40,111 INFO sqlalchemy.engine.Engine BEGIN (implicit)
2025-08-15 13:44:40,111 - sqlalchemy.engine.Engine - INFO - BEGIN (implicit)
2025-08-15 13:44:40,111 INFO sqlalchemy.engine.Engine SELECT 1
2025-08-15 13:44:40,111 - sqlalchemy.engine.Engine - INFO - SELECT 1
2025-08-15 13:44:40,111 INFO sqlalchemy.engine.Engine [cached since 109.2s ago] {}
2025-08-15 13:44:40,111 - sqlalchemy.engine.Engine - INFO - [cached since 109.2s ago] {}
2025-08-15 13:44:41,115 INFO sqlalchemy.engine.Engine BEGIN (implicit)
2025-08-15 13:44:41,115 - sqlalchemy.engine.Engine - INFO - BEGIN (implicit)
2025-08-15 13:44:41,115 INFO sqlalchemy.engine.Engine SELECT 1
2025-08-15 13:44:41,115 - sqlalchemy.engine.Engine - INFO - SELECT 1
2025-08-15 13:44:41,115 INFO sqlalchemy.engine.Engine [cached since 110.2s ago] {}
2025-08-15 13:44:41,115 - sqlalchemy.engine.Engine - INFO - [cached since 110.2s ago] {}
WARNING:  WatchFiles detected changes in 'app/middleware/security_middleware.py'. Reloading...
INFO:     Shutting down
INFO:     Waiting for application shutdown.
2025-08-15 13:45:10.330 | INFO     | app.main:lifespan:62 - Shutting down APM service...
2025-08-15 13:45:10.331 | INFO     | app.main:lifespan:65 - Shutting down fault recovery service...
2025-08-15 13:45:10.331 | INFO     | app.main:lifespan:68 - Shutting down graceful degradation service...
2025-08-15 13:45:10.331 | INFO     | app.main:lifespan:71 - Application shutdown complete
INFO:     Application shutdown complete.
INFO:     Finished server process [42841]
INFO:     Started server process [45775]
INFO:     Waiting for application startup.
2025-08-15 13:45:12.201 | INFO     | app.main:lifespan:27 - Starting Qlib Web Console API v1.0.0
2025-08-15 13:45:12.201 | INFO     | app.main:lifespan:30 - Initializing database...
2025-08-15 13:45:12,214 INFO sqlalchemy.engine.Engine SELECT DATABASE()
2025-08-15 13:45:12,214 - sqlalchemy.engine.Engine - INFO - SELECT DATABASE()
2025-08-15 13:45:12,215 INFO sqlalchemy.engine.Engine [raw sql] {}
2025-08-15 13:45:12,215 - sqlalchemy.engine.Engine - INFO - [raw sql] {}
2025-08-15 13:45:12,216 INFO sqlalchemy.engine.Engine SELECT @@sql_mode
2025-08-15 13:45:12,216 - sqlalchemy.engine.Engine - INFO - SELECT @@sql_mode
2025-08-15 13:45:12,216 INFO sqlalchemy.engine.Engine [raw sql] {}
2025-08-15 13:45:12,216 - sqlalchemy.engine.Engine - INFO - [raw sql] {}
2025-08-15 13:45:12,216 INFO sqlalchemy.engine.Engine SELECT @@lower_case_table_names
2025-08-15 13:45:12,216 - sqlalchemy.engine.Engine - INFO - SELECT @@lower_case_table_names
2025-08-15 13:45:12,216 INFO sqlalchemy.engine.Engine [raw sql] {}
2025-08-15 13:45:12,216 - sqlalchemy.engine.Engine - INFO - [raw sql] {}
2025-08-15 13:45:12,217 INFO sqlalchemy.engine.Engine BEGIN (implicit)
2025-08-15 13:45:12,217 - sqlalchemy.engine.Engine - INFO - BEGIN (implicit)
2025-08-15 13:45:12,217 INFO sqlalchemy.engine.Engine DESCRIBE `qlib_web`.`qlib_experiments`
2025-08-15 13:45:12,217 - sqlalchemy.engine.Engine - INFO - DESCRIBE `qlib_web`.`qlib_experiments`
2025-08-15 13:45:12,218 INFO sqlalchemy.engine.Engine [raw sql] {}
2025-08-15 13:45:12,218 - sqlalchemy.engine.Engine - INFO - [raw sql] {}
2025-08-15 13:45:12,223 INFO sqlalchemy.engine.Engine DESCRIBE `qlib_web`.`qlib_tasks`
2025-08-15 13:45:12,223 - sqlalchemy.engine.Engine - INFO - DESCRIBE `qlib_web`.`qlib_tasks`
2025-08-15 13:45:12,223 INFO sqlalchemy.engine.Engine [raw sql] {}
2025-08-15 13:45:12,223 - sqlalchemy.engine.Engine - INFO - [raw sql] {}
2025-08-15 13:45:12,225 INFO sqlalchemy.engine.Engine DESCRIBE `qlib_web`.`user_team_association`
2025-08-15 13:45:12,225 - sqlalchemy.engine.Engine - INFO - DESCRIBE `qlib_web`.`user_team_association`
2025-08-15 13:45:12,225 INFO sqlalchemy.engine.Engine [raw sql] {}
2025-08-15 13:45:12,225 - sqlalchemy.engine.Engine - INFO - [raw sql] {}
2025-08-15 13:45:12,226 INFO sqlalchemy.engine.Engine DESCRIBE `qlib_web`.`users`
2025-08-15 13:45:12,226 - sqlalchemy.engine.Engine - INFO - DESCRIBE `qlib_web`.`users`
2025-08-15 13:45:12,226 INFO sqlalchemy.engine.Engine [raw sql] {}
2025-08-15 13:45:12,226 - sqlalchemy.engine.Engine - INFO - [raw sql] {}
2025-08-15 13:45:12,227 INFO sqlalchemy.engine.Engine DESCRIBE `qlib_web`.`teams`
2025-08-15 13:45:12,227 - sqlalchemy.engine.Engine - INFO - DESCRIBE `qlib_web`.`teams`
2025-08-15 13:45:12,227 INFO sqlalchemy.engine.Engine [raw sql] {}
2025-08-15 13:45:12,227 - sqlalchemy.engine.Engine - INFO - [raw sql] {}
2025-08-15 13:45:12,228 INFO sqlalchemy.engine.Engine DESCRIBE `qlib_web`.`user_sessions`
2025-08-15 13:45:12,228 - sqlalchemy.engine.Engine - INFO - DESCRIBE `qlib_web`.`user_sessions`
2025-08-15 13:45:12,228 INFO sqlalchemy.engine.Engine [raw sql] {}
2025-08-15 13:45:12,228 - sqlalchemy.engine.Engine - INFO - [raw sql] {}
2025-08-15 13:45:12,229 INFO sqlalchemy.engine.Engine DESCRIBE `qlib_web`.`password_reset_tokens`
2025-08-15 13:45:12,229 - sqlalchemy.engine.Engine - INFO - DESCRIBE `qlib_web`.`password_reset_tokens`
2025-08-15 13:45:12,229 INFO sqlalchemy.engine.Engine [raw sql] {}
2025-08-15 13:45:12,229 - sqlalchemy.engine.Engine - INFO - [raw sql] {}
2025-08-15 13:45:12,230 INFO sqlalchemy.engine.Engine DESCRIBE `qlib_web`.`email_verification_tokens`
2025-08-15 13:45:12,230 - sqlalchemy.engine.Engine - INFO - DESCRIBE `qlib_web`.`email_verification_tokens`
2025-08-15 13:45:12,230 INFO sqlalchemy.engine.Engine [raw sql] {}
2025-08-15 13:45:12,230 - sqlalchemy.engine.Engine - INFO - [raw sql] {}
2025-08-15 13:45:12,231 INFO sqlalchemy.engine.Engine DESCRIBE `qlib_web`.`experiment_templates`
2025-08-15 13:45:12,231 - sqlalchemy.engine.Engine - INFO - DESCRIBE `qlib_web`.`experiment_templates`
2025-08-15 13:45:12,231 INFO sqlalchemy.engine.Engine [raw sql] {}
2025-08-15 13:45:12,231 - sqlalchemy.engine.Engine - INFO - [raw sql] {}
2025-08-15 13:45:12,232 INFO sqlalchemy.engine.Engine DESCRIBE `qlib_web`.`template_usage`
2025-08-15 13:45:12,232 - sqlalchemy.engine.Engine - INFO - DESCRIBE `qlib_web`.`template_usage`
2025-08-15 13:45:12,232 INFO sqlalchemy.engine.Engine [raw sql] {}
2025-08-15 13:45:12,232 - sqlalchemy.engine.Engine - INFO - [raw sql] {}
2025-08-15 13:45:12,233 INFO sqlalchemy.engine.Engine DESCRIBE `qlib_web`.`template_categories`
2025-08-15 13:45:12,233 - sqlalchemy.engine.Engine - INFO - DESCRIBE `qlib_web`.`template_categories`
2025-08-15 13:45:12,233 INFO sqlalchemy.engine.Engine [raw sql] {}
2025-08-15 13:45:12,233 - sqlalchemy.engine.Engine - INFO - [raw sql] {}
2025-08-15 13:45:12,234 INFO sqlalchemy.engine.Engine DESCRIBE `qlib_web`.`experiment_shares`
2025-08-15 13:45:12,234 - sqlalchemy.engine.Engine - INFO - DESCRIBE `qlib_web`.`experiment_shares`
2025-08-15 13:45:12,234 INFO sqlalchemy.engine.Engine [raw sql] {}
2025-08-15 13:45:12,234 - sqlalchemy.engine.Engine - INFO - [raw sql] {}
2025-08-15 13:45:12,235 INFO sqlalchemy.engine.Engine DESCRIBE `qlib_web`.`share_access_logs`
2025-08-15 13:45:12,235 - sqlalchemy.engine.Engine - INFO - DESCRIBE `qlib_web`.`share_access_logs`
2025-08-15 13:45:12,235 INFO sqlalchemy.engine.Engine [raw sql] {}
2025-08-15 13:45:12,235 - sqlalchemy.engine.Engine - INFO - [raw sql] {}
2025-08-15 13:45:12,236 INFO sqlalchemy.engine.Engine DESCRIBE `qlib_web`.`share_invitations`
2025-08-15 13:45:12,236 - sqlalchemy.engine.Engine - INFO - DESCRIBE `qlib_web`.`share_invitations`
2025-08-15 13:45:12,236 INFO sqlalchemy.engine.Engine [raw sql] {}
2025-08-15 13:45:12,236 - sqlalchemy.engine.Engine - INFO - [raw sql] {}
2025-08-15 13:45:12,237 INFO sqlalchemy.engine.Engine DESCRIBE `qlib_web`.`experiment_comments`
2025-08-15 13:45:12,237 - sqlalchemy.engine.Engine - INFO - DESCRIBE `qlib_web`.`experiment_comments`
2025-08-15 13:45:12,237 INFO sqlalchemy.engine.Engine [raw sql] {}
2025-08-15 13:45:12,237 - sqlalchemy.engine.Engine - INFO - [raw sql] {}
2025-08-15 13:45:12,238 INFO sqlalchemy.engine.Engine DESCRIBE `qlib_web`.`comment_likes`
2025-08-15 13:45:12,238 - sqlalchemy.engine.Engine - INFO - DESCRIBE `qlib_web`.`comment_likes`
2025-08-15 13:45:12,238 INFO sqlalchemy.engine.Engine [raw sql] {}
2025-08-15 13:45:12,238 - sqlalchemy.engine.Engine - INFO - [raw sql] {}
2025-08-15 13:45:12,239 INFO sqlalchemy.engine.Engine DESCRIBE `qlib_web`.`experiment_likes`
2025-08-15 13:45:12,239 - sqlalchemy.engine.Engine - INFO - DESCRIBE `qlib_web`.`experiment_likes`
2025-08-15 13:45:12,239 INFO sqlalchemy.engine.Engine [raw sql] {}
2025-08-15 13:45:12,239 - sqlalchemy.engine.Engine - INFO - [raw sql] {}
2025-08-15 13:45:12,240 INFO sqlalchemy.engine.Engine DESCRIBE `qlib_web`.`experiment_favorites`
2025-08-15 13:45:12,240 - sqlalchemy.engine.Engine - INFO - DESCRIBE `qlib_web`.`experiment_favorites`
2025-08-15 13:45:12,240 INFO sqlalchemy.engine.Engine [raw sql] {}
2025-08-15 13:45:12,240 - sqlalchemy.engine.Engine - INFO - [raw sql] {}
2025-08-15 13:45:12,241 INFO sqlalchemy.engine.Engine DESCRIBE `qlib_web`.`team_activities`
2025-08-15 13:45:12,241 - sqlalchemy.engine.Engine - INFO - DESCRIBE `qlib_web`.`team_activities`
2025-08-15 13:45:12,241 INFO sqlalchemy.engine.Engine [raw sql] {}
2025-08-15 13:45:12,241 - sqlalchemy.engine.Engine - INFO - [raw sql] {}
2025-08-15 13:45:12,242 INFO sqlalchemy.engine.Engine DESCRIBE `qlib_web`.`experiment_ratings`
2025-08-15 13:45:12,242 - sqlalchemy.engine.Engine - INFO - DESCRIBE `qlib_web`.`experiment_ratings`
2025-08-15 13:45:12,242 INFO sqlalchemy.engine.Engine [raw sql] {}
2025-08-15 13:45:12,242 - sqlalchemy.engine.Engine - INFO - [raw sql] {}
2025-08-15 13:45:12,244 INFO sqlalchemy.engine.Engine COMMIT
2025-08-15 13:45:12,244 - sqlalchemy.engine.Engine - INFO - COMMIT
2025-08-15 13:45:12.245 | INFO     | app.main:lifespan:34 - Starting APM service...
2025-08-15 13:45:12.245 | SUCCESS  | app.main:lifespan:36 - APM service started successfully
2025-08-15 13:45:12.245 | INFO     | app.main:lifespan:39 - Starting fault recovery service...
2025-08-15 13:45:12.245 | SUCCESS  | app.main:lifespan:41 - Fault recovery service started successfully
2025-08-15 13:45:12.245 | INFO     | app.main:lifespan:44 - Starting graceful degradation service...
2025-08-15 13:45:12.245 | SUCCESS  | app.main:lifespan:46 - Graceful degradation service started successfully
2025-08-15 13:45:12.245 | INFO     | app.main:lifespan:49 - Initializing Qlib...
[45775:MainThread](2025-08-15 13:45:12,245) INFO - qlib.Initialization - [config.py:452] - default_conf: client.
[45775:MainThread](2025-08-15 13:45:12,547) INFO - qlib.Initialization - [__init__.py:75] - qlib successfully initialized based on client settings.
[45775:MainThread](2025-08-15 13:45:12,547) INFO - qlib.Initialization - [__init__.py:77] - data_path={'__DEFAULT_FREQ': PosixPath('/Users/zhongxuan/.qlib/qlib_data/cn_data')}
2025-08-15 13:45:12.548 | SUCCESS  | app.utils.qlib_manager:init_qlib:42 - Qlib initialized successfully
2025-08-15 13:45:12.548 | WARNING  | app.utils.qlib_manager:init_qlib:49 - Data validation failed: slice(None, 5, None)
2025-08-15 13:45:12.548 | SUCCESS  | app.main:lifespan:53 - Qlib initialized successfully
2025-08-15 13:45:12.548 | SUCCESS  | app.main:lifespan:57 - Application startup complete
2025-08-15 13:45:14,563 INFO sqlalchemy.engine.Engine BEGIN (implicit)
2025-08-15 13:45:14,563 - sqlalchemy.engine.Engine - INFO - BEGIN (implicit)
2025-08-15 13:45:14,575 INFO sqlalchemy.engine.Engine SELECT 1
2025-08-15 13:45:14,575 - sqlalchemy.engine.Engine - INFO - SELECT 1
2025-08-15 13:45:14,575 INFO sqlalchemy.engine.Engine [generated in 0.00393s] {}
2025-08-15 13:45:14,575 - sqlalchemy.engine.Engine - INFO - [generated in 0.00393s] {}
2025-08-15 13:45:15,608 INFO sqlalchemy.engine.Engine BEGIN (implicit)
2025-08-15 13:45:15,608 - sqlalchemy.engine.Engine - INFO - BEGIN (implicit)
2025-08-15 13:45:15,608 INFO sqlalchemy.engine.Engine SELECT 1
2025-08-15 13:45:15,608 - sqlalchemy.engine.Engine - INFO - SELECT 1
2025-08-15 13:45:15,608 INFO sqlalchemy.engine.Engine [cached since 1.037s ago] {}
2025-08-15 13:45:15,608 - sqlalchemy.engine.Engine - INFO - [cached since 1.037s ago] {}
2025-08-15 13:45:17,627 INFO sqlalchemy.engine.Engine BEGIN (implicit)
2025-08-15 13:45:17,627 - sqlalchemy.engine.Engine - INFO - BEGIN (implicit)
2025-08-15 13:45:17,628 INFO sqlalchemy.engine.Engine SELECT 1
2025-08-15 13:45:17,628 - sqlalchemy.engine.Engine - INFO - SELECT 1
2025-08-15 13:45:17,628 INFO sqlalchemy.engine.Engine [cached since 3.057s ago] {}
2025-08-15 13:45:17,628 - sqlalchemy.engine.Engine - INFO - [cached since 3.057s ago] {}
2025-08-15 13:45:18,647 INFO sqlalchemy.engine.Engine BEGIN (implicit)
2025-08-15 13:45:18,647 - sqlalchemy.engine.Engine - INFO - BEGIN (implicit)
2025-08-15 13:45:18,647 INFO sqlalchemy.engine.Engine SELECT 1
2025-08-15 13:45:18,647 - sqlalchemy.engine.Engine - INFO - SELECT 1
2025-08-15 13:45:18,647 INFO sqlalchemy.engine.Engine [cached since 4.076s ago] {}
2025-08-15 13:45:18,647 - sqlalchemy.engine.Engine - INFO - [cached since 4.076s ago] {}
2025-08-15 13:45:18,655 - error_collector - ERROR - {"timestamp": "2025-08-15T13:45:18.654813", "level": "warning", "category": "system", "message": "服务 database 已降级至 moderate 级别", "exception_type": "CustomError", "stack_trace": "  File \"<string>\", line 1, in <module>\n    from multiprocessing.spawn import spawn_main; spawn_main(tracker_fd=5, pipe_handle=7)\n  File \"/opt/homebrew/Cellar/python@3.13/3.13.5/Frameworks/Python.framework/Versions/3.13/lib/python3.13/multiprocessing/spawn.py\", line 122, in spawn_main\n    exitcode = _main(fd, parent_sentinel)\n  File \"/opt/homebrew/Cellar/python@3.13/3.13.5/Frameworks/Python.framework/Versions/3.13/lib/python3.13/multiprocessing/spawn.py\", line 135, in _main\n    return self._bootstrap(parent_sentinel)\n  File \"/opt/homebrew/Cellar/python@3.13/3.13.5/Frameworks/Python.framework/Versions/3.13/lib/python3.13/multiprocessing/process.py\", line 313, in _bootstrap\n    self.run()\n  File \"/opt/homebrew/Cellar/python@3.13/3.13.5/Frameworks/Python.framework/Versions/3.13/lib/python3.13/multiprocessing/process.py\", line 108, in run\n    self._target(*self._args, **self._kwargs)\n  File \"/Users/zhongxuan/Desktop/demo3/qlib-web/backend/venv/lib/python3.13/site-packages/uvicorn/_subprocess.py\", line 80, in subprocess_started\n    target(sockets=sockets)\n  File \"/Users/zhongxuan/Desktop/demo3/qlib-web/backend/venv/lib/python3.13/site-packages/uvicorn/server.py\", line 67, in run\n    return asyncio.run(self.serve(sockets=sockets))\n  File \"/opt/homebrew/Cellar/python@3.13/3.13.5/Frameworks/Python.framework/Versions/3.13/lib/python3.13/asyncio/runners.py\", line 195, in run\n    return runner.run(main)\n  File \"/opt/homebrew/Cellar/python@3.13/3.13.5/Frameworks/Python.framework/Versions/3.13/lib/python3.13/asyncio/runners.py\", line 118, in run\n    return self._loop.run_until_complete(task)\n  File \"/opt/homebrew/Cellar/python@3.13/3.13.5/Frameworks/Python.framework/Versions/3.13/lib/python3.13/asyncio/base_events.py\", line 712, in run_until_complete\n    self.run_forever()\n  File \"/opt/homebrew/Cellar/python@3.13/3.13.5/Frameworks/Python.framework/Versions/3.13/lib/python3.13/asyncio/base_events.py\", line 683, in run_forever\n    self._run_once()\n  File \"/opt/homebrew/Cellar/python@3.13/3.13.5/Frameworks/Python.framework/Versions/3.13/lib/python3.13/asyncio/base_events.py\", line 2042, in _run_once\n    handle._run()\n  File \"/opt/homebrew/Cellar/python@3.13/3.13.5/Frameworks/Python.framework/Versions/3.13/lib/python3.13/asyncio/events.py\", line 89, in _run\n    self._context.run(self._callback, *self._args)\n  File \"/Users/zhongxuan/Desktop/demo3/qlib-web/backend/app/services/graceful_degradation_service.py\", line 344, in _monitoring_loop\n    await self._apply_degradation_rules()\n  File \"/Users/zhongxuan/Desktop/demo3/qlib-web/backend/app/services/graceful_degradation_service.py\", line 414, in _apply_degradation_rules\n    await self._apply_degradation(rule, service_status)\n  File \"/Users/zhongxuan/Desktop/demo3/qlib-web/backend/app/services/graceful_degradation_service.py\", line 461, in _apply_degradation\n    error_logging_service.log_warning(\n  File \"/Users/zhongxuan/Desktop/demo3/qlib-web/backend/app/services/error_logging_service.py\", line 409, in log_warning\n    return self.collector.collect_custom_error(\n  File \"/Users/zhongxuan/Desktop/demo3/qlib-web/backend/app/services/error_logging_service.py\", line 304, in collect_custom_error\n    stack_trace = ''.join(traceback.format_stack())\n", "request_id": null, "user_id": null, "endpoint": null, "method": null, "user_agent": null, "ip_address": null, "additional_context": {}}
INFO:     Application startup complete.
2025-08-15 13:45:19,651 - error_collector - ERROR - {"timestamp": "2025-08-15T13:45:19.651042", "level": "warning", "category": "system", "message": "自动恢复成功: database - 服务 database 重启成功", "exception_type": "CustomError", "stack_trace": "  File \"<string>\", line 1, in <module>\n    from multiprocessing.spawn import spawn_main; spawn_main(tracker_fd=5, pipe_handle=7)\n  File \"/opt/homebrew/Cellar/python@3.13/3.13.5/Frameworks/Python.framework/Versions/3.13/lib/python3.13/multiprocessing/spawn.py\", line 122, in spawn_main\n    exitcode = _main(fd, parent_sentinel)\n  File \"/opt/homebrew/Cellar/python@3.13/3.13.5/Frameworks/Python.framework/Versions/3.13/lib/python3.13/multiprocessing/spawn.py\", line 135, in _main\n    return self._bootstrap(parent_sentinel)\n  File \"/opt/homebrew/Cellar/python@3.13/3.13.5/Frameworks/Python.framework/Versions/3.13/lib/python3.13/multiprocessing/process.py\", line 313, in _bootstrap\n    self.run()\n  File \"/opt/homebrew/Cellar/python@3.13/3.13.5/Frameworks/Python.framework/Versions/3.13/lib/python3.13/multiprocessing/process.py\", line 108, in run\n    self._target(*self._args, **self._kwargs)\n  File \"/Users/zhongxuan/Desktop/demo3/qlib-web/backend/venv/lib/python3.13/site-packages/uvicorn/_subprocess.py\", line 80, in subprocess_started\n    target(sockets=sockets)\n  File \"/Users/zhongxuan/Desktop/demo3/qlib-web/backend/venv/lib/python3.13/site-packages/uvicorn/server.py\", line 67, in run\n    return asyncio.run(self.serve(sockets=sockets))\n  File \"/opt/homebrew/Cellar/python@3.13/3.13.5/Frameworks/Python.framework/Versions/3.13/lib/python3.13/asyncio/runners.py\", line 195, in run\n    return runner.run(main)\n  File \"/opt/homebrew/Cellar/python@3.13/3.13.5/Frameworks/Python.framework/Versions/3.13/lib/python3.13/asyncio/runners.py\", line 118, in run\n    return self._loop.run_until_complete(task)\n  File \"/opt/homebrew/Cellar/python@3.13/3.13.5/Frameworks/Python.framework/Versions/3.13/lib/python3.13/asyncio/base_events.py\", line 712, in run_until_complete\n    self.run_forever()\n  File \"/opt/homebrew/Cellar/python@3.13/3.13.5/Frameworks/Python.framework/Versions/3.13/lib/python3.13/asyncio/base_events.py\", line 683, in run_forever\n    self._run_once()\n  File \"/opt/homebrew/Cellar/python@3.13/3.13.5/Frameworks/Python.framework/Versions/3.13/lib/python3.13/asyncio/base_events.py\", line 2042, in _run_once\n    handle._run()\n  File \"/opt/homebrew/Cellar/python@3.13/3.13.5/Frameworks/Python.framework/Versions/3.13/lib/python3.13/asyncio/events.py\", line 89, in _run\n    self._context.run(self._callback, *self._args)\n  File \"/Users/zhongxuan/Desktop/demo3/qlib-web/backend/app/services/fault_recovery_service.py\", line 417, in _monitor_loop\n    await self._apply_recovery_rules()\n  File \"/Users/zhongxuan/Desktop/demo3/qlib-web/backend/app/services/fault_recovery_service.py\", line 462, in _apply_recovery_rules\n    await self._execute_recovery_rule(rule, service_name, health)\n  File \"/Users/zhongxuan/Desktop/demo3/qlib-web/backend/app/services/fault_recovery_service.py\", line 538, in _execute_recovery_rule\n    error_logging_service.log_warning(\n  File \"/Users/zhongxuan/Desktop/demo3/qlib-web/backend/app/services/error_logging_service.py\", line 409, in log_warning\n    return self.collector.collect_custom_error(\n  File \"/Users/zhongxuan/Desktop/demo3/qlib-web/backend/app/services/error_logging_service.py\", line 304, in collect_custom_error\n    stack_trace = ''.join(traceback.format_stack())\n", "request_id": null, "user_id": null, "endpoint": null, "method": null, "user_agent": null, "ip_address": null, "additional_context": {}}
2025-08-15 13:45:20.484 | INFO     | app.main:add_request_id:151 - Request completed: GET / Status: 200 Time: 0.001s ID: 15dffc41-687b-47ae-9b81-4a5f440c5a8d
INFO:     127.0.0.1:62091 - "GET / HTTP/1.1" 200 OK
WARNING:  WatchFiles detected changes in 'test_validation.py', 'test_connection.py'. Reloading...
INFO:     Shutting down
INFO:     Waiting for application shutdown.
2025-08-15 13:45:25.123 | INFO     | app.main:lifespan:62 - Shutting down APM service...
2025-08-15 13:45:25.124 | INFO     | app.main:lifespan:65 - Shutting down fault recovery service...
2025-08-15 13:45:25.124 | INFO     | app.main:lifespan:68 - Shutting down graceful degradation service...
2025-08-15 13:45:25.124 | INFO     | app.main:lifespan:71 - Application shutdown complete
INFO:     Application shutdown complete.
INFO:     Finished server process [45775]
INFO:     Started server process [46232]
INFO:     Waiting for application startup.
2025-08-15 13:45:27.200 | INFO     | app.main:lifespan:27 - Starting Qlib Web Console API v1.0.0
2025-08-15 13:45:27.200 | INFO     | app.main:lifespan:30 - Initializing database...
2025-08-15 13:45:27,213 INFO sqlalchemy.engine.Engine SELECT DATABASE()
2025-08-15 13:45:27,213 - sqlalchemy.engine.Engine - INFO - SELECT DATABASE()
2025-08-15 13:45:27,213 INFO sqlalchemy.engine.Engine [raw sql] {}
2025-08-15 13:45:27,213 - sqlalchemy.engine.Engine - INFO - [raw sql] {}
2025-08-15 13:45:27,215 INFO sqlalchemy.engine.Engine SELECT @@sql_mode
2025-08-15 13:45:27,215 - sqlalchemy.engine.Engine - INFO - SELECT @@sql_mode
2025-08-15 13:45:27,215 INFO sqlalchemy.engine.Engine [raw sql] {}
2025-08-15 13:45:27,215 - sqlalchemy.engine.Engine - INFO - [raw sql] {}
2025-08-15 13:45:27,216 INFO sqlalchemy.engine.Engine SELECT @@lower_case_table_names
2025-08-15 13:45:27,216 - sqlalchemy.engine.Engine - INFO - SELECT @@lower_case_table_names
2025-08-15 13:45:27,216 INFO sqlalchemy.engine.Engine [raw sql] {}
2025-08-15 13:45:27,216 - sqlalchemy.engine.Engine - INFO - [raw sql] {}
2025-08-15 13:45:27,217 INFO sqlalchemy.engine.Engine BEGIN (implicit)
2025-08-15 13:45:27,217 - sqlalchemy.engine.Engine - INFO - BEGIN (implicit)
2025-08-15 13:45:27,217 INFO sqlalchemy.engine.Engine DESCRIBE `qlib_web`.`qlib_experiments`
2025-08-15 13:45:27,217 - sqlalchemy.engine.Engine - INFO - DESCRIBE `qlib_web`.`qlib_experiments`
2025-08-15 13:45:27,217 INFO sqlalchemy.engine.Engine [raw sql] {}
2025-08-15 13:45:27,217 - sqlalchemy.engine.Engine - INFO - [raw sql] {}
2025-08-15 13:45:27,223 INFO sqlalchemy.engine.Engine DESCRIBE `qlib_web`.`qlib_tasks`
2025-08-15 13:45:27,223 - sqlalchemy.engine.Engine - INFO - DESCRIBE `qlib_web`.`qlib_tasks`
2025-08-15 13:45:27,223 INFO sqlalchemy.engine.Engine [raw sql] {}
2025-08-15 13:45:27,223 - sqlalchemy.engine.Engine - INFO - [raw sql] {}
2025-08-15 13:45:27,225 INFO sqlalchemy.engine.Engine DESCRIBE `qlib_web`.`user_team_association`
2025-08-15 13:45:27,225 - sqlalchemy.engine.Engine - INFO - DESCRIBE `qlib_web`.`user_team_association`
2025-08-15 13:45:27,225 INFO sqlalchemy.engine.Engine [raw sql] {}
2025-08-15 13:45:27,225 - sqlalchemy.engine.Engine - INFO - [raw sql] {}
2025-08-15 13:45:27,226 INFO sqlalchemy.engine.Engine DESCRIBE `qlib_web`.`users`
2025-08-15 13:45:27,226 - sqlalchemy.engine.Engine - INFO - DESCRIBE `qlib_web`.`users`
2025-08-15 13:45:27,226 INFO sqlalchemy.engine.Engine [raw sql] {}
2025-08-15 13:45:27,226 - sqlalchemy.engine.Engine - INFO - [raw sql] {}
2025-08-15 13:45:27,227 INFO sqlalchemy.engine.Engine DESCRIBE `qlib_web`.`teams`
2025-08-15 13:45:27,227 - sqlalchemy.engine.Engine - INFO - DESCRIBE `qlib_web`.`teams`
2025-08-15 13:45:27,227 INFO sqlalchemy.engine.Engine [raw sql] {}
2025-08-15 13:45:27,227 - sqlalchemy.engine.Engine - INFO - [raw sql] {}
2025-08-15 13:45:27,228 INFO sqlalchemy.engine.Engine DESCRIBE `qlib_web`.`user_sessions`
2025-08-15 13:45:27,228 - sqlalchemy.engine.Engine - INFO - DESCRIBE `qlib_web`.`user_sessions`
2025-08-15 13:45:27,228 INFO sqlalchemy.engine.Engine [raw sql] {}
2025-08-15 13:45:27,228 - sqlalchemy.engine.Engine - INFO - [raw sql] {}
2025-08-15 13:45:27,229 INFO sqlalchemy.engine.Engine DESCRIBE `qlib_web`.`password_reset_tokens`
2025-08-15 13:45:27,229 - sqlalchemy.engine.Engine - INFO - DESCRIBE `qlib_web`.`password_reset_tokens`
2025-08-15 13:45:27,229 INFO sqlalchemy.engine.Engine [raw sql] {}
2025-08-15 13:45:27,229 - sqlalchemy.engine.Engine - INFO - [raw sql] {}
2025-08-15 13:45:27,230 INFO sqlalchemy.engine.Engine DESCRIBE `qlib_web`.`email_verification_tokens`
2025-08-15 13:45:27,230 - sqlalchemy.engine.Engine - INFO - DESCRIBE `qlib_web`.`email_verification_tokens`
2025-08-15 13:45:27,230 INFO sqlalchemy.engine.Engine [raw sql] {}
2025-08-15 13:45:27,230 - sqlalchemy.engine.Engine - INFO - [raw sql] {}
2025-08-15 13:45:27,232 INFO sqlalchemy.engine.Engine DESCRIBE `qlib_web`.`experiment_templates`
2025-08-15 13:45:27,232 - sqlalchemy.engine.Engine - INFO - DESCRIBE `qlib_web`.`experiment_templates`
2025-08-15 13:45:27,232 INFO sqlalchemy.engine.Engine [raw sql] {}
2025-08-15 13:45:27,232 - sqlalchemy.engine.Engine - INFO - [raw sql] {}
2025-08-15 13:45:27,233 INFO sqlalchemy.engine.Engine DESCRIBE `qlib_web`.`template_usage`
2025-08-15 13:45:27,233 - sqlalchemy.engine.Engine - INFO - DESCRIBE `qlib_web`.`template_usage`
2025-08-15 13:45:27,233 INFO sqlalchemy.engine.Engine [raw sql] {}
2025-08-15 13:45:27,233 - sqlalchemy.engine.Engine - INFO - [raw sql] {}
2025-08-15 13:45:27,234 INFO sqlalchemy.engine.Engine DESCRIBE `qlib_web`.`template_categories`
2025-08-15 13:45:27,234 - sqlalchemy.engine.Engine - INFO - DESCRIBE `qlib_web`.`template_categories`
2025-08-15 13:45:27,234 INFO sqlalchemy.engine.Engine [raw sql] {}
2025-08-15 13:45:27,234 - sqlalchemy.engine.Engine - INFO - [raw sql] {}
2025-08-15 13:45:27,235 INFO sqlalchemy.engine.Engine DESCRIBE `qlib_web`.`experiment_shares`
2025-08-15 13:45:27,235 - sqlalchemy.engine.Engine - INFO - DESCRIBE `qlib_web`.`experiment_shares`
2025-08-15 13:45:27,235 INFO sqlalchemy.engine.Engine [raw sql] {}
2025-08-15 13:45:27,235 - sqlalchemy.engine.Engine - INFO - [raw sql] {}
2025-08-15 13:45:27,240 INFO sqlalchemy.engine.Engine DESCRIBE `qlib_web`.`share_access_logs`
2025-08-15 13:45:27,240 - sqlalchemy.engine.Engine - INFO - DESCRIBE `qlib_web`.`share_access_logs`
2025-08-15 13:45:27,240 INFO sqlalchemy.engine.Engine [raw sql] {}
2025-08-15 13:45:27,240 - sqlalchemy.engine.Engine - INFO - [raw sql] {}
2025-08-15 13:45:27,241 INFO sqlalchemy.engine.Engine DESCRIBE `qlib_web`.`share_invitations`
2025-08-15 13:45:27,241 - sqlalchemy.engine.Engine - INFO - DESCRIBE `qlib_web`.`share_invitations`
2025-08-15 13:45:27,241 INFO sqlalchemy.engine.Engine [raw sql] {}
2025-08-15 13:45:27,241 - sqlalchemy.engine.Engine - INFO - [raw sql] {}
2025-08-15 13:45:27,242 INFO sqlalchemy.engine.Engine DESCRIBE `qlib_web`.`experiment_comments`
2025-08-15 13:45:27,242 - sqlalchemy.engine.Engine - INFO - DESCRIBE `qlib_web`.`experiment_comments`
2025-08-15 13:45:27,242 INFO sqlalchemy.engine.Engine [raw sql] {}
2025-08-15 13:45:27,242 - sqlalchemy.engine.Engine - INFO - [raw sql] {}
2025-08-15 13:45:27,243 INFO sqlalchemy.engine.Engine DESCRIBE `qlib_web`.`comment_likes`
2025-08-15 13:45:27,243 - sqlalchemy.engine.Engine - INFO - DESCRIBE `qlib_web`.`comment_likes`
2025-08-15 13:45:27,243 INFO sqlalchemy.engine.Engine [raw sql] {}
2025-08-15 13:45:27,243 - sqlalchemy.engine.Engine - INFO - [raw sql] {}
2025-08-15 13:45:27,244 INFO sqlalchemy.engine.Engine DESCRIBE `qlib_web`.`experiment_likes`
2025-08-15 13:45:27,244 - sqlalchemy.engine.Engine - INFO - DESCRIBE `qlib_web`.`experiment_likes`
2025-08-15 13:45:27,244 INFO sqlalchemy.engine.Engine [raw sql] {}
2025-08-15 13:45:27,244 - sqlalchemy.engine.Engine - INFO - [raw sql] {}
2025-08-15 13:45:27,245 INFO sqlalchemy.engine.Engine DESCRIBE `qlib_web`.`experiment_favorites`
2025-08-15 13:45:27,245 - sqlalchemy.engine.Engine - INFO - DESCRIBE `qlib_web`.`experiment_favorites`
2025-08-15 13:45:27,246 INFO sqlalchemy.engine.Engine [raw sql] {}
2025-08-15 13:45:27,246 - sqlalchemy.engine.Engine - INFO - [raw sql] {}
2025-08-15 13:45:27,247 INFO sqlalchemy.engine.Engine DESCRIBE `qlib_web`.`team_activities`
2025-08-15 13:45:27,247 - sqlalchemy.engine.Engine - INFO - DESCRIBE `qlib_web`.`team_activities`
2025-08-15 13:45:27,247 INFO sqlalchemy.engine.Engine [raw sql] {}
2025-08-15 13:45:27,247 - sqlalchemy.engine.Engine - INFO - [raw sql] {}
2025-08-15 13:45:27,248 INFO sqlalchemy.engine.Engine DESCRIBE `qlib_web`.`experiment_ratings`
2025-08-15 13:45:27,248 - sqlalchemy.engine.Engine - INFO - DESCRIBE `qlib_web`.`experiment_ratings`
2025-08-15 13:45:27,248 INFO sqlalchemy.engine.Engine [raw sql] {}
2025-08-15 13:45:27,248 - sqlalchemy.engine.Engine - INFO - [raw sql] {}
2025-08-15 13:45:27,250 INFO sqlalchemy.engine.Engine COMMIT
2025-08-15 13:45:27,250 - sqlalchemy.engine.Engine - INFO - COMMIT
2025-08-15 13:45:27.251 | INFO     | app.main:lifespan:34 - Starting APM service...
2025-08-15 13:45:27.251 | SUCCESS  | app.main:lifespan:36 - APM service started successfully
2025-08-15 13:45:27.252 | INFO     | app.main:lifespan:39 - Starting fault recovery service...
2025-08-15 13:45:27.252 | SUCCESS  | app.main:lifespan:41 - Fault recovery service started successfully
2025-08-15 13:45:27.252 | INFO     | app.main:lifespan:44 - Starting graceful degradation service...
2025-08-15 13:45:27.252 | SUCCESS  | app.main:lifespan:46 - Graceful degradation service started successfully
2025-08-15 13:45:27.252 | INFO     | app.main:lifespan:49 - Initializing Qlib...
[46232:MainThread](2025-08-15 13:45:27,252) INFO - qlib.Initialization - [config.py:452] - default_conf: client.
[46232:MainThread](2025-08-15 13:45:27,569) INFO - qlib.Initialization - [__init__.py:75] - qlib successfully initialized based on client settings.
[46232:MainThread](2025-08-15 13:45:27,570) INFO - qlib.Initialization - [__init__.py:77] - data_path={'__DEFAULT_FREQ': PosixPath('/Users/zhongxuan/.qlib/qlib_data/cn_data')}
2025-08-15 13:45:27.570 | SUCCESS  | app.utils.qlib_manager:init_qlib:42 - Qlib initialized successfully
2025-08-15 13:45:27.570 | WARNING  | app.utils.qlib_manager:init_qlib:49 - Data validation failed: slice(None, 5, None)
2025-08-15 13:45:27.570 | SUCCESS  | app.main:lifespan:53 - Qlib initialized successfully
2025-08-15 13:45:27.570 | SUCCESS  | app.main:lifespan:57 - Application startup complete
2025-08-15 13:45:29,579 INFO sqlalchemy.engine.Engine BEGIN (implicit)
2025-08-15 13:45:29,579 - sqlalchemy.engine.Engine - INFO - BEGIN (implicit)
2025-08-15 13:45:29,580 INFO sqlalchemy.engine.Engine SELECT 1
2025-08-15 13:45:29,580 - sqlalchemy.engine.Engine - INFO - SELECT 1
2025-08-15 13:45:29,580 INFO sqlalchemy.engine.Engine [generated in 0.00015s] {}
2025-08-15 13:45:29,580 - sqlalchemy.engine.Engine - INFO - [generated in 0.00015s] {}
2025-08-15 13:45:30,597 INFO sqlalchemy.engine.Engine BEGIN (implicit)
2025-08-15 13:45:30,597 - sqlalchemy.engine.Engine - INFO - BEGIN (implicit)
2025-08-15 13:45:30,597 INFO sqlalchemy.engine.Engine SELECT 1
2025-08-15 13:45:30,597 - sqlalchemy.engine.Engine - INFO - SELECT 1
2025-08-15 13:45:30,597 INFO sqlalchemy.engine.Engine [cached since 1.018s ago] {}
2025-08-15 13:45:30,597 - sqlalchemy.engine.Engine - INFO - [cached since 1.018s ago] {}
2025-08-15 13:45:32,622 INFO sqlalchemy.engine.Engine BEGIN (implicit)
2025-08-15 13:45:32,622 - sqlalchemy.engine.Engine - INFO - BEGIN (implicit)
2025-08-15 13:45:32,622 INFO sqlalchemy.engine.Engine SELECT 1
2025-08-15 13:45:32,622 - sqlalchemy.engine.Engine - INFO - SELECT 1
2025-08-15 13:45:32,622 INFO sqlalchemy.engine.Engine [cached since 3.043s ago] {}
2025-08-15 13:45:32,622 - sqlalchemy.engine.Engine - INFO - [cached since 3.043s ago] {}
2025-08-15 13:45:33,641 INFO sqlalchemy.engine.Engine BEGIN (implicit)
2025-08-15 13:45:33,641 - sqlalchemy.engine.Engine - INFO - BEGIN (implicit)
2025-08-15 13:45:33,642 INFO sqlalchemy.engine.Engine SELECT 1
2025-08-15 13:45:33,642 - sqlalchemy.engine.Engine - INFO - SELECT 1
2025-08-15 13:45:33,642 INFO sqlalchemy.engine.Engine [cached since 4.062s ago] {}
2025-08-15 13:45:33,642 - sqlalchemy.engine.Engine - INFO - [cached since 4.062s ago] {}
2025-08-15 13:45:33,650 - error_collector - ERROR - {"timestamp": "2025-08-15T13:45:33.649984", "level": "warning", "category": "system", "message": "服务 database 已降级至 moderate 级别", "exception_type": "CustomError", "stack_trace": "  File \"<string>\", line 1, in <module>\n    from multiprocessing.spawn import spawn_main; spawn_main(tracker_fd=5, pipe_handle=7)\n  File \"/opt/homebrew/Cellar/python@3.13/3.13.5/Frameworks/Python.framework/Versions/3.13/lib/python3.13/multiprocessing/spawn.py\", line 122, in spawn_main\n    exitcode = _main(fd, parent_sentinel)\n  File \"/opt/homebrew/Cellar/python@3.13/3.13.5/Frameworks/Python.framework/Versions/3.13/lib/python3.13/multiprocessing/spawn.py\", line 135, in _main\n    return self._bootstrap(parent_sentinel)\n  File \"/opt/homebrew/Cellar/python@3.13/3.13.5/Frameworks/Python.framework/Versions/3.13/lib/python3.13/multiprocessing/process.py\", line 313, in _bootstrap\n    self.run()\n  File \"/opt/homebrew/Cellar/python@3.13/3.13.5/Frameworks/Python.framework/Versions/3.13/lib/python3.13/multiprocessing/process.py\", line 108, in run\n    self._target(*self._args, **self._kwargs)\n  File \"/Users/zhongxuan/Desktop/demo3/qlib-web/backend/venv/lib/python3.13/site-packages/uvicorn/_subprocess.py\", line 80, in subprocess_started\n    target(sockets=sockets)\n  File \"/Users/zhongxuan/Desktop/demo3/qlib-web/backend/venv/lib/python3.13/site-packages/uvicorn/server.py\", line 67, in run\n    return asyncio.run(self.serve(sockets=sockets))\n  File \"/opt/homebrew/Cellar/python@3.13/3.13.5/Frameworks/Python.framework/Versions/3.13/lib/python3.13/asyncio/runners.py\", line 195, in run\n    return runner.run(main)\n  File \"/opt/homebrew/Cellar/python@3.13/3.13.5/Frameworks/Python.framework/Versions/3.13/lib/python3.13/asyncio/runners.py\", line 118, in run\n    return self._loop.run_until_complete(task)\n  File \"/opt/homebrew/Cellar/python@3.13/3.13.5/Frameworks/Python.framework/Versions/3.13/lib/python3.13/asyncio/base_events.py\", line 712, in run_until_complete\n    self.run_forever()\n  File \"/opt/homebrew/Cellar/python@3.13/3.13.5/Frameworks/Python.framework/Versions/3.13/lib/python3.13/asyncio/base_events.py\", line 683, in run_forever\n    self._run_once()\n  File \"/opt/homebrew/Cellar/python@3.13/3.13.5/Frameworks/Python.framework/Versions/3.13/lib/python3.13/asyncio/base_events.py\", line 2042, in _run_once\n    handle._run()\n  File \"/opt/homebrew/Cellar/python@3.13/3.13.5/Frameworks/Python.framework/Versions/3.13/lib/python3.13/asyncio/events.py\", line 89, in _run\n    self._context.run(self._callback, *self._args)\n  File \"/Users/zhongxuan/Desktop/demo3/qlib-web/backend/app/services/graceful_degradation_service.py\", line 344, in _monitoring_loop\n    await self._apply_degradation_rules()\n  File \"/Users/zhongxuan/Desktop/demo3/qlib-web/backend/app/services/graceful_degradation_service.py\", line 414, in _apply_degradation_rules\n    await self._apply_degradation(rule, service_status)\n  File \"/Users/zhongxuan/Desktop/demo3/qlib-web/backend/app/services/graceful_degradation_service.py\", line 461, in _apply_degradation\n    error_logging_service.log_warning(\n  File \"/Users/zhongxuan/Desktop/demo3/qlib-web/backend/app/services/error_logging_service.py\", line 409, in log_warning\n    return self.collector.collect_custom_error(\n  File \"/Users/zhongxuan/Desktop/demo3/qlib-web/backend/app/services/error_logging_service.py\", line 304, in collect_custom_error\n    stack_trace = ''.join(traceback.format_stack())\n", "request_id": null, "user_id": null, "endpoint": null, "method": null, "user_agent": null, "ip_address": null, "additional_context": {}}
INFO:     Application startup complete.
2025-08-15 13:45:34,669 INFO sqlalchemy.engine.Engine BEGIN (implicit)
2025-08-15 13:45:34,669 - sqlalchemy.engine.Engine - INFO - BEGIN (implicit)
2025-08-15 13:45:34,670 INFO sqlalchemy.engine.Engine SELECT 1
2025-08-15 13:45:34,670 - sqlalchemy.engine.Engine - INFO - SELECT 1
2025-08-15 13:45:34,670 INFO sqlalchemy.engine.Engine [cached since 5.09s ago] {}
2025-08-15 13:45:34,670 - sqlalchemy.engine.Engine - INFO - [cached since 5.09s ago] {}
2025-08-15 13:45:34,674 - error_collector - ERROR - {"timestamp": "2025-08-15T13:45:34.673918", "level": "warning", "category": "system", "message": "自动恢复成功: database - 服务 database 重启成功", "exception_type": "CustomError", "stack_trace": "  File \"<string>\", line 1, in <module>\n    from multiprocessing.spawn import spawn_main; spawn_main(tracker_fd=5, pipe_handle=7)\n  File \"/opt/homebrew/Cellar/python@3.13/3.13.5/Frameworks/Python.framework/Versions/3.13/lib/python3.13/multiprocessing/spawn.py\", line 122, in spawn_main\n    exitcode = _main(fd, parent_sentinel)\n  File \"/opt/homebrew/Cellar/python@3.13/3.13.5/Frameworks/Python.framework/Versions/3.13/lib/python3.13/multiprocessing/spawn.py\", line 135, in _main\n    return self._bootstrap(parent_sentinel)\n  File \"/opt/homebrew/Cellar/python@3.13/3.13.5/Frameworks/Python.framework/Versions/3.13/lib/python3.13/multiprocessing/process.py\", line 313, in _bootstrap\n    self.run()\n  File \"/opt/homebrew/Cellar/python@3.13/3.13.5/Frameworks/Python.framework/Versions/3.13/lib/python3.13/multiprocessing/process.py\", line 108, in run\n    self._target(*self._args, **self._kwargs)\n  File \"/Users/zhongxuan/Desktop/demo3/qlib-web/backend/venv/lib/python3.13/site-packages/uvicorn/_subprocess.py\", line 80, in subprocess_started\n    target(sockets=sockets)\n  File \"/Users/zhongxuan/Desktop/demo3/qlib-web/backend/venv/lib/python3.13/site-packages/uvicorn/server.py\", line 67, in run\n    return asyncio.run(self.serve(sockets=sockets))\n  File \"/opt/homebrew/Cellar/python@3.13/3.13.5/Frameworks/Python.framework/Versions/3.13/lib/python3.13/asyncio/runners.py\", line 195, in run\n    return runner.run(main)\n  File \"/opt/homebrew/Cellar/python@3.13/3.13.5/Frameworks/Python.framework/Versions/3.13/lib/python3.13/asyncio/runners.py\", line 118, in run\n    return self._loop.run_until_complete(task)\n  File \"/opt/homebrew/Cellar/python@3.13/3.13.5/Frameworks/Python.framework/Versions/3.13/lib/python3.13/asyncio/base_events.py\", line 712, in run_until_complete\n    self.run_forever()\n  File \"/opt/homebrew/Cellar/python@3.13/3.13.5/Frameworks/Python.framework/Versions/3.13/lib/python3.13/asyncio/base_events.py\", line 683, in run_forever\n    self._run_once()\n  File \"/opt/homebrew/Cellar/python@3.13/3.13.5/Frameworks/Python.framework/Versions/3.13/lib/python3.13/asyncio/base_events.py\", line 2042, in _run_once\n    handle._run()\n  File \"/opt/homebrew/Cellar/python@3.13/3.13.5/Frameworks/Python.framework/Versions/3.13/lib/python3.13/asyncio/events.py\", line 89, in _run\n    self._context.run(self._callback, *self._args)\n  File \"/Users/zhongxuan/Desktop/demo3/qlib-web/backend/app/services/fault_recovery_service.py\", line 417, in _monitor_loop\n    await self._apply_recovery_rules()\n  File \"/Users/zhongxuan/Desktop/demo3/qlib-web/backend/app/services/fault_recovery_service.py\", line 462, in _apply_recovery_rules\n    await self._execute_recovery_rule(rule, service_name, health)\n  File \"/Users/zhongxuan/Desktop/demo3/qlib-web/backend/app/services/fault_recovery_service.py\", line 538, in _execute_recovery_rule\n    error_logging_service.log_warning(\n  File \"/Users/zhongxuan/Desktop/demo3/qlib-web/backend/app/services/error_logging_service.py\", line 409, in log_warning\n    return self.collector.collect_custom_error(\n  File \"/Users/zhongxuan/Desktop/demo3/qlib-web/backend/app/services/error_logging_service.py\", line 304, in collect_custom_error\n    stack_trace = ''.join(traceback.format_stack())\n", "request_id": null, "user_id": null, "endpoint": null, "method": null, "user_agent": null, "ip_address": null, "additional_context": {}}
2025-08-15 13:45:34.675 | INFO     | app.main:add_request_id:151 - Request completed: GET /health Status: 200 Time: 1.012s ID: 7c8cec64-06df-4599-b91f-fa45d3cc9ab4
INFO:     127.0.0.1:62148 - "GET /health HTTP/1.1" 200 OK
2025-08-15 13:45:43.443 | INFO     | app.main:add_request_id:151 - Request completed: GET /api/v1/docs Status: 200 Time: 0.001s ID: e85996c8-35cc-456f-85b4-c1b9260fce3a
INFO:     127.0.0.1:62262 - "GET /api/v1/docs HTTP/1.1" 200 OK
2025-08-15 13:46:05,684 INFO sqlalchemy.engine.Engine BEGIN (implicit)
2025-08-15 13:46:05,684 - sqlalchemy.engine.Engine - INFO - BEGIN (implicit)
2025-08-15 13:46:05,685 INFO sqlalchemy.engine.Engine SELECT 1
2025-08-15 13:46:05,685 - sqlalchemy.engine.Engine - INFO - SELECT 1
2025-08-15 13:46:05,685 INFO sqlalchemy.engine.Engine [cached since 36.11s ago] {}
2025-08-15 13:46:05,685 - sqlalchemy.engine.Engine - INFO - [cached since 36.11s ago] {}
2025-08-15 13:46:06,694 INFO sqlalchemy.engine.Engine BEGIN (implicit)
2025-08-15 13:46:06,694 - sqlalchemy.engine.Engine - INFO - BEGIN (implicit)
2025-08-15 13:46:06,695 INFO sqlalchemy.engine.Engine SELECT 1
2025-08-15 13:46:06,695 - sqlalchemy.engine.Engine - INFO - SELECT 1
2025-08-15 13:46:06,695 INFO sqlalchemy.engine.Engine [cached since 37.12s ago] {}
2025-08-15 13:46:06,695 - sqlalchemy.engine.Engine - INFO - [cached since 37.12s ago] {}
2025-08-15 13:46:08,708 INFO sqlalchemy.engine.Engine BEGIN (implicit)
2025-08-15 13:46:08,708 - sqlalchemy.engine.Engine - INFO - BEGIN (implicit)
2025-08-15 13:46:08,708 INFO sqlalchemy.engine.Engine SELECT 1
2025-08-15 13:46:08,708 - sqlalchemy.engine.Engine - INFO - SELECT 1
2025-08-15 13:46:08,708 INFO sqlalchemy.engine.Engine [cached since 39.13s ago] {}
2025-08-15 13:46:08,708 - sqlalchemy.engine.Engine - INFO - [cached since 39.13s ago] {}
2025-08-15 13:46:09,730 INFO sqlalchemy.engine.Engine BEGIN (implicit)
2025-08-15 13:46:09,730 - sqlalchemy.engine.Engine - INFO - BEGIN (implicit)
2025-08-15 13:46:09,731 INFO sqlalchemy.engine.Engine SELECT 1
2025-08-15 13:46:09,731 - sqlalchemy.engine.Engine - INFO - SELECT 1
2025-08-15 13:46:09,731 INFO sqlalchemy.engine.Engine [cached since 40.15s ago] {}
2025-08-15 13:46:09,731 - sqlalchemy.engine.Engine - INFO - [cached since 40.15s ago] {}
2025-08-15 13:46:40,755 INFO sqlalchemy.engine.Engine BEGIN (implicit)
2025-08-15 13:46:40,755 - sqlalchemy.engine.Engine - INFO - BEGIN (implicit)
2025-08-15 13:46:40,756 INFO sqlalchemy.engine.Engine SELECT 1
2025-08-15 13:46:40,756 - sqlalchemy.engine.Engine - INFO - SELECT 1
2025-08-15 13:46:40,756 INFO sqlalchemy.engine.Engine [cached since 71.18s ago] {}
2025-08-15 13:46:40,756 - sqlalchemy.engine.Engine - INFO - [cached since 71.18s ago] {}
2025-08-15 13:46:41,776 INFO sqlalchemy.engine.Engine BEGIN (implicit)
2025-08-15 13:46:41,776 - sqlalchemy.engine.Engine - INFO - BEGIN (implicit)
2025-08-15 13:46:41,777 INFO sqlalchemy.engine.Engine SELECT 1
2025-08-15 13:46:41,777 - sqlalchemy.engine.Engine - INFO - SELECT 1
2025-08-15 13:46:41,777 INFO sqlalchemy.engine.Engine [cached since 72.2s ago] {}
2025-08-15 13:46:41,777 - sqlalchemy.engine.Engine - INFO - [cached since 72.2s ago] {}
2025-08-15 13:46:43,795 INFO sqlalchemy.engine.Engine BEGIN (implicit)
2025-08-15 13:46:43,795 - sqlalchemy.engine.Engine - INFO - BEGIN (implicit)
2025-08-15 13:46:43,795 INFO sqlalchemy.engine.Engine SELECT 1
2025-08-15 13:46:43,795 - sqlalchemy.engine.Engine - INFO - SELECT 1
2025-08-15 13:46:43,795 INFO sqlalchemy.engine.Engine [cached since 74.22s ago] {}
2025-08-15 13:46:43,795 - sqlalchemy.engine.Engine - INFO - [cached since 74.22s ago] {}
2025-08-15 13:46:44,809 INFO sqlalchemy.engine.Engine BEGIN (implicit)
2025-08-15 13:46:44,809 - sqlalchemy.engine.Engine - INFO - BEGIN (implicit)
2025-08-15 13:46:44,810 INFO sqlalchemy.engine.Engine SELECT 1
2025-08-15 13:46:44,810 - sqlalchemy.engine.Engine - INFO - SELECT 1
2025-08-15 13:46:44,810 INFO sqlalchemy.engine.Engine [cached since 75.23s ago] {}
2025-08-15 13:46:44,810 - sqlalchemy.engine.Engine - INFO - [cached since 75.23s ago] {}
2025-08-15 13:47:15,832 INFO sqlalchemy.engine.Engine BEGIN (implicit)
2025-08-15 13:47:15,832 - sqlalchemy.engine.Engine - INFO - BEGIN (implicit)
2025-08-15 13:47:15,833 INFO sqlalchemy.engine.Engine SELECT 1
2025-08-15 13:47:15,833 - sqlalchemy.engine.Engine - INFO - SELECT 1
2025-08-15 13:47:15,834 INFO sqlalchemy.engine.Engine [cached since 106.3s ago] {}
2025-08-15 13:47:15,834 - sqlalchemy.engine.Engine - INFO - [cached since 106.3s ago] {}
2025-08-15 13:47:16,855 INFO sqlalchemy.engine.Engine BEGIN (implicit)
2025-08-15 13:47:16,855 - sqlalchemy.engine.Engine - INFO - BEGIN (implicit)
2025-08-15 13:47:16,855 INFO sqlalchemy.engine.Engine SELECT 1
2025-08-15 13:47:16,855 - sqlalchemy.engine.Engine - INFO - SELECT 1
2025-08-15 13:47:16,855 INFO sqlalchemy.engine.Engine [cached since 107.3s ago] {}
2025-08-15 13:47:16,855 - sqlalchemy.engine.Engine - INFO - [cached since 107.3s ago] {}
2025-08-15 13:47:18,872 INFO sqlalchemy.engine.Engine BEGIN (implicit)
2025-08-15 13:47:18,872 - sqlalchemy.engine.Engine - INFO - BEGIN (implicit)
2025-08-15 13:47:18,872 INFO sqlalchemy.engine.Engine SELECT 1
2025-08-15 13:47:18,872 - sqlalchemy.engine.Engine - INFO - SELECT 1
2025-08-15 13:47:18,873 INFO sqlalchemy.engine.Engine [cached since 109.3s ago] {}
2025-08-15 13:47:18,873 - sqlalchemy.engine.Engine - INFO - [cached since 109.3s ago] {}
2025-08-15 13:47:19,887 INFO sqlalchemy.engine.Engine BEGIN (implicit)
2025-08-15 13:47:19,887 - sqlalchemy.engine.Engine - INFO - BEGIN (implicit)
2025-08-15 13:47:19,888 INFO sqlalchemy.engine.Engine SELECT 1
2025-08-15 13:47:19,888 - sqlalchemy.engine.Engine - INFO - SELECT 1
2025-08-15 13:47:19,888 INFO sqlalchemy.engine.Engine [cached since 110.3s ago] {}
2025-08-15 13:47:19,888 - sqlalchemy.engine.Engine - INFO - [cached since 110.3s ago] {}
2025-08-15 13:47:50,919 INFO sqlalchemy.engine.Engine BEGIN (implicit)
2025-08-15 13:47:50,919 - sqlalchemy.engine.Engine - INFO - BEGIN (implicit)
2025-08-15 13:47:50,920 INFO sqlalchemy.engine.Engine SELECT 1
2025-08-15 13:47:50,920 - sqlalchemy.engine.Engine - INFO - SELECT 1
2025-08-15 13:47:50,921 INFO sqlalchemy.engine.Engine [cached since 141.3s ago] {}
2025-08-15 13:47:50,921 - sqlalchemy.engine.Engine - INFO - [cached since 141.3s ago] {}
2025-08-15 13:47:51,934 INFO sqlalchemy.engine.Engine BEGIN (implicit)
2025-08-15 13:47:51,934 - sqlalchemy.engine.Engine - INFO - BEGIN (implicit)
2025-08-15 13:47:51,935 INFO sqlalchemy.engine.Engine SELECT 1
2025-08-15 13:47:51,935 - sqlalchemy.engine.Engine - INFO - SELECT 1
2025-08-15 13:47:51,935 INFO sqlalchemy.engine.Engine [cached since 142.4s ago] {}
2025-08-15 13:47:51,935 - sqlalchemy.engine.Engine - INFO - [cached since 142.4s ago] {}
2025-08-15 13:47:53,959 INFO sqlalchemy.engine.Engine BEGIN (implicit)
2025-08-15 13:47:53,959 - sqlalchemy.engine.Engine - INFO - BEGIN (implicit)
2025-08-15 13:47:53,959 INFO sqlalchemy.engine.Engine SELECT 1
2025-08-15 13:47:53,959 - sqlalchemy.engine.Engine - INFO - SELECT 1
2025-08-15 13:47:53,959 INFO sqlalchemy.engine.Engine [cached since 144.4s ago] {}
2025-08-15 13:47:53,959 - sqlalchemy.engine.Engine - INFO - [cached since 144.4s ago] {}
2025-08-15 13:47:54,977 INFO sqlalchemy.engine.Engine BEGIN (implicit)
2025-08-15 13:47:54,977 - sqlalchemy.engine.Engine - INFO - BEGIN (implicit)
2025-08-15 13:47:54,977 INFO sqlalchemy.engine.Engine SELECT 1
2025-08-15 13:47:54,977 - sqlalchemy.engine.Engine - INFO - SELECT 1
2025-08-15 13:47:54,977 INFO sqlalchemy.engine.Engine [cached since 145.4s ago] {}
2025-08-15 13:47:54,977 - sqlalchemy.engine.Engine - INFO - [cached since 145.4s ago] {}
2025-08-15 13:48:26,033 INFO sqlalchemy.engine.Engine BEGIN (implicit)
2025-08-15 13:48:26,033 - sqlalchemy.engine.Engine - INFO - BEGIN (implicit)
2025-08-15 13:48:26,034 INFO sqlalchemy.engine.Engine SELECT 1
2025-08-15 13:48:26,034 - sqlalchemy.engine.Engine - INFO - SELECT 1
2025-08-15 13:48:26,034 INFO sqlalchemy.engine.Engine [cached since 176.5s ago] {}
2025-08-15 13:48:26,034 - sqlalchemy.engine.Engine - INFO - [cached since 176.5s ago] {}
2025-08-15 13:48:27,051 INFO sqlalchemy.engine.Engine BEGIN (implicit)
2025-08-15 13:48:27,051 - sqlalchemy.engine.Engine - INFO - BEGIN (implicit)
2025-08-15 13:48:27,051 INFO sqlalchemy.engine.Engine SELECT 1
2025-08-15 13:48:27,051 - sqlalchemy.engine.Engine - INFO - SELECT 1
2025-08-15 13:48:27,051 INFO sqlalchemy.engine.Engine [cached since 177.5s ago] {}
2025-08-15 13:48:27,051 - sqlalchemy.engine.Engine - INFO - [cached since 177.5s ago] {}
2025-08-15 13:48:29,071 INFO sqlalchemy.engine.Engine BEGIN (implicit)
2025-08-15 13:48:29,071 - sqlalchemy.engine.Engine - INFO - BEGIN (implicit)
2025-08-15 13:48:29,072 INFO sqlalchemy.engine.Engine SELECT 1
2025-08-15 13:48:29,072 - sqlalchemy.engine.Engine - INFO - SELECT 1
2025-08-15 13:48:29,072 INFO sqlalchemy.engine.Engine [cached since 179.5s ago] {}
2025-08-15 13:48:29,072 - sqlalchemy.engine.Engine - INFO - [cached since 179.5s ago] {}
2025-08-15 13:48:30,088 INFO sqlalchemy.engine.Engine BEGIN (implicit)
2025-08-15 13:48:30,088 - sqlalchemy.engine.Engine - INFO - BEGIN (implicit)
2025-08-15 13:48:30,088 INFO sqlalchemy.engine.Engine SELECT 1
2025-08-15 13:48:30,088 - sqlalchemy.engine.Engine - INFO - SELECT 1
2025-08-15 13:48:30,088 INFO sqlalchemy.engine.Engine [cached since 180.5s ago] {}
2025-08-15 13:48:30,088 - sqlalchemy.engine.Engine - INFO - [cached since 180.5s ago] {}
2025-08-15 13:48:34,614 - error_collector - ERROR - {"timestamp": "2025-08-15T13:48:34.613906", "level": "warning", "category": "system", "message": "服务 database 已自动恢复正常", "exception_type": "CustomError", "stack_trace": "  File \"<string>\", line 1, in <module>\n    from multiprocessing.spawn import spawn_main; spawn_main(tracker_fd=5, pipe_handle=7)\n  File \"/opt/homebrew/Cellar/python@3.13/3.13.5/Frameworks/Python.framework/Versions/3.13/lib/python3.13/multiprocessing/spawn.py\", line 122, in spawn_main\n    exitcode = _main(fd, parent_sentinel)\n  File \"/opt/homebrew/Cellar/python@3.13/3.13.5/Frameworks/Python.framework/Versions/3.13/lib/python3.13/multiprocessing/spawn.py\", line 135, in _main\n    return self._bootstrap(parent_sentinel)\n  File \"/opt/homebrew/Cellar/python@3.13/3.13.5/Frameworks/Python.framework/Versions/3.13/lib/python3.13/multiprocessing/process.py\", line 313, in _bootstrap\n    self.run()\n  File \"/opt/homebrew/Cellar/python@3.13/3.13.5/Frameworks/Python.framework/Versions/3.13/lib/python3.13/multiprocessing/process.py\", line 108, in run\n    self._target(*self._args, **self._kwargs)\n  File \"/Users/zhongxuan/Desktop/demo3/qlib-web/backend/venv/lib/python3.13/site-packages/uvicorn/_subprocess.py\", line 80, in subprocess_started\n    target(sockets=sockets)\n  File \"/Users/zhongxuan/Desktop/demo3/qlib-web/backend/venv/lib/python3.13/site-packages/uvicorn/server.py\", line 67, in run\n    return asyncio.run(self.serve(sockets=sockets))\n  File \"/opt/homebrew/Cellar/python@3.13/3.13.5/Frameworks/Python.framework/Versions/3.13/lib/python3.13/asyncio/runners.py\", line 195, in run\n    return runner.run(main)\n  File \"/opt/homebrew/Cellar/python@3.13/3.13.5/Frameworks/Python.framework/Versions/3.13/lib/python3.13/asyncio/runners.py\", line 118, in run\n    return self._loop.run_until_complete(task)\n  File \"/opt/homebrew/Cellar/python@3.13/3.13.5/Frameworks/Python.framework/Versions/3.13/lib/python3.13/asyncio/base_events.py\", line 712, in run_until_complete\n    self.run_forever()\n  File \"/opt/homebrew/Cellar/python@3.13/3.13.5/Frameworks/Python.framework/Versions/3.13/lib/python3.13/asyncio/base_events.py\", line 683, in run_forever\n    self._run_once()\n  File \"/opt/homebrew/Cellar/python@3.13/3.13.5/Frameworks/Python.framework/Versions/3.13/lib/python3.13/asyncio/base_events.py\", line 2042, in _run_once\n    handle._run()\n  File \"/opt/homebrew/Cellar/python@3.13/3.13.5/Frameworks/Python.framework/Versions/3.13/lib/python3.13/asyncio/events.py\", line 89, in _run\n    self._context.run(self._callback, *self._args)\n  File \"/Users/zhongxuan/Desktop/demo3/qlib-web/backend/app/services/graceful_degradation_service.py\", line 344, in _monitoring_loop\n    await self._apply_degradation_rules()\n  File \"/Users/zhongxuan/Desktop/demo3/qlib-web/backend/app/services/graceful_degradation_service.py\", line 418, in _apply_degradation_rules\n    await self._attempt_service_recovery(rule, service_status)\n  File \"/Users/zhongxuan/Desktop/demo3/qlib-web/backend/app/services/graceful_degradation_service.py\", line 502, in _attempt_service_recovery\n    error_logging_service.log_warning(\n  File \"/Users/zhongxuan/Desktop/demo3/qlib-web/backend/app/services/error_logging_service.py\", line 409, in log_warning\n    return self.collector.collect_custom_error(\n  File \"/Users/zhongxuan/Desktop/demo3/qlib-web/backend/app/services/error_logging_service.py\", line 304, in collect_custom_error\n    stack_trace = ''.join(traceback.format_stack())\n", "request_id": null, "user_id": null, "endpoint": null, "method": null, "user_agent": null, "ip_address": null, "additional_context": {}}
2025-08-15 13:49:01,111 INFO sqlalchemy.engine.Engine BEGIN (implicit)
2025-08-15 13:49:01,111 - sqlalchemy.engine.Engine - INFO - BEGIN (implicit)
2025-08-15 13:49:01,112 INFO sqlalchemy.engine.Engine SELECT 1
2025-08-15 13:49:01,112 - sqlalchemy.engine.Engine - INFO - SELECT 1
2025-08-15 13:49:01,112 INFO sqlalchemy.engine.Engine [cached since 211.5s ago] {}
2025-08-15 13:49:01,112 - sqlalchemy.engine.Engine - INFO - [cached since 211.5s ago] {}
2025-08-15 13:49:02,159 INFO sqlalchemy.engine.Engine BEGIN (implicit)
2025-08-15 13:49:02,159 - sqlalchemy.engine.Engine - INFO - BEGIN (implicit)
2025-08-15 13:49:02,160 INFO sqlalchemy.engine.Engine SELECT 1
2025-08-15 13:49:02,160 - sqlalchemy.engine.Engine - INFO - SELECT 1
2025-08-15 13:49:02,160 INFO sqlalchemy.engine.Engine [cached since 212.6s ago] {}
2025-08-15 13:49:02,160 - sqlalchemy.engine.Engine - INFO - [cached since 212.6s ago] {}
2025-08-15 13:49:04,171 INFO sqlalchemy.engine.Engine BEGIN (implicit)
2025-08-15 13:49:04,171 - sqlalchemy.engine.Engine - INFO - BEGIN (implicit)
2025-08-15 13:49:04,172 INFO sqlalchemy.engine.Engine SELECT 1
2025-08-15 13:49:04,172 - sqlalchemy.engine.Engine - INFO - SELECT 1
2025-08-15 13:49:04,172 INFO sqlalchemy.engine.Engine [cached since 214.6s ago] {}
2025-08-15 13:49:04,172 - sqlalchemy.engine.Engine - INFO - [cached since 214.6s ago] {}
2025-08-15 13:49:05,181 INFO sqlalchemy.engine.Engine BEGIN (implicit)
2025-08-15 13:49:05,181 - sqlalchemy.engine.Engine - INFO - BEGIN (implicit)
2025-08-15 13:49:05,182 INFO sqlalchemy.engine.Engine SELECT 1
2025-08-15 13:49:05,182 - sqlalchemy.engine.Engine - INFO - SELECT 1
2025-08-15 13:49:05,182 INFO sqlalchemy.engine.Engine [cached since 215.6s ago] {}
2025-08-15 13:49:05,182 - sqlalchemy.engine.Engine - INFO - [cached since 215.6s ago] {}
2025-08-15 13:49:36,190 INFO sqlalchemy.engine.Engine BEGIN (implicit)
2025-08-15 13:49:36,190 - sqlalchemy.engine.Engine - INFO - BEGIN (implicit)
2025-08-15 13:49:36,192 INFO sqlalchemy.engine.Engine SELECT 1
2025-08-15 13:49:36,192 - sqlalchemy.engine.Engine - INFO - SELECT 1
2025-08-15 13:49:36,192 INFO sqlalchemy.engine.Engine [cached since 246.6s ago] {}
2025-08-15 13:49:36,192 - sqlalchemy.engine.Engine - INFO - [cached since 246.6s ago] {}
2025-08-15 13:49:37,196 INFO sqlalchemy.engine.Engine BEGIN (implicit)
2025-08-15 13:49:37,196 - sqlalchemy.engine.Engine - INFO - BEGIN (implicit)
2025-08-15 13:49:37,196 INFO sqlalchemy.engine.Engine SELECT 1
2025-08-15 13:49:37,196 - sqlalchemy.engine.Engine - INFO - SELECT 1
2025-08-15 13:49:37,196 INFO sqlalchemy.engine.Engine [cached since 247.6s ago] {}
2025-08-15 13:49:37,196 - sqlalchemy.engine.Engine - INFO - [cached since 247.6s ago] {}
2025-08-15 13:49:39,204 INFO sqlalchemy.engine.Engine BEGIN (implicit)
2025-08-15 13:49:39,204 - sqlalchemy.engine.Engine - INFO - BEGIN (implicit)
2025-08-15 13:49:39,204 INFO sqlalchemy.engine.Engine SELECT 1
2025-08-15 13:49:39,204 - sqlalchemy.engine.Engine - INFO - SELECT 1
2025-08-15 13:49:39,204 INFO sqlalchemy.engine.Engine [cached since 249.6s ago] {}
2025-08-15 13:49:39,204 - sqlalchemy.engine.Engine - INFO - [cached since 249.6s ago] {}
2025-08-15 13:49:40,207 INFO sqlalchemy.engine.Engine BEGIN (implicit)
2025-08-15 13:49:40,207 - sqlalchemy.engine.Engine - INFO - BEGIN (implicit)
2025-08-15 13:49:40,207 INFO sqlalchemy.engine.Engine SELECT 1
2025-08-15 13:49:40,207 - sqlalchemy.engine.Engine - INFO - SELECT 1
2025-08-15 13:49:40,207 INFO sqlalchemy.engine.Engine [cached since 250.6s ago] {}
2025-08-15 13:49:40,207 - sqlalchemy.engine.Engine - INFO - [cached since 250.6s ago] {}
2025-08-15 13:50:11,214 INFO sqlalchemy.engine.Engine BEGIN (implicit)
2025-08-15 13:50:11,214 - sqlalchemy.engine.Engine - INFO - BEGIN (implicit)
2025-08-15 13:50:11,216 INFO sqlalchemy.engine.Engine SELECT 1
2025-08-15 13:50:11,216 - sqlalchemy.engine.Engine - INFO - SELECT 1
2025-08-15 13:50:11,216 INFO sqlalchemy.engine.Engine [cached since 281.6s ago] {}
2025-08-15 13:50:11,216 - sqlalchemy.engine.Engine - INFO - [cached since 281.6s ago] {}
2025-08-15 13:50:12,228 INFO sqlalchemy.engine.Engine BEGIN (implicit)
2025-08-15 13:50:12,228 - sqlalchemy.engine.Engine - INFO - BEGIN (implicit)
2025-08-15 13:50:12,229 INFO sqlalchemy.engine.Engine SELECT 1
2025-08-15 13:50:12,229 - sqlalchemy.engine.Engine - INFO - SELECT 1
2025-08-15 13:50:12,229 INFO sqlalchemy.engine.Engine [cached since 282.7s ago] {}
2025-08-15 13:50:12,229 - sqlalchemy.engine.Engine - INFO - [cached since 282.7s ago] {}
2025-08-15 13:50:14,243 INFO sqlalchemy.engine.Engine BEGIN (implicit)
2025-08-15 13:50:14,243 - sqlalchemy.engine.Engine - INFO - BEGIN (implicit)
2025-08-15 13:50:14,243 INFO sqlalchemy.engine.Engine SELECT 1
2025-08-15 13:50:14,243 - sqlalchemy.engine.Engine - INFO - SELECT 1
2025-08-15 13:50:14,244 INFO sqlalchemy.engine.Engine [cached since 284.7s ago] {}
2025-08-15 13:50:14,244 - sqlalchemy.engine.Engine - INFO - [cached since 284.7s ago] {}
2025-08-15 13:50:15,252 INFO sqlalchemy.engine.Engine BEGIN (implicit)
2025-08-15 13:50:15,252 - sqlalchemy.engine.Engine - INFO - BEGIN (implicit)
2025-08-15 13:50:15,252 INFO sqlalchemy.engine.Engine SELECT 1
2025-08-15 13:50:15,252 - sqlalchemy.engine.Engine - INFO - SELECT 1
2025-08-15 13:50:15,252 INFO sqlalchemy.engine.Engine [cached since 285.7s ago] {}
2025-08-15 13:50:15,252 - sqlalchemy.engine.Engine - INFO - [cached since 285.7s ago] {}
2025-08-15 13:50:46,278 INFO sqlalchemy.engine.Engine BEGIN (implicit)
2025-08-15 13:50:46,278 - sqlalchemy.engine.Engine - INFO - BEGIN (implicit)
2025-08-15 13:50:46,278 INFO sqlalchemy.engine.Engine SELECT 1
2025-08-15 13:50:46,278 - sqlalchemy.engine.Engine - INFO - SELECT 1
2025-08-15 13:50:46,279 INFO sqlalchemy.engine.Engine [cached since 316.7s ago] {}
2025-08-15 13:50:46,279 - sqlalchemy.engine.Engine - INFO - [cached since 316.7s ago] {}
2025-08-15 13:50:47,292 INFO sqlalchemy.engine.Engine BEGIN (implicit)
2025-08-15 13:50:47,292 - sqlalchemy.engine.Engine - INFO - BEGIN (implicit)
2025-08-15 13:50:47,293 INFO sqlalchemy.engine.Engine SELECT 1
2025-08-15 13:50:47,293 - sqlalchemy.engine.Engine - INFO - SELECT 1
2025-08-15 13:50:47,293 INFO sqlalchemy.engine.Engine [cached since 317.7s ago] {}
2025-08-15 13:50:47,293 - sqlalchemy.engine.Engine - INFO - [cached since 317.7s ago] {}
2025-08-15 13:50:49,310 INFO sqlalchemy.engine.Engine BEGIN (implicit)
2025-08-15 13:50:49,310 - sqlalchemy.engine.Engine - INFO - BEGIN (implicit)
2025-08-15 13:50:49,310 INFO sqlalchemy.engine.Engine SELECT 1
2025-08-15 13:50:49,310 - sqlalchemy.engine.Engine - INFO - SELECT 1
2025-08-15 13:50:49,310 INFO sqlalchemy.engine.Engine [cached since 319.7s ago] {}
2025-08-15 13:50:49,310 - sqlalchemy.engine.Engine - INFO - [cached since 319.7s ago] {}
2025-08-15 13:50:50,330 INFO sqlalchemy.engine.Engine BEGIN (implicit)
2025-08-15 13:50:50,330 - sqlalchemy.engine.Engine - INFO - BEGIN (implicit)
2025-08-15 13:50:50,331 INFO sqlalchemy.engine.Engine SELECT 1
2025-08-15 13:50:50,331 - sqlalchemy.engine.Engine - INFO - SELECT 1
2025-08-15 13:50:50,331 INFO sqlalchemy.engine.Engine [cached since 320.8s ago] {}
2025-08-15 13:50:50,331 - sqlalchemy.engine.Engine - INFO - [cached since 320.8s ago] {}
2025-08-15 13:50:51,340 - error_collector - ERROR - {"timestamp": "2025-08-15T13:50:51.339842", "level": "warning", "category": "system", "message": "自动恢复成功: database - 服务 database 重启成功", "exception_type": "CustomError", "stack_trace": "  File \"<string>\", line 1, in <module>\n    from multiprocessing.spawn import spawn_main; spawn_main(tracker_fd=5, pipe_handle=7)\n  File \"/opt/homebrew/Cellar/python@3.13/3.13.5/Frameworks/Python.framework/Versions/3.13/lib/python3.13/multiprocessing/spawn.py\", line 122, in spawn_main\n    exitcode = _main(fd, parent_sentinel)\n  File \"/opt/homebrew/Cellar/python@3.13/3.13.5/Frameworks/Python.framework/Versions/3.13/lib/python3.13/multiprocessing/spawn.py\", line 135, in _main\n    return self._bootstrap(parent_sentinel)\n  File \"/opt/homebrew/Cellar/python@3.13/3.13.5/Frameworks/Python.framework/Versions/3.13/lib/python3.13/multiprocessing/process.py\", line 313, in _bootstrap\n    self.run()\n  File \"/opt/homebrew/Cellar/python@3.13/3.13.5/Frameworks/Python.framework/Versions/3.13/lib/python3.13/multiprocessing/process.py\", line 108, in run\n    self._target(*self._args, **self._kwargs)\n  File \"/Users/zhongxuan/Desktop/demo3/qlib-web/backend/venv/lib/python3.13/site-packages/uvicorn/_subprocess.py\", line 80, in subprocess_started\n    target(sockets=sockets)\n  File \"/Users/zhongxuan/Desktop/demo3/qlib-web/backend/venv/lib/python3.13/site-packages/uvicorn/server.py\", line 67, in run\n    return asyncio.run(self.serve(sockets=sockets))\n  File \"/opt/homebrew/Cellar/python@3.13/3.13.5/Frameworks/Python.framework/Versions/3.13/lib/python3.13/asyncio/runners.py\", line 195, in run\n    return runner.run(main)\n  File \"/opt/homebrew/Cellar/python@3.13/3.13.5/Frameworks/Python.framework/Versions/3.13/lib/python3.13/asyncio/runners.py\", line 118, in run\n    return self._loop.run_until_complete(task)\n  File \"/opt/homebrew/Cellar/python@3.13/3.13.5/Frameworks/Python.framework/Versions/3.13/lib/python3.13/asyncio/base_events.py\", line 712, in run_until_complete\n    self.run_forever()\n  File \"/opt/homebrew/Cellar/python@3.13/3.13.5/Frameworks/Python.framework/Versions/3.13/lib/python3.13/asyncio/base_events.py\", line 683, in run_forever\n    self._run_once()\n  File \"/opt/homebrew/Cellar/python@3.13/3.13.5/Frameworks/Python.framework/Versions/3.13/lib/python3.13/asyncio/base_events.py\", line 2042, in _run_once\n    handle._run()\n  File \"/opt/homebrew/Cellar/python@3.13/3.13.5/Frameworks/Python.framework/Versions/3.13/lib/python3.13/asyncio/events.py\", line 89, in _run\n    self._context.run(self._callback, *self._args)\n  File \"/Users/zhongxuan/Desktop/demo3/qlib-web/backend/app/services/fault_recovery_service.py\", line 417, in _monitor_loop\n    await self._apply_recovery_rules()\n  File \"/Users/zhongxuan/Desktop/demo3/qlib-web/backend/app/services/fault_recovery_service.py\", line 462, in _apply_recovery_rules\n    await self._execute_recovery_rule(rule, service_name, health)\n  File \"/Users/zhongxuan/Desktop/demo3/qlib-web/backend/app/services/fault_recovery_service.py\", line 538, in _execute_recovery_rule\n    error_logging_service.log_warning(\n  File \"/Users/zhongxuan/Desktop/demo3/qlib-web/backend/app/services/error_logging_service.py\", line 409, in log_warning\n    return self.collector.collect_custom_error(\n  File \"/Users/zhongxuan/Desktop/demo3/qlib-web/backend/app/services/error_logging_service.py\", line 304, in collect_custom_error\n    stack_trace = ''.join(traceback.format_stack())\n", "request_id": null, "user_id": null, "endpoint": null, "method": null, "user_agent": null, "ip_address": null, "additional_context": {}}
2025-08-15 13:51:23,372 INFO sqlalchemy.engine.Engine BEGIN (implicit)
2025-08-15 13:51:23,372 - sqlalchemy.engine.Engine - INFO - BEGIN (implicit)
2025-08-15 13:51:23,374 INFO sqlalchemy.engine.Engine SELECT 1
2025-08-15 13:51:23,374 - sqlalchemy.engine.Engine - INFO - SELECT 1
2025-08-15 13:51:23,374 INFO sqlalchemy.engine.Engine [cached since 353.8s ago] {}
2025-08-15 13:51:23,374 - sqlalchemy.engine.Engine - INFO - [cached since 353.8s ago] {}
2025-08-15 13:51:24,393 INFO sqlalchemy.engine.Engine BEGIN (implicit)
2025-08-15 13:51:24,393 - sqlalchemy.engine.Engine - INFO - BEGIN (implicit)
2025-08-15 13:51:24,393 INFO sqlalchemy.engine.Engine SELECT 1
2025-08-15 13:51:24,393 - sqlalchemy.engine.Engine - INFO - SELECT 1
2025-08-15 13:51:24,393 INFO sqlalchemy.engine.Engine [cached since 354.8s ago] {}
2025-08-15 13:51:24,393 - sqlalchemy.engine.Engine - INFO - [cached since 354.8s ago] {}
2025-08-15 13:51:26,424 INFO sqlalchemy.engine.Engine BEGIN (implicit)
2025-08-15 13:51:26,424 - sqlalchemy.engine.Engine - INFO - BEGIN (implicit)
2025-08-15 13:51:26,424 INFO sqlalchemy.engine.Engine SELECT 1
2025-08-15 13:51:26,424 - sqlalchemy.engine.Engine - INFO - SELECT 1
2025-08-15 13:51:26,424 INFO sqlalchemy.engine.Engine [cached since 356.9s ago] {}
2025-08-15 13:51:26,424 - sqlalchemy.engine.Engine - INFO - [cached since 356.9s ago] {}
2025-08-15 13:51:27,442 INFO sqlalchemy.engine.Engine BEGIN (implicit)
2025-08-15 13:51:27,442 - sqlalchemy.engine.Engine - INFO - BEGIN (implicit)
2025-08-15 13:51:27,442 INFO sqlalchemy.engine.Engine SELECT 1
2025-08-15 13:51:27,442 - sqlalchemy.engine.Engine - INFO - SELECT 1
2025-08-15 13:51:27,443 INFO sqlalchemy.engine.Engine [cached since 357.9s ago] {}
2025-08-15 13:51:27,443 - sqlalchemy.engine.Engine - INFO - [cached since 357.9s ago] {}
2025-08-15 13:51:58,471 INFO sqlalchemy.engine.Engine BEGIN (implicit)
2025-08-15 13:51:58,471 - sqlalchemy.engine.Engine - INFO - BEGIN (implicit)
2025-08-15 13:51:58,471 INFO sqlalchemy.engine.Engine SELECT 1
2025-08-15 13:51:58,471 - sqlalchemy.engine.Engine - INFO - SELECT 1
2025-08-15 13:51:58,471 INFO sqlalchemy.engine.Engine [cached since 388.9s ago] {}
2025-08-15 13:51:58,471 - sqlalchemy.engine.Engine - INFO - [cached since 388.9s ago] {}
2025-08-15 13:51:59,494 INFO sqlalchemy.engine.Engine BEGIN (implicit)
2025-08-15 13:51:59,494 - sqlalchemy.engine.Engine - INFO - BEGIN (implicit)
2025-08-15 13:51:59,495 INFO sqlalchemy.engine.Engine SELECT 1
2025-08-15 13:51:59,495 - sqlalchemy.engine.Engine - INFO - SELECT 1
2025-08-15 13:51:59,495 INFO sqlalchemy.engine.Engine [cached since 389.9s ago] {}
2025-08-15 13:51:59,495 - sqlalchemy.engine.Engine - INFO - [cached since 389.9s ago] {}
2025-08-15 13:52:01,523 INFO sqlalchemy.engine.Engine BEGIN (implicit)
2025-08-15 13:52:01,523 - sqlalchemy.engine.Engine - INFO - BEGIN (implicit)
2025-08-15 13:52:01,523 INFO sqlalchemy.engine.Engine SELECT 1
2025-08-15 13:52:01,523 - sqlalchemy.engine.Engine - INFO - SELECT 1
2025-08-15 13:52:01,523 INFO sqlalchemy.engine.Engine [cached since 392s ago] {}
2025-08-15 13:52:01,523 - sqlalchemy.engine.Engine - INFO - [cached since 392s ago] {}
2025-08-15 13:52:02,537 INFO sqlalchemy.engine.Engine BEGIN (implicit)
2025-08-15 13:52:02,537 - sqlalchemy.engine.Engine - INFO - BEGIN (implicit)
2025-08-15 13:52:02,537 INFO sqlalchemy.engine.Engine SELECT 1
2025-08-15 13:52:02,537 - sqlalchemy.engine.Engine - INFO - SELECT 1
2025-08-15 13:52:02,537 INFO sqlalchemy.engine.Engine [cached since 393s ago] {}
2025-08-15 13:52:02,537 - sqlalchemy.engine.Engine - INFO - [cached since 393s ago] {}
2025-08-15 13:52:33,555 INFO sqlalchemy.engine.Engine BEGIN (implicit)
2025-08-15 13:52:33,555 - sqlalchemy.engine.Engine - INFO - BEGIN (implicit)
2025-08-15 13:52:33,555 INFO sqlalchemy.engine.Engine SELECT 1
2025-08-15 13:52:33,555 - sqlalchemy.engine.Engine - INFO - SELECT 1
2025-08-15 13:52:33,556 INFO sqlalchemy.engine.Engine [cached since 424s ago] {}
2025-08-15 13:52:33,556 - sqlalchemy.engine.Engine - INFO - [cached since 424s ago] {}
2025-08-15 13:52:34,581 INFO sqlalchemy.engine.Engine BEGIN (implicit)
2025-08-15 13:52:34,581 - sqlalchemy.engine.Engine - INFO - BEGIN (implicit)
2025-08-15 13:52:34,582 INFO sqlalchemy.engine.Engine SELECT 1
2025-08-15 13:52:34,582 - sqlalchemy.engine.Engine - INFO - SELECT 1
2025-08-15 13:52:34,582 INFO sqlalchemy.engine.Engine [cached since 425s ago] {}
2025-08-15 13:52:34,582 - sqlalchemy.engine.Engine - INFO - [cached since 425s ago] {}
2025-08-15 13:52:36,618 INFO sqlalchemy.engine.Engine BEGIN (implicit)
2025-08-15 13:52:36,618 - sqlalchemy.engine.Engine - INFO - BEGIN (implicit)
2025-08-15 13:52:36,619 INFO sqlalchemy.engine.Engine SELECT 1
2025-08-15 13:52:36,619 - sqlalchemy.engine.Engine - INFO - SELECT 1
2025-08-15 13:52:36,619 INFO sqlalchemy.engine.Engine [cached since 427.1s ago] {}
2025-08-15 13:52:36,619 - sqlalchemy.engine.Engine - INFO - [cached since 427.1s ago] {}
2025-08-15 13:52:37,639 INFO sqlalchemy.engine.Engine BEGIN (implicit)
2025-08-15 13:52:37,639 - sqlalchemy.engine.Engine - INFO - BEGIN (implicit)
2025-08-15 13:52:37,639 INFO sqlalchemy.engine.Engine SELECT 1
2025-08-15 13:52:37,639 - sqlalchemy.engine.Engine - INFO - SELECT 1
2025-08-15 13:52:37,639 INFO sqlalchemy.engine.Engine [cached since 428.1s ago] {}
2025-08-15 13:52:37,639 - sqlalchemy.engine.Engine - INFO - [cached since 428.1s ago] {}
2025-08-15 13:53:08,658 INFO sqlalchemy.engine.Engine BEGIN (implicit)
2025-08-15 13:53:08,658 - sqlalchemy.engine.Engine - INFO - BEGIN (implicit)
2025-08-15 13:53:08,659 INFO sqlalchemy.engine.Engine SELECT 1
2025-08-15 13:53:08,659 - sqlalchemy.engine.Engine - INFO - SELECT 1
2025-08-15 13:53:08,659 INFO sqlalchemy.engine.Engine [cached since 459.1s ago] {}
2025-08-15 13:53:08,659 - sqlalchemy.engine.Engine - INFO - [cached since 459.1s ago] {}
2025-08-15 13:53:09,682 INFO sqlalchemy.engine.Engine BEGIN (implicit)
2025-08-15 13:53:09,682 - sqlalchemy.engine.Engine - INFO - BEGIN (implicit)
2025-08-15 13:53:09,683 INFO sqlalchemy.engine.Engine SELECT 1
2025-08-15 13:53:09,683 - sqlalchemy.engine.Engine - INFO - SELECT 1
2025-08-15 13:53:09,683 INFO sqlalchemy.engine.Engine [cached since 460.1s ago] {}
2025-08-15 13:53:09,683 - sqlalchemy.engine.Engine - INFO - [cached since 460.1s ago] {}
2025-08-15 13:53:11,705 INFO sqlalchemy.engine.Engine BEGIN (implicit)
2025-08-15 13:53:11,705 - sqlalchemy.engine.Engine - INFO - BEGIN (implicit)
2025-08-15 13:53:11,706 INFO sqlalchemy.engine.Engine SELECT 1
2025-08-15 13:53:11,706 - sqlalchemy.engine.Engine - INFO - SELECT 1
2025-08-15 13:53:11,706 INFO sqlalchemy.engine.Engine [cached since 462.1s ago] {}
2025-08-15 13:53:11,706 - sqlalchemy.engine.Engine - INFO - [cached since 462.1s ago] {}
2025-08-15 13:56:18,817 - error_collector - ERROR - {"timestamp": "2025-08-15T13:56:18.816609", "level": "warning", "category": "system", "message": "自动恢复成功: redis - 服务 redis 缓存清理成功", "exception_type": "CustomError", "stack_trace": "  File \"<string>\", line 1, in <module>\n    from multiprocessing.spawn import spawn_main; spawn_main(tracker_fd=5, pipe_handle=7)\n  File \"/opt/homebrew/Cellar/python@3.13/3.13.5/Frameworks/Python.framework/Versions/3.13/lib/python3.13/multiprocessing/spawn.py\", line 122, in spawn_main\n    exitcode = _main(fd, parent_sentinel)\n  File \"/opt/homebrew/Cellar/python@3.13/3.13.5/Frameworks/Python.framework/Versions/3.13/lib/python3.13/multiprocessing/spawn.py\", line 135, in _main\n    return self._bootstrap(parent_sentinel)\n  File \"/opt/homebrew/Cellar/python@3.13/3.13.5/Frameworks/Python.framework/Versions/3.13/lib/python3.13/multiprocessing/process.py\", line 313, in _bootstrap\n    self.run()\n  File \"/opt/homebrew/Cellar/python@3.13/3.13.5/Frameworks/Python.framework/Versions/3.13/lib/python3.13/multiprocessing/process.py\", line 108, in run\n    self._target(*self._args, **self._kwargs)\n  File \"/Users/zhongxuan/Desktop/demo3/qlib-web/backend/venv/lib/python3.13/site-packages/uvicorn/_subprocess.py\", line 80, in subprocess_started\n    target(sockets=sockets)\n  File \"/Users/zhongxuan/Desktop/demo3/qlib-web/backend/venv/lib/python3.13/site-packages/uvicorn/server.py\", line 67, in run\n    return asyncio.run(self.serve(sockets=sockets))\n  File \"/opt/homebrew/Cellar/python@3.13/3.13.5/Frameworks/Python.framework/Versions/3.13/lib/python3.13/asyncio/runners.py\", line 195, in run\n    return runner.run(main)\n  File \"/opt/homebrew/Cellar/python@3.13/3.13.5/Frameworks/Python.framework/Versions/3.13/lib/python3.13/asyncio/runners.py\", line 118, in run\n    return self._loop.run_until_complete(task)\n  File \"/opt/homebrew/Cellar/python@3.13/3.13.5/Frameworks/Python.framework/Versions/3.13/lib/python3.13/asyncio/base_events.py\", line 712, in run_until_complete\n    self.run_forever()\n  File \"/opt/homebrew/Cellar/python@3.13/3.13.5/Frameworks/Python.framework/Versions/3.13/lib/python3.13/asyncio/base_events.py\", line 683, in run_forever\n    self._run_once()\n  File \"/opt/homebrew/Cellar/python@3.13/3.13.5/Frameworks/Python.framework/Versions/3.13/lib/python3.13/asyncio/base_events.py\", line 2042, in _run_once\n    handle._run()\n  File \"/opt/homebrew/Cellar/python@3.13/3.13.5/Frameworks/Python.framework/Versions/3.13/lib/python3.13/asyncio/events.py\", line 89, in _run\n    self._context.run(self._callback, *self._args)\n  File \"/Users/zhongxuan/Desktop/demo3/qlib-web/backend/app/services/fault_recovery_service.py\", line 417, in _monitor_loop\n    await self._apply_recovery_rules()\n  File \"/Users/zhongxuan/Desktop/demo3/qlib-web/backend/app/services/fault_recovery_service.py\", line 462, in _apply_recovery_rules\n    await self._execute_recovery_rule(rule, service_name, health)\n  File \"/Users/zhongxuan/Desktop/demo3/qlib-web/backend/app/services/fault_recovery_service.py\", line 538, in _execute_recovery_rule\n    error_logging_service.log_warning(\n  File \"/Users/zhongxuan/Desktop/demo3/qlib-web/backend/app/services/error_logging_service.py\", line 409, in log_warning\n    return self.collector.collect_custom_error(\n  File \"/Users/zhongxuan/Desktop/demo3/qlib-web/backend/app/services/error_logging_service.py\", line 304, in collect_custom_error\n    stack_trace = ''.join(traceback.format_stack())\n", "request_id": null, "user_id": null, "endpoint": null, "method": null, "user_agent": null, "ip_address": null, "additional_context": {}}
2025-08-15 13:56:50,832 INFO sqlalchemy.engine.Engine BEGIN (implicit)
2025-08-15 13:56:50,832 - sqlalchemy.engine.Engine - INFO - BEGIN (implicit)
2025-08-15 13:56:50,834 INFO sqlalchemy.engine.Engine SELECT 1
2025-08-15 13:56:50,834 - sqlalchemy.engine.Engine - INFO - SELECT 1
2025-08-15 13:56:50,835 INFO sqlalchemy.engine.Engine [cached since 681.3s ago] {}
2025-08-15 13:56:50,835 - sqlalchemy.engine.Engine - INFO - [cached since 681.3s ago] {}
2025-08-15 13:56:51,849 INFO sqlalchemy.engine.Engine BEGIN (implicit)
2025-08-15 13:56:51,849 - sqlalchemy.engine.Engine - INFO - BEGIN (implicit)
2025-08-15 13:56:51,850 INFO sqlalchemy.engine.Engine SELECT 1
2025-08-15 13:56:51,850 - sqlalchemy.engine.Engine - INFO - SELECT 1
2025-08-15 13:56:51,850 INFO sqlalchemy.engine.Engine [cached since 682.3s ago] {}
2025-08-15 13:56:51,850 - sqlalchemy.engine.Engine - INFO - [cached since 682.3s ago] {}
2025-08-15 13:56:53,864 INFO sqlalchemy.engine.Engine BEGIN (implicit)
2025-08-15 13:56:53,864 - sqlalchemy.engine.Engine - INFO - BEGIN (implicit)
2025-08-15 13:56:53,864 INFO sqlalchemy.engine.Engine SELECT 1
2025-08-15 13:56:53,864 - sqlalchemy.engine.Engine - INFO - SELECT 1
2025-08-15 13:56:53,865 INFO sqlalchemy.engine.Engine [cached since 684.3s ago] {}
2025-08-15 13:56:53,865 - sqlalchemy.engine.Engine - INFO - [cached since 684.3s ago] {}
2025-08-15 13:56:54,878 INFO sqlalchemy.engine.Engine BEGIN (implicit)
2025-08-15 13:56:54,878 - sqlalchemy.engine.Engine - INFO - BEGIN (implicit)
2025-08-15 13:56:54,879 INFO sqlalchemy.engine.Engine SELECT 1
2025-08-15 13:56:54,879 - sqlalchemy.engine.Engine - INFO - SELECT 1
2025-08-15 13:56:54,879 INFO sqlalchemy.engine.Engine [cached since 685.3s ago] {}
2025-08-15 13:56:54,879 - sqlalchemy.engine.Engine - INFO - [cached since 685.3s ago] {}
2025-08-15 13:56:55,885 - error_collector - ERROR - {"timestamp": "2025-08-15T13:56:55.884708", "level": "warning", "category": "system", "message": "自动恢复成功: database - 服务 database 重启成功", "exception_type": "CustomError", "stack_trace": "  File \"<string>\", line 1, in <module>\n    from multiprocessing.spawn import spawn_main; spawn_main(tracker_fd=5, pipe_handle=7)\n  File \"/opt/homebrew/Cellar/python@3.13/3.13.5/Frameworks/Python.framework/Versions/3.13/lib/python3.13/multiprocessing/spawn.py\", line 122, in spawn_main\n    exitcode = _main(fd, parent_sentinel)\n  File \"/opt/homebrew/Cellar/python@3.13/3.13.5/Frameworks/Python.framework/Versions/3.13/lib/python3.13/multiprocessing/spawn.py\", line 135, in _main\n    return self._bootstrap(parent_sentinel)\n  File \"/opt/homebrew/Cellar/python@3.13/3.13.5/Frameworks/Python.framework/Versions/3.13/lib/python3.13/multiprocessing/process.py\", line 313, in _bootstrap\n    self.run()\n  File \"/opt/homebrew/Cellar/python@3.13/3.13.5/Frameworks/Python.framework/Versions/3.13/lib/python3.13/multiprocessing/process.py\", line 108, in run\n    self._target(*self._args, **self._kwargs)\n  File \"/Users/zhongxuan/Desktop/demo3/qlib-web/backend/venv/lib/python3.13/site-packages/uvicorn/_subprocess.py\", line 80, in subprocess_started\n    target(sockets=sockets)\n  File \"/Users/zhongxuan/Desktop/demo3/qlib-web/backend/venv/lib/python3.13/site-packages/uvicorn/server.py\", line 67, in run\n    return asyncio.run(self.serve(sockets=sockets))\n  File \"/opt/homebrew/Cellar/python@3.13/3.13.5/Frameworks/Python.framework/Versions/3.13/lib/python3.13/asyncio/runners.py\", line 195, in run\n    return runner.run(main)\n  File \"/opt/homebrew/Cellar/python@3.13/3.13.5/Frameworks/Python.framework/Versions/3.13/lib/python3.13/asyncio/runners.py\", line 118, in run\n    return self._loop.run_until_complete(task)\n  File \"/opt/homebrew/Cellar/python@3.13/3.13.5/Frameworks/Python.framework/Versions/3.13/lib/python3.13/asyncio/base_events.py\", line 712, in run_until_complete\n    self.run_forever()\n  File \"/opt/homebrew/Cellar/python@3.13/3.13.5/Frameworks/Python.framework/Versions/3.13/lib/python3.13/asyncio/base_events.py\", line 683, in run_forever\n    self._run_once()\n  File \"/opt/homebrew/Cellar/python@3.13/3.13.5/Frameworks/Python.framework/Versions/3.13/lib/python3.13/asyncio/base_events.py\", line 2042, in _run_once\n    handle._run()\n  File \"/opt/homebrew/Cellar/python@3.13/3.13.5/Frameworks/Python.framework/Versions/3.13/lib/python3.13/asyncio/events.py\", line 89, in _run\n    self._context.run(self._callback, *self._args)\n  File \"/Users/zhongxuan/Desktop/demo3/qlib-web/backend/app/services/fault_recovery_service.py\", line 417, in _monitor_loop\n    await self._apply_recovery_rules()\n  File \"/Users/zhongxuan/Desktop/demo3/qlib-web/backend/app/services/fault_recovery_service.py\", line 462, in _apply_recovery_rules\n    await self._execute_recovery_rule(rule, service_name, health)\n  File \"/Users/zhongxuan/Desktop/demo3/qlib-web/backend/app/services/fault_recovery_service.py\", line 538, in _execute_recovery_rule\n    error_logging_service.log_warning(\n  File \"/Users/zhongxuan/Desktop/demo3/qlib-web/backend/app/services/error_logging_service.py\", line 409, in log_warning\n    return self.collector.collect_custom_error(\n  File \"/Users/zhongxuan/Desktop/demo3/qlib-web/backend/app/services/error_logging_service.py\", line 304, in collect_custom_error\n    stack_trace = ''.join(traceback.format_stack())\n", "request_id": null, "user_id": null, "endpoint": null, "method": null, "user_agent": null, "ip_address": null, "additional_context": {}}
2025-08-15 13:57:26,891 INFO sqlalchemy.engine.Engine BEGIN (implicit)
2025-08-15 13:57:26,891 - sqlalchemy.engine.Engine - INFO - BEGIN (implicit)
2025-08-15 13:57:26,892 INFO sqlalchemy.engine.Engine SELECT 1
2025-08-15 13:57:26,892 - sqlalchemy.engine.Engine - INFO - SELECT 1
2025-08-15 13:57:26,893 INFO sqlalchemy.engine.Engine [cached since 717.3s ago] {}
2025-08-15 13:57:26,893 - sqlalchemy.engine.Engine - INFO - [cached since 717.3s ago] {}
2025-08-15 13:57:27,905 INFO sqlalchemy.engine.Engine BEGIN (implicit)
2025-08-15 13:57:27,905 - sqlalchemy.engine.Engine - INFO - BEGIN (implicit)
2025-08-15 13:57:27,906 INFO sqlalchemy.engine.Engine SELECT 1
2025-08-15 13:57:27,906 - sqlalchemy.engine.Engine - INFO - SELECT 1
2025-08-15 13:57:27,906 INFO sqlalchemy.engine.Engine [cached since 718.4s ago] {}
2025-08-15 13:57:27,906 - sqlalchemy.engine.Engine - INFO - [cached since 718.4s ago] {}
2025-08-15 13:57:29,925 INFO sqlalchemy.engine.Engine BEGIN (implicit)
2025-08-15 13:57:29,925 - sqlalchemy.engine.Engine - INFO - BEGIN (implicit)
2025-08-15 13:57:29,926 INFO sqlalchemy.engine.Engine SELECT 1
2025-08-15 13:57:29,926 - sqlalchemy.engine.Engine - INFO - SELECT 1
2025-08-15 13:57:29,926 INFO sqlalchemy.engine.Engine [cached since 720.4s ago] {}
2025-08-15 13:57:29,926 - sqlalchemy.engine.Engine - INFO - [cached since 720.4s ago] {}
2025-08-15 13:57:30,931 INFO sqlalchemy.engine.Engine BEGIN (implicit)
2025-08-15 13:57:30,931 - sqlalchemy.engine.Engine - INFO - BEGIN (implicit)
2025-08-15 13:57:30,931 INFO sqlalchemy.engine.Engine SELECT 1
2025-08-15 13:57:30,931 - sqlalchemy.engine.Engine - INFO - SELECT 1
2025-08-15 13:57:30,932 INFO sqlalchemy.engine.Engine [cached since 721.4s ago] {}
2025-08-15 13:57:30,932 - sqlalchemy.engine.Engine - INFO - [cached since 721.4s ago] {}
2025-08-15 13:58:01,948 INFO sqlalchemy.engine.Engine BEGIN (implicit)
2025-08-15 13:58:01,948 - sqlalchemy.engine.Engine - INFO - BEGIN (implicit)
2025-08-15 13:58:01,949 INFO sqlalchemy.engine.Engine SELECT 1
2025-08-15 13:58:01,949 - sqlalchemy.engine.Engine - INFO - SELECT 1
2025-08-15 13:58:01,949 INFO sqlalchemy.engine.Engine [cached since 752.4s ago] {}
2025-08-15 13:58:01,949 - sqlalchemy.engine.Engine - INFO - [cached since 752.4s ago] {}
2025-08-15 13:58:02,953 INFO sqlalchemy.engine.Engine BEGIN (implicit)
2025-08-15 13:58:02,953 - sqlalchemy.engine.Engine - INFO - BEGIN (implicit)
2025-08-15 13:58:02,954 INFO sqlalchemy.engine.Engine SELECT 1
2025-08-15 13:58:02,954 - sqlalchemy.engine.Engine - INFO - SELECT 1
2025-08-15 13:58:02,955 INFO sqlalchemy.engine.Engine [cached since 753.4s ago] {}
2025-08-15 13:58:02,955 - sqlalchemy.engine.Engine - INFO - [cached since 753.4s ago] {}
2025-08-15 13:58:04,987 INFO sqlalchemy.engine.Engine BEGIN (implicit)
2025-08-15 13:58:04,987 - sqlalchemy.engine.Engine - INFO - BEGIN (implicit)
2025-08-15 13:58:04,988 INFO sqlalchemy.engine.Engine SELECT 1
2025-08-15 13:58:04,988 - sqlalchemy.engine.Engine - INFO - SELECT 1
2025-08-15 13:58:04,988 INFO sqlalchemy.engine.Engine [cached since 755.4s ago] {}
2025-08-15 13:58:04,988 - sqlalchemy.engine.Engine - INFO - [cached since 755.4s ago] {}
2025-08-15 13:58:06,003 INFO sqlalchemy.engine.Engine BEGIN (implicit)
2025-08-15 13:58:06,003 - sqlalchemy.engine.Engine - INFO - BEGIN (implicit)
2025-08-15 13:58:06,004 INFO sqlalchemy.engine.Engine SELECT 1
2025-08-15 13:58:06,004 - sqlalchemy.engine.Engine - INFO - SELECT 1
2025-08-15 13:58:06,004 INFO sqlalchemy.engine.Engine [cached since 756.5s ago] {}
2025-08-15 13:58:06,004 - sqlalchemy.engine.Engine - INFO - [cached since 756.5s ago] {}
2025-08-15 13:58:37,031 INFO sqlalchemy.engine.Engine BEGIN (implicit)
2025-08-15 13:58:37,031 - sqlalchemy.engine.Engine - INFO - BEGIN (implicit)
2025-08-15 13:58:37,032 INFO sqlalchemy.engine.Engine SELECT 1
2025-08-15 13:58:37,032 - sqlalchemy.engine.Engine - INFO - SELECT 1
2025-08-15 13:58:37,032 INFO sqlalchemy.engine.Engine [cached since 787.5s ago] {}
2025-08-15 13:58:37,032 - sqlalchemy.engine.Engine - INFO - [cached since 787.5s ago] {}
2025-08-15 13:58:38,056 INFO sqlalchemy.engine.Engine BEGIN (implicit)
2025-08-15 13:58:38,056 - sqlalchemy.engine.Engine - INFO - BEGIN (implicit)
2025-08-15 13:58:38,056 INFO sqlalchemy.engine.Engine SELECT 1
2025-08-15 13:58:38,056 - sqlalchemy.engine.Engine - INFO - SELECT 1
2025-08-15 13:58:38,056 INFO sqlalchemy.engine.Engine [cached since 788.5s ago] {}
2025-08-15 13:58:38,056 - sqlalchemy.engine.Engine - INFO - [cached since 788.5s ago] {}
2025-08-15 13:58:40,087 INFO sqlalchemy.engine.Engine BEGIN (implicit)
2025-08-15 13:58:40,087 - sqlalchemy.engine.Engine - INFO - BEGIN (implicit)
2025-08-15 13:58:40,088 INFO sqlalchemy.engine.Engine SELECT 1
2025-08-15 13:58:40,088 - sqlalchemy.engine.Engine - INFO - SELECT 1
2025-08-15 13:58:40,088 INFO sqlalchemy.engine.Engine [cached since 790.5s ago] {}
2025-08-15 13:58:40,088 - sqlalchemy.engine.Engine - INFO - [cached since 790.5s ago] {}
2025-08-15 13:58:41,112 INFO sqlalchemy.engine.Engine BEGIN (implicit)
2025-08-15 13:58:41,112 - sqlalchemy.engine.Engine - INFO - BEGIN (implicit)
2025-08-15 13:58:41,113 INFO sqlalchemy.engine.Engine SELECT 1
2025-08-15 13:58:41,113 - sqlalchemy.engine.Engine - INFO - SELECT 1
2025-08-15 13:58:41,113 INFO sqlalchemy.engine.Engine [cached since 791.6s ago] {}
2025-08-15 13:58:41,113 - sqlalchemy.engine.Engine - INFO - [cached since 791.6s ago] {}
2025-08-15 13:59:12,141 INFO sqlalchemy.engine.Engine BEGIN (implicit)
2025-08-15 13:59:12,141 - sqlalchemy.engine.Engine - INFO - BEGIN (implicit)
2025-08-15 13:59:12,142 INFO sqlalchemy.engine.Engine SELECT 1
2025-08-15 13:59:12,142 - sqlalchemy.engine.Engine - INFO - SELECT 1
2025-08-15 13:59:12,142 INFO sqlalchemy.engine.Engine [cached since 822.6s ago] {}
2025-08-15 13:59:12,142 - sqlalchemy.engine.Engine - INFO - [cached since 822.6s ago] {}
2025-08-15 13:59:13,161 INFO sqlalchemy.engine.Engine BEGIN (implicit)
2025-08-15 13:59:13,161 - sqlalchemy.engine.Engine - INFO - BEGIN (implicit)
2025-08-15 13:59:13,161 INFO sqlalchemy.engine.Engine SELECT 1
2025-08-15 13:59:13,161 - sqlalchemy.engine.Engine - INFO - SELECT 1
2025-08-15 13:59:13,162 INFO sqlalchemy.engine.Engine [cached since 823.6s ago] {}
2025-08-15 13:59:13,162 - sqlalchemy.engine.Engine - INFO - [cached since 823.6s ago] {}
2025-08-15 13:59:15,191 INFO sqlalchemy.engine.Engine BEGIN (implicit)
2025-08-15 13:59:15,191 - sqlalchemy.engine.Engine - INFO - BEGIN (implicit)
2025-08-15 13:59:15,191 INFO sqlalchemy.engine.Engine SELECT 1
2025-08-15 13:59:15,191 - sqlalchemy.engine.Engine - INFO - SELECT 1
2025-08-15 13:59:15,191 INFO sqlalchemy.engine.Engine [cached since 825.6s ago] {}
2025-08-15 13:59:15,191 - sqlalchemy.engine.Engine - INFO - [cached since 825.6s ago] {}
2025-08-15 13:59:16,218 INFO sqlalchemy.engine.Engine BEGIN (implicit)
2025-08-15 13:59:16,218 - sqlalchemy.engine.Engine - INFO - BEGIN (implicit)
2025-08-15 13:59:16,218 INFO sqlalchemy.engine.Engine SELECT 1
2025-08-15 13:59:16,218 - sqlalchemy.engine.Engine - INFO - SELECT 1
2025-08-15 13:59:16,218 INFO sqlalchemy.engine.Engine [cached since 826.7s ago] {}
2025-08-15 13:59:16,218 - sqlalchemy.engine.Engine - INFO - [cached since 826.7s ago] {}
2025-08-15 13:59:47,238 INFO sqlalchemy.engine.Engine BEGIN (implicit)
2025-08-15 13:59:47,238 - sqlalchemy.engine.Engine - INFO - BEGIN (implicit)
2025-08-15 13:59:47,238 INFO sqlalchemy.engine.Engine SELECT 1
2025-08-15 13:59:47,238 - sqlalchemy.engine.Engine - INFO - SELECT 1
2025-08-15 13:59:47,238 INFO sqlalchemy.engine.Engine [cached since 857.7s ago] {}
2025-08-15 13:59:47,238 - sqlalchemy.engine.Engine - INFO - [cached since 857.7s ago] {}
2025-08-15 13:59:48,262 INFO sqlalchemy.engine.Engine BEGIN (implicit)
2025-08-15 13:59:48,262 - sqlalchemy.engine.Engine - INFO - BEGIN (implicit)
2025-08-15 13:59:48,262 INFO sqlalchemy.engine.Engine SELECT 1
2025-08-15 13:59:48,262 - sqlalchemy.engine.Engine - INFO - SELECT 1
2025-08-15 13:59:48,262 INFO sqlalchemy.engine.Engine [cached since 858.7s ago] {}
2025-08-15 13:59:48,262 - sqlalchemy.engine.Engine - INFO - [cached since 858.7s ago] {}
2025-08-15 13:59:50,275 INFO sqlalchemy.engine.Engine BEGIN (implicit)
2025-08-15 13:59:50,275 - sqlalchemy.engine.Engine - INFO - BEGIN (implicit)
2025-08-15 13:59:50,276 INFO sqlalchemy.engine.Engine SELECT 1
2025-08-15 13:59:50,276 - sqlalchemy.engine.Engine - INFO - SELECT 1
2025-08-15 13:59:50,276 INFO sqlalchemy.engine.Engine [cached since 860.7s ago] {}
2025-08-15 13:59:50,276 - sqlalchemy.engine.Engine - INFO - [cached since 860.7s ago] {}
2025-08-15 13:59:51,296 INFO sqlalchemy.engine.Engine BEGIN (implicit)
2025-08-15 13:59:51,296 - sqlalchemy.engine.Engine - INFO - BEGIN (implicit)
2025-08-15 13:59:51,296 INFO sqlalchemy.engine.Engine SELECT 1
2025-08-15 13:59:51,296 - sqlalchemy.engine.Engine - INFO - SELECT 1
2025-08-15 13:59:51,296 INFO sqlalchemy.engine.Engine [cached since 861.7s ago] {}
2025-08-15 13:59:51,296 - sqlalchemy.engine.Engine - INFO - [cached since 861.7s ago] {}
2025-08-15 14:00:22,312 INFO sqlalchemy.engine.Engine BEGIN (implicit)
2025-08-15 14:00:22,312 - sqlalchemy.engine.Engine - INFO - BEGIN (implicit)
2025-08-15 14:00:22,314 INFO sqlalchemy.engine.Engine SELECT 1
2025-08-15 14:00:22,314 - sqlalchemy.engine.Engine - INFO - SELECT 1
2025-08-15 14:00:22,314 INFO sqlalchemy.engine.Engine [cached since 892.8s ago] {}
2025-08-15 14:00:22,314 - sqlalchemy.engine.Engine - INFO - [cached since 892.8s ago] {}
2025-08-15 14:00:23,339 INFO sqlalchemy.engine.Engine BEGIN (implicit)
2025-08-15 14:00:23,339 - sqlalchemy.engine.Engine - INFO - BEGIN (implicit)
2025-08-15 14:00:23,340 INFO sqlalchemy.engine.Engine SELECT 1
2025-08-15 14:00:23,340 - sqlalchemy.engine.Engine - INFO - SELECT 1
2025-08-15 14:00:23,340 INFO sqlalchemy.engine.Engine [cached since 893.8s ago] {}
2025-08-15 14:00:23,340 - sqlalchemy.engine.Engine - INFO - [cached since 893.8s ago] {}
2025-08-15 14:00:25,370 INFO sqlalchemy.engine.Engine BEGIN (implicit)
2025-08-15 14:00:25,370 - sqlalchemy.engine.Engine - INFO - BEGIN (implicit)
2025-08-15 14:00:25,371 INFO sqlalchemy.engine.Engine SELECT 1
2025-08-15 14:00:25,371 - sqlalchemy.engine.Engine - INFO - SELECT 1
2025-08-15 14:00:25,371 INFO sqlalchemy.engine.Engine [cached since 895.8s ago] {}
2025-08-15 14:00:25,371 - sqlalchemy.engine.Engine - INFO - [cached since 895.8s ago] {}
2025-08-15 14:00:26,391 INFO sqlalchemy.engine.Engine BEGIN (implicit)
2025-08-15 14:00:26,391 - sqlalchemy.engine.Engine - INFO - BEGIN (implicit)
2025-08-15 14:00:26,392 INFO sqlalchemy.engine.Engine SELECT 1
2025-08-15 14:00:26,392 - sqlalchemy.engine.Engine - INFO - SELECT 1
2025-08-15 14:00:26,392 INFO sqlalchemy.engine.Engine [cached since 896.8s ago] {}
2025-08-15 14:00:26,392 - sqlalchemy.engine.Engine - INFO - [cached since 896.8s ago] {}
2025-08-15 14:00:57,410 INFO sqlalchemy.engine.Engine BEGIN (implicit)
2025-08-15 14:00:57,410 - sqlalchemy.engine.Engine - INFO - BEGIN (implicit)
2025-08-15 14:00:57,411 INFO sqlalchemy.engine.Engine SELECT 1
2025-08-15 14:00:57,411 - sqlalchemy.engine.Engine - INFO - SELECT 1
2025-08-15 14:00:57,411 INFO sqlalchemy.engine.Engine [cached since 927.9s ago] {}
2025-08-15 14:00:57,411 - sqlalchemy.engine.Engine - INFO - [cached since 927.9s ago] {}
2025-08-15 14:02:32,472 - error_collector - ERROR - {"timestamp": "2025-08-15T14:02:32.471483", "level": "warning", "category": "system", "message": "自动恢复成功: database - 服务 database 重启成功", "exception_type": "CustomError", "stack_trace": "  File \"<string>\", line 1, in <module>\n    from multiprocessing.spawn import spawn_main; spawn_main(tracker_fd=5, pipe_handle=7)\n  File \"/opt/homebrew/Cellar/python@3.13/3.13.5/Frameworks/Python.framework/Versions/3.13/lib/python3.13/multiprocessing/spawn.py\", line 122, in spawn_main\n    exitcode = _main(fd, parent_sentinel)\n  File \"/opt/homebrew/Cellar/python@3.13/3.13.5/Frameworks/Python.framework/Versions/3.13/lib/python3.13/multiprocessing/spawn.py\", line 135, in _main\n    return self._bootstrap(parent_sentinel)\n  File \"/opt/homebrew/Cellar/python@3.13/3.13.5/Frameworks/Python.framework/Versions/3.13/lib/python3.13/multiprocessing/process.py\", line 313, in _bootstrap\n    self.run()\n  File \"/opt/homebrew/Cellar/python@3.13/3.13.5/Frameworks/Python.framework/Versions/3.13/lib/python3.13/multiprocessing/process.py\", line 108, in run\n    self._target(*self._args, **self._kwargs)\n  File \"/Users/zhongxuan/Desktop/demo3/qlib-web/backend/venv/lib/python3.13/site-packages/uvicorn/_subprocess.py\", line 80, in subprocess_started\n    target(sockets=sockets)\n  File \"/Users/zhongxuan/Desktop/demo3/qlib-web/backend/venv/lib/python3.13/site-packages/uvicorn/server.py\", line 67, in run\n    return asyncio.run(self.serve(sockets=sockets))\n  File \"/opt/homebrew/Cellar/python@3.13/3.13.5/Frameworks/Python.framework/Versions/3.13/lib/python3.13/asyncio/runners.py\", line 195, in run\n    return runner.run(main)\n  File \"/opt/homebrew/Cellar/python@3.13/3.13.5/Frameworks/Python.framework/Versions/3.13/lib/python3.13/asyncio/runners.py\", line 118, in run\n    return self._loop.run_until_complete(task)\n  File \"/opt/homebrew/Cellar/python@3.13/3.13.5/Frameworks/Python.framework/Versions/3.13/lib/python3.13/asyncio/base_events.py\", line 712, in run_until_complete\n    self.run_forever()\n  File \"/opt/homebrew/Cellar/python@3.13/3.13.5/Frameworks/Python.framework/Versions/3.13/lib/python3.13/asyncio/base_events.py\", line 683, in run_forever\n    self._run_once()\n  File \"/opt/homebrew/Cellar/python@3.13/3.13.5/Frameworks/Python.framework/Versions/3.13/lib/python3.13/asyncio/base_events.py\", line 2042, in _run_once\n    handle._run()\n  File \"/opt/homebrew/Cellar/python@3.13/3.13.5/Frameworks/Python.framework/Versions/3.13/lib/python3.13/asyncio/events.py\", line 89, in _run\n    self._context.run(self._callback, *self._args)\n  File \"/Users/zhongxuan/Desktop/demo3/qlib-web/backend/app/services/fault_recovery_service.py\", line 417, in _monitor_loop\n    await self._apply_recovery_rules()\n  File \"/Users/zhongxuan/Desktop/demo3/qlib-web/backend/app/services/fault_recovery_service.py\", line 462, in _apply_recovery_rules\n    await self._execute_recovery_rule(rule, service_name, health)\n  File \"/Users/zhongxuan/Desktop/demo3/qlib-web/backend/app/services/fault_recovery_service.py\", line 538, in _execute_recovery_rule\n    error_logging_service.log_warning(\n  File \"/Users/zhongxuan/Desktop/demo3/qlib-web/backend/app/services/error_logging_service.py\", line 409, in log_warning\n    return self.collector.collect_custom_error(\n  File \"/Users/zhongxuan/Desktop/demo3/qlib-web/backend/app/services/error_logging_service.py\", line 304, in collect_custom_error\n    stack_trace = ''.join(traceback.format_stack())\n", "request_id": null, "user_id": null, "endpoint": null, "method": null, "user_agent": null, "ip_address": null, "additional_context": {}}
2025-08-15 14:02:32,976 - error_collector - ERROR - {"timestamp": "2025-08-15T14:02:32.976074", "level": "warning", "category": "system", "message": "自动恢复成功: redis - 服务 redis 缓存清理成功", "exception_type": "CustomError", "stack_trace": "  File \"<string>\", line 1, in <module>\n    from multiprocessing.spawn import spawn_main; spawn_main(tracker_fd=5, pipe_handle=7)\n  File \"/opt/homebrew/Cellar/python@3.13/3.13.5/Frameworks/Python.framework/Versions/3.13/lib/python3.13/multiprocessing/spawn.py\", line 122, in spawn_main\n    exitcode = _main(fd, parent_sentinel)\n  File \"/opt/homebrew/Cellar/python@3.13/3.13.5/Frameworks/Python.framework/Versions/3.13/lib/python3.13/multiprocessing/spawn.py\", line 135, in _main\n    return self._bootstrap(parent_sentinel)\n  File \"/opt/homebrew/Cellar/python@3.13/3.13.5/Frameworks/Python.framework/Versions/3.13/lib/python3.13/multiprocessing/process.py\", line 313, in _bootstrap\n    self.run()\n  File \"/opt/homebrew/Cellar/python@3.13/3.13.5/Frameworks/Python.framework/Versions/3.13/lib/python3.13/multiprocessing/process.py\", line 108, in run\n    self._target(*self._args, **self._kwargs)\n  File \"/Users/zhongxuan/Desktop/demo3/qlib-web/backend/venv/lib/python3.13/site-packages/uvicorn/_subprocess.py\", line 80, in subprocess_started\n    target(sockets=sockets)\n  File \"/Users/zhongxuan/Desktop/demo3/qlib-web/backend/venv/lib/python3.13/site-packages/uvicorn/server.py\", line 67, in run\n    return asyncio.run(self.serve(sockets=sockets))\n  File \"/opt/homebrew/Cellar/python@3.13/3.13.5/Frameworks/Python.framework/Versions/3.13/lib/python3.13/asyncio/runners.py\", line 195, in run\n    return runner.run(main)\n  File \"/opt/homebrew/Cellar/python@3.13/3.13.5/Frameworks/Python.framework/Versions/3.13/lib/python3.13/asyncio/runners.py\", line 118, in run\n    return self._loop.run_until_complete(task)\n  File \"/opt/homebrew/Cellar/python@3.13/3.13.5/Frameworks/Python.framework/Versions/3.13/lib/python3.13/asyncio/base_events.py\", line 712, in run_until_complete\n    self.run_forever()\n  File \"/opt/homebrew/Cellar/python@3.13/3.13.5/Frameworks/Python.framework/Versions/3.13/lib/python3.13/asyncio/base_events.py\", line 683, in run_forever\n    self._run_once()\n  File \"/opt/homebrew/Cellar/python@3.13/3.13.5/Frameworks/Python.framework/Versions/3.13/lib/python3.13/asyncio/base_events.py\", line 2042, in _run_once\n    handle._run()\n  File \"/opt/homebrew/Cellar/python@3.13/3.13.5/Frameworks/Python.framework/Versions/3.13/lib/python3.13/asyncio/events.py\", line 89, in _run\n    self._context.run(self._callback, *self._args)\n  File \"/Users/zhongxuan/Desktop/demo3/qlib-web/backend/app/services/fault_recovery_service.py\", line 417, in _monitor_loop\n    await self._apply_recovery_rules()\n  File \"/Users/zhongxuan/Desktop/demo3/qlib-web/backend/app/services/fault_recovery_service.py\", line 462, in _apply_recovery_rules\n    await self._execute_recovery_rule(rule, service_name, health)\n  File \"/Users/zhongxuan/Desktop/demo3/qlib-web/backend/app/services/fault_recovery_service.py\", line 538, in _execute_recovery_rule\n    error_logging_service.log_warning(\n  File \"/Users/zhongxuan/Desktop/demo3/qlib-web/backend/app/services/error_logging_service.py\", line 409, in log_warning\n    return self.collector.collect_custom_error(\n  File \"/Users/zhongxuan/Desktop/demo3/qlib-web/backend/app/services/error_logging_service.py\", line 304, in collect_custom_error\n    stack_trace = ''.join(traceback.format_stack())\n", "request_id": null, "user_id": null, "endpoint": null, "method": null, "user_agent": null, "ip_address": null, "additional_context": {}}
2025-08-15 14:05:08,576 - error_collector - ERROR - {"timestamp": "2025-08-15T14:05:08.576447", "level": "warning", "category": "system", "message": "服务 database 已降级至 moderate 级别", "exception_type": "CustomError", "stack_trace": "  File \"<string>\", line 1, in <module>\n    from multiprocessing.spawn import spawn_main; spawn_main(tracker_fd=5, pipe_handle=7)\n  File \"/opt/homebrew/Cellar/python@3.13/3.13.5/Frameworks/Python.framework/Versions/3.13/lib/python3.13/multiprocessing/spawn.py\", line 122, in spawn_main\n    exitcode = _main(fd, parent_sentinel)\n  File \"/opt/homebrew/Cellar/python@3.13/3.13.5/Frameworks/Python.framework/Versions/3.13/lib/python3.13/multiprocessing/spawn.py\", line 135, in _main\n    return self._bootstrap(parent_sentinel)\n  File \"/opt/homebrew/Cellar/python@3.13/3.13.5/Frameworks/Python.framework/Versions/3.13/lib/python3.13/multiprocessing/process.py\", line 313, in _bootstrap\n    self.run()\n  File \"/opt/homebrew/Cellar/python@3.13/3.13.5/Frameworks/Python.framework/Versions/3.13/lib/python3.13/multiprocessing/process.py\", line 108, in run\n    self._target(*self._args, **self._kwargs)\n  File \"/Users/zhongxuan/Desktop/demo3/qlib-web/backend/venv/lib/python3.13/site-packages/uvicorn/_subprocess.py\", line 80, in subprocess_started\n    target(sockets=sockets)\n  File \"/Users/zhongxuan/Desktop/demo3/qlib-web/backend/venv/lib/python3.13/site-packages/uvicorn/server.py\", line 67, in run\n    return asyncio.run(self.serve(sockets=sockets))\n  File \"/opt/homebrew/Cellar/python@3.13/3.13.5/Frameworks/Python.framework/Versions/3.13/lib/python3.13/asyncio/runners.py\", line 195, in run\n    return runner.run(main)\n  File \"/opt/homebrew/Cellar/python@3.13/3.13.5/Frameworks/Python.framework/Versions/3.13/lib/python3.13/asyncio/runners.py\", line 118, in run\n    return self._loop.run_until_complete(task)\n  File \"/opt/homebrew/Cellar/python@3.13/3.13.5/Frameworks/Python.framework/Versions/3.13/lib/python3.13/asyncio/base_events.py\", line 712, in run_until_complete\n    self.run_forever()\n  File \"/opt/homebrew/Cellar/python@3.13/3.13.5/Frameworks/Python.framework/Versions/3.13/lib/python3.13/asyncio/base_events.py\", line 683, in run_forever\n    self._run_once()\n  File \"/opt/homebrew/Cellar/python@3.13/3.13.5/Frameworks/Python.framework/Versions/3.13/lib/python3.13/asyncio/base_events.py\", line 2042, in _run_once\n    handle._run()\n  File \"/opt/homebrew/Cellar/python@3.13/3.13.5/Frameworks/Python.framework/Versions/3.13/lib/python3.13/asyncio/events.py\", line 89, in _run\n    self._context.run(self._callback, *self._args)\n  File \"/Users/zhongxuan/Desktop/demo3/qlib-web/backend/app/services/graceful_degradation_service.py\", line 344, in _monitoring_loop\n    await self._apply_degradation_rules()\n  File \"/Users/zhongxuan/Desktop/demo3/qlib-web/backend/app/services/graceful_degradation_service.py\", line 414, in _apply_degradation_rules\n    await self._apply_degradation(rule, service_status)\n  File \"/Users/zhongxuan/Desktop/demo3/qlib-web/backend/app/services/graceful_degradation_service.py\", line 461, in _apply_degradation\n    error_logging_service.log_warning(\n  File \"/Users/zhongxuan/Desktop/demo3/qlib-web/backend/app/services/error_logging_service.py\", line 409, in log_warning\n    return self.collector.collect_custom_error(\n  File \"/Users/zhongxuan/Desktop/demo3/qlib-web/backend/app/services/error_logging_service.py\", line 304, in collect_custom_error\n    stack_trace = ''.join(traceback.format_stack())\n", "request_id": null, "user_id": null, "endpoint": null, "method": null, "user_agent": null, "ip_address": null, "additional_context": {}}
2025-08-15 14:05:39,580 INFO sqlalchemy.engine.Engine BEGIN (implicit)
2025-08-15 14:05:39,580 - sqlalchemy.engine.Engine - INFO - BEGIN (implicit)
2025-08-15 14:05:39,582 INFO sqlalchemy.engine.Engine SELECT 1
2025-08-15 14:05:39,582 - sqlalchemy.engine.Engine - INFO - SELECT 1
2025-08-15 14:05:39,583 INFO sqlalchemy.engine.Engine [cached since 1210s ago] {}
2025-08-15 14:05:39,583 - sqlalchemy.engine.Engine - INFO - [cached since 1210s ago] {}
2025-08-15 14:05:40,593 INFO sqlalchemy.engine.Engine BEGIN (implicit)
2025-08-15 14:05:40,593 - sqlalchemy.engine.Engine - INFO - BEGIN (implicit)
2025-08-15 14:05:40,594 INFO sqlalchemy.engine.Engine SELECT 1
2025-08-15 14:05:40,594 - sqlalchemy.engine.Engine - INFO - SELECT 1
2025-08-15 14:05:40,594 INFO sqlalchemy.engine.Engine [cached since 1211s ago] {}
2025-08-15 14:05:40,594 - sqlalchemy.engine.Engine - INFO - [cached since 1211s ago] {}
2025-08-15 14:05:42,607 INFO sqlalchemy.engine.Engine BEGIN (implicit)
2025-08-15 14:05:42,607 - sqlalchemy.engine.Engine - INFO - BEGIN (implicit)
2025-08-15 14:05:42,608 INFO sqlalchemy.engine.Engine SELECT 1
2025-08-15 14:05:42,608 - sqlalchemy.engine.Engine - INFO - SELECT 1
2025-08-15 14:05:42,608 INFO sqlalchemy.engine.Engine [cached since 1213s ago] {}
2025-08-15 14:05:42,608 - sqlalchemy.engine.Engine - INFO - [cached since 1213s ago] {}
2025-08-15 14:05:43,618 INFO sqlalchemy.engine.Engine BEGIN (implicit)
2025-08-15 14:05:43,618 - sqlalchemy.engine.Engine - INFO - BEGIN (implicit)
2025-08-15 14:05:43,619 INFO sqlalchemy.engine.Engine SELECT 1
2025-08-15 14:05:43,619 - sqlalchemy.engine.Engine - INFO - SELECT 1
2025-08-15 14:05:43,619 INFO sqlalchemy.engine.Engine [cached since 1214s ago] {}
2025-08-15 14:05:43,619 - sqlalchemy.engine.Engine - INFO - [cached since 1214s ago] {}
2025-08-15 14:06:14,628 INFO sqlalchemy.engine.Engine BEGIN (implicit)
2025-08-15 14:06:14,628 - sqlalchemy.engine.Engine - INFO - BEGIN (implicit)
2025-08-15 14:06:14,630 INFO sqlalchemy.engine.Engine SELECT 1
2025-08-15 14:06:14,630 - sqlalchemy.engine.Engine - INFO - SELECT 1
2025-08-15 14:06:14,630 INFO sqlalchemy.engine.Engine [cached since 1245s ago] {}
2025-08-15 14:06:14,630 - sqlalchemy.engine.Engine - INFO - [cached since 1245s ago] {}
2025-08-15 14:06:15,638 INFO sqlalchemy.engine.Engine BEGIN (implicit)
2025-08-15 14:06:15,638 - sqlalchemy.engine.Engine - INFO - BEGIN (implicit)
2025-08-15 14:06:15,639 INFO sqlalchemy.engine.Engine SELECT 1
2025-08-15 14:06:15,639 - sqlalchemy.engine.Engine - INFO - SELECT 1
2025-08-15 14:06:15,639 INFO sqlalchemy.engine.Engine [cached since 1247s ago] {}
2025-08-15 14:06:15,639 - sqlalchemy.engine.Engine - INFO - [cached since 1247s ago] {}
2025-08-15 14:06:17,648 INFO sqlalchemy.engine.Engine BEGIN (implicit)
2025-08-15 14:06:17,648 - sqlalchemy.engine.Engine - INFO - BEGIN (implicit)
2025-08-15 14:06:17,648 INFO sqlalchemy.engine.Engine SELECT 1
2025-08-15 14:06:17,648 - sqlalchemy.engine.Engine - INFO - SELECT 1
2025-08-15 14:06:17,649 INFO sqlalchemy.engine.Engine [cached since 1249s ago] {}
2025-08-15 14:06:17,649 - sqlalchemy.engine.Engine - INFO - [cached since 1249s ago] {}
2025-08-15 14:06:18,655 INFO sqlalchemy.engine.Engine BEGIN (implicit)
2025-08-15 14:06:18,655 - sqlalchemy.engine.Engine - INFO - BEGIN (implicit)
2025-08-15 14:06:18,656 INFO sqlalchemy.engine.Engine SELECT 1
2025-08-15 14:06:18,656 - sqlalchemy.engine.Engine - INFO - SELECT 1
2025-08-15 14:06:18,656 INFO sqlalchemy.engine.Engine [cached since 1250s ago] {}
2025-08-15 14:06:18,656 - sqlalchemy.engine.Engine - INFO - [cached since 1250s ago] {}
2025-08-15 14:06:49,662 INFO sqlalchemy.engine.Engine BEGIN (implicit)
2025-08-15 14:06:49,662 - sqlalchemy.engine.Engine - INFO - BEGIN (implicit)
2025-08-15 14:06:49,663 INFO sqlalchemy.engine.Engine SELECT 1
2025-08-15 14:06:49,663 - sqlalchemy.engine.Engine - INFO - SELECT 1
2025-08-15 14:06:49,664 INFO sqlalchemy.engine.Engine [cached since 1281s ago] {}
2025-08-15 14:06:49,664 - sqlalchemy.engine.Engine - INFO - [cached since 1281s ago] {}
2025-08-15 14:06:50,674 INFO sqlalchemy.engine.Engine BEGIN (implicit)
2025-08-15 14:06:50,674 - sqlalchemy.engine.Engine - INFO - BEGIN (implicit)
2025-08-15 14:06:50,674 INFO sqlalchemy.engine.Engine SELECT 1
2025-08-15 14:06:50,674 - sqlalchemy.engine.Engine - INFO - SELECT 1
2025-08-15 14:06:50,674 INFO sqlalchemy.engine.Engine [cached since 1282s ago] {}
2025-08-15 14:06:50,674 - sqlalchemy.engine.Engine - INFO - [cached since 1282s ago] {}
2025-08-15 14:06:52,700 INFO sqlalchemy.engine.Engine BEGIN (implicit)
2025-08-15 14:06:52,700 - sqlalchemy.engine.Engine - INFO - BEGIN (implicit)
2025-08-15 14:06:52,700 INFO sqlalchemy.engine.Engine SELECT 1
2025-08-15 14:06:52,700 - sqlalchemy.engine.Engine - INFO - SELECT 1
2025-08-15 14:06:52,701 INFO sqlalchemy.engine.Engine [cached since 1284s ago] {}
2025-08-15 14:06:52,701 - sqlalchemy.engine.Engine - INFO - [cached since 1284s ago] {}
2025-08-15 14:06:53,715 INFO sqlalchemy.engine.Engine BEGIN (implicit)
2025-08-15 14:06:53,715 - sqlalchemy.engine.Engine - INFO - BEGIN (implicit)
2025-08-15 14:06:53,715 INFO sqlalchemy.engine.Engine SELECT 1
2025-08-15 14:06:53,715 - sqlalchemy.engine.Engine - INFO - SELECT 1
2025-08-15 14:06:53,715 INFO sqlalchemy.engine.Engine [cached since 1285s ago] {}
2025-08-15 14:06:53,715 - sqlalchemy.engine.Engine - INFO - [cached since 1285s ago] {}
2025-08-15 14:07:24,732 INFO sqlalchemy.engine.Engine BEGIN (implicit)
2025-08-15 14:07:24,732 - sqlalchemy.engine.Engine - INFO - BEGIN (implicit)
2025-08-15 14:07:24,733 INFO sqlalchemy.engine.Engine SELECT 1
2025-08-15 14:07:24,733 - sqlalchemy.engine.Engine - INFO - SELECT 1
2025-08-15 14:07:24,733 INFO sqlalchemy.engine.Engine [cached since 1316s ago] {}
2025-08-15 14:07:24,733 - sqlalchemy.engine.Engine - INFO - [cached since 1316s ago] {}
2025-08-15 14:07:25,755 INFO sqlalchemy.engine.Engine BEGIN (implicit)
2025-08-15 14:07:25,755 - sqlalchemy.engine.Engine - INFO - BEGIN (implicit)
2025-08-15 14:07:25,756 INFO sqlalchemy.engine.Engine SELECT 1
2025-08-15 14:07:25,756 - sqlalchemy.engine.Engine - INFO - SELECT 1
2025-08-15 14:07:25,756 INFO sqlalchemy.engine.Engine [cached since 1317s ago] {}
2025-08-15 14:07:25,756 - sqlalchemy.engine.Engine - INFO - [cached since 1317s ago] {}
2025-08-15 14:07:27,776 INFO sqlalchemy.engine.Engine BEGIN (implicit)
2025-08-15 14:07:27,776 - sqlalchemy.engine.Engine - INFO - BEGIN (implicit)
2025-08-15 14:07:27,777 INFO sqlalchemy.engine.Engine SELECT 1
2025-08-15 14:07:27,777 - sqlalchemy.engine.Engine - INFO - SELECT 1
2025-08-15 14:07:27,777 INFO sqlalchemy.engine.Engine [cached since 1319s ago] {}
2025-08-15 14:07:27,777 - sqlalchemy.engine.Engine - INFO - [cached since 1319s ago] {}
2025-08-15 14:07:28,790 INFO sqlalchemy.engine.Engine BEGIN (implicit)
2025-08-15 14:07:28,790 - sqlalchemy.engine.Engine - INFO - BEGIN (implicit)
2025-08-15 14:07:28,790 INFO sqlalchemy.engine.Engine SELECT 1
2025-08-15 14:07:28,790 - sqlalchemy.engine.Engine - INFO - SELECT 1
2025-08-15 14:07:28,790 INFO sqlalchemy.engine.Engine [cached since 1320s ago] {}
2025-08-15 14:07:28,790 - sqlalchemy.engine.Engine - INFO - [cached since 1320s ago] {}
2025-08-15 14:07:59,813 INFO sqlalchemy.engine.Engine BEGIN (implicit)
2025-08-15 14:07:59,813 - sqlalchemy.engine.Engine - INFO - BEGIN (implicit)
2025-08-15 14:07:59,814 INFO sqlalchemy.engine.Engine SELECT 1
2025-08-15 14:07:59,814 - sqlalchemy.engine.Engine - INFO - SELECT 1
2025-08-15 14:07:59,814 INFO sqlalchemy.engine.Engine [cached since 1351s ago] {}
2025-08-15 14:07:59,814 - sqlalchemy.engine.Engine - INFO - [cached since 1351s ago] {}
2025-08-15 14:08:00,832 INFO sqlalchemy.engine.Engine BEGIN (implicit)
2025-08-15 14:08:00,832 - sqlalchemy.engine.Engine - INFO - BEGIN (implicit)
2025-08-15 14:08:00,832 INFO sqlalchemy.engine.Engine SELECT 1
2025-08-15 14:08:00,832 - sqlalchemy.engine.Engine - INFO - SELECT 1
2025-08-15 14:08:00,832 INFO sqlalchemy.engine.Engine [cached since 1352s ago] {}
2025-08-15 14:08:00,832 - sqlalchemy.engine.Engine - INFO - [cached since 1352s ago] {}
2025-08-15 14:08:02,855 INFO sqlalchemy.engine.Engine BEGIN (implicit)
2025-08-15 14:08:02,855 - sqlalchemy.engine.Engine - INFO - BEGIN (implicit)
2025-08-15 14:08:02,856 INFO sqlalchemy.engine.Engine SELECT 1
2025-08-15 14:08:02,856 - sqlalchemy.engine.Engine - INFO - SELECT 1
2025-08-15 14:08:02,856 INFO sqlalchemy.engine.Engine [cached since 1354s ago] {}
2025-08-15 14:08:02,856 - sqlalchemy.engine.Engine - INFO - [cached since 1354s ago] {}
2025-08-15 14:08:03,877 INFO sqlalchemy.engine.Engine BEGIN (implicit)
2025-08-15 14:08:03,877 - sqlalchemy.engine.Engine - INFO - BEGIN (implicit)
2025-08-15 14:08:03,878 INFO sqlalchemy.engine.Engine SELECT 1
2025-08-15 14:08:03,878 - sqlalchemy.engine.Engine - INFO - SELECT 1
2025-08-15 14:08:03,878 INFO sqlalchemy.engine.Engine [cached since 1355s ago] {}
2025-08-15 14:08:03,878 - sqlalchemy.engine.Engine - INFO - [cached since 1355s ago] {}
2025-08-15 14:08:04,889 - error_collector - ERROR - {"timestamp": "2025-08-15T14:08:04.888712", "level": "warning", "category": "system", "message": "自动恢复成功: database - 服务 database 重启成功", "exception_type": "CustomError", "stack_trace": "  File \"<string>\", line 1, in <module>\n    from multiprocessing.spawn import spawn_main; spawn_main(tracker_fd=5, pipe_handle=7)\n  File \"/opt/homebrew/Cellar/python@3.13/3.13.5/Frameworks/Python.framework/Versions/3.13/lib/python3.13/multiprocessing/spawn.py\", line 122, in spawn_main\n    exitcode = _main(fd, parent_sentinel)\n  File \"/opt/homebrew/Cellar/python@3.13/3.13.5/Frameworks/Python.framework/Versions/3.13/lib/python3.13/multiprocessing/spawn.py\", line 135, in _main\n    return self._bootstrap(parent_sentinel)\n  File \"/opt/homebrew/Cellar/python@3.13/3.13.5/Frameworks/Python.framework/Versions/3.13/lib/python3.13/multiprocessing/process.py\", line 313, in _bootstrap\n    self.run()\n  File \"/opt/homebrew/Cellar/python@3.13/3.13.5/Frameworks/Python.framework/Versions/3.13/lib/python3.13/multiprocessing/process.py\", line 108, in run\n    self._target(*self._args, **self._kwargs)\n  File \"/Users/zhongxuan/Desktop/demo3/qlib-web/backend/venv/lib/python3.13/site-packages/uvicorn/_subprocess.py\", line 80, in subprocess_started\n    target(sockets=sockets)\n  File \"/Users/zhongxuan/Desktop/demo3/qlib-web/backend/venv/lib/python3.13/site-packages/uvicorn/server.py\", line 67, in run\n    return asyncio.run(self.serve(sockets=sockets))\n  File \"/opt/homebrew/Cellar/python@3.13/3.13.5/Frameworks/Python.framework/Versions/3.13/lib/python3.13/asyncio/runners.py\", line 195, in run\n    return runner.run(main)\n  File \"/opt/homebrew/Cellar/python@3.13/3.13.5/Frameworks/Python.framework/Versions/3.13/lib/python3.13/asyncio/runners.py\", line 118, in run\n    return self._loop.run_until_complete(task)\n  File \"/opt/homebrew/Cellar/python@3.13/3.13.5/Frameworks/Python.framework/Versions/3.13/lib/python3.13/asyncio/base_events.py\", line 712, in run_until_complete\n    self.run_forever()\n  File \"/opt/homebrew/Cellar/python@3.13/3.13.5/Frameworks/Python.framework/Versions/3.13/lib/python3.13/asyncio/base_events.py\", line 683, in run_forever\n    self._run_once()\n  File \"/opt/homebrew/Cellar/python@3.13/3.13.5/Frameworks/Python.framework/Versions/3.13/lib/python3.13/asyncio/base_events.py\", line 2042, in _run_once\n    handle._run()\n  File \"/opt/homebrew/Cellar/python@3.13/3.13.5/Frameworks/Python.framework/Versions/3.13/lib/python3.13/asyncio/events.py\", line 89, in _run\n    self._context.run(self._callback, *self._args)\n  File \"/Users/zhongxuan/Desktop/demo3/qlib-web/backend/app/services/fault_recovery_service.py\", line 417, in _monitor_loop\n    await self._apply_recovery_rules()\n  File \"/Users/zhongxuan/Desktop/demo3/qlib-web/backend/app/services/fault_recovery_service.py\", line 462, in _apply_recovery_rules\n    await self._execute_recovery_rule(rule, service_name, health)\n  File \"/Users/zhongxuan/Desktop/demo3/qlib-web/backend/app/services/fault_recovery_service.py\", line 538, in _execute_recovery_rule\n    error_logging_service.log_warning(\n  File \"/Users/zhongxuan/Desktop/demo3/qlib-web/backend/app/services/error_logging_service.py\", line 409, in log_warning\n    return self.collector.collect_custom_error(\n  File \"/Users/zhongxuan/Desktop/demo3/qlib-web/backend/app/services/error_logging_service.py\", line 304, in collect_custom_error\n    stack_trace = ''.join(traceback.format_stack())\n", "request_id": null, "user_id": null, "endpoint": null, "method": null, "user_agent": null, "ip_address": null, "additional_context": {}}
2025-08-15 14:08:36,914 INFO sqlalchemy.engine.Engine BEGIN (implicit)
2025-08-15 14:08:36,914 - sqlalchemy.engine.Engine - INFO - BEGIN (implicit)
2025-08-15 14:08:36,915 INFO sqlalchemy.engine.Engine SELECT 1
2025-08-15 14:08:36,915 - sqlalchemy.engine.Engine - INFO - SELECT 1
2025-08-15 14:08:36,915 INFO sqlalchemy.engine.Engine [cached since 1388s ago] {}
2025-08-15 14:08:36,915 - sqlalchemy.engine.Engine - INFO - [cached since 1388s ago] {}
2025-08-15 14:08:37,932 INFO sqlalchemy.engine.Engine BEGIN (implicit)
2025-08-15 14:08:37,932 - sqlalchemy.engine.Engine - INFO - BEGIN (implicit)
2025-08-15 14:08:37,932 INFO sqlalchemy.engine.Engine SELECT 1
2025-08-15 14:08:37,932 - sqlalchemy.engine.Engine - INFO - SELECT 1
2025-08-15 14:08:37,932 INFO sqlalchemy.engine.Engine [cached since 1389s ago] {}
2025-08-15 14:08:37,932 - sqlalchemy.engine.Engine - INFO - [cached since 1389s ago] {}
2025-08-15 14:08:39,953 INFO sqlalchemy.engine.Engine BEGIN (implicit)
2025-08-15 14:08:39,953 - sqlalchemy.engine.Engine - INFO - BEGIN (implicit)
2025-08-15 14:08:39,954 INFO sqlalchemy.engine.Engine SELECT 1
2025-08-15 14:08:39,954 - sqlalchemy.engine.Engine - INFO - SELECT 1
2025-08-15 14:08:39,954 INFO sqlalchemy.engine.Engine [cached since 1391s ago] {}
2025-08-15 14:08:39,954 - sqlalchemy.engine.Engine - INFO - [cached since 1391s ago] {}
2025-08-15 14:08:40,972 INFO sqlalchemy.engine.Engine BEGIN (implicit)
2025-08-15 14:08:40,972 - sqlalchemy.engine.Engine - INFO - BEGIN (implicit)
2025-08-15 14:08:40,972 INFO sqlalchemy.engine.Engine SELECT 1
2025-08-15 14:08:40,972 - sqlalchemy.engine.Engine - INFO - SELECT 1
2025-08-15 14:08:40,973 INFO sqlalchemy.engine.Engine [cached since 1392s ago] {}
2025-08-15 14:08:40,973 - sqlalchemy.engine.Engine - INFO - [cached since 1392s ago] {}
2025-08-15 14:09:11,989 INFO sqlalchemy.engine.Engine BEGIN (implicit)
2025-08-15 14:09:11,989 - sqlalchemy.engine.Engine - INFO - BEGIN (implicit)
2025-08-15 14:09:11,991 INFO sqlalchemy.engine.Engine SELECT 1
2025-08-15 14:09:11,991 - sqlalchemy.engine.Engine - INFO - SELECT 1
2025-08-15 14:09:11,991 INFO sqlalchemy.engine.Engine [cached since 1423s ago] {}
2025-08-15 14:09:11,991 - sqlalchemy.engine.Engine - INFO - [cached since 1423s ago] {}
2025-08-15 14:09:13,007 INFO sqlalchemy.engine.Engine BEGIN (implicit)
2025-08-15 14:09:13,007 - sqlalchemy.engine.Engine - INFO - BEGIN (implicit)
2025-08-15 14:09:13,007 INFO sqlalchemy.engine.Engine SELECT 1
2025-08-15 14:09:13,007 - sqlalchemy.engine.Engine - INFO - SELECT 1
2025-08-15 14:09:13,007 INFO sqlalchemy.engine.Engine [cached since 1424s ago] {}
2025-08-15 14:09:13,007 - sqlalchemy.engine.Engine - INFO - [cached since 1424s ago] {}
2025-08-15 14:09:15,027 INFO sqlalchemy.engine.Engine BEGIN (implicit)
2025-08-15 14:09:15,027 - sqlalchemy.engine.Engine - INFO - BEGIN (implicit)
2025-08-15 14:09:15,028 INFO sqlalchemy.engine.Engine SELECT 1
2025-08-15 14:09:15,028 - sqlalchemy.engine.Engine - INFO - SELECT 1
2025-08-15 14:09:15,028 INFO sqlalchemy.engine.Engine [cached since 1426s ago] {}
2025-08-15 14:09:15,028 - sqlalchemy.engine.Engine - INFO - [cached since 1426s ago] {}
2025-08-15 14:09:16,047 INFO sqlalchemy.engine.Engine BEGIN (implicit)
2025-08-15 14:09:16,047 - sqlalchemy.engine.Engine - INFO - BEGIN (implicit)
2025-08-15 14:09:16,047 INFO sqlalchemy.engine.Engine SELECT 1
2025-08-15 14:09:16,047 - sqlalchemy.engine.Engine - INFO - SELECT 1
2025-08-15 14:09:16,047 INFO sqlalchemy.engine.Engine [cached since 1427s ago] {}
2025-08-15 14:09:16,047 - sqlalchemy.engine.Engine - INFO - [cached since 1427s ago] {}
2025-08-15 14:09:47,075 INFO sqlalchemy.engine.Engine BEGIN (implicit)
2025-08-15 14:09:47,075 - sqlalchemy.engine.Engine - INFO - BEGIN (implicit)
2025-08-15 14:09:47,077 INFO sqlalchemy.engine.Engine SELECT 1
2025-08-15 14:09:47,077 - sqlalchemy.engine.Engine - INFO - SELECT 1
2025-08-15 14:09:47,077 INFO sqlalchemy.engine.Engine [cached since 1458s ago] {}
2025-08-15 14:09:47,077 - sqlalchemy.engine.Engine - INFO - [cached since 1458s ago] {}
2025-08-15 14:09:48,094 INFO sqlalchemy.engine.Engine BEGIN (implicit)
2025-08-15 14:09:48,094 - sqlalchemy.engine.Engine - INFO - BEGIN (implicit)
2025-08-15 14:09:48,094 INFO sqlalchemy.engine.Engine SELECT 1
2025-08-15 14:09:48,094 - sqlalchemy.engine.Engine - INFO - SELECT 1
2025-08-15 14:09:48,094 INFO sqlalchemy.engine.Engine [cached since 1459s ago] {}
2025-08-15 14:09:48,094 - sqlalchemy.engine.Engine - INFO - [cached since 1459s ago] {}
2025-08-15 14:10:52,114 - error_collector - ERROR - {"timestamp": "2025-08-15T14:10:52.113614", "level": "warning", "category": "system", "message": "服务 database 已自动恢复正常", "exception_type": "CustomError", "stack_trace": "  File \"<string>\", line 1, in <module>\n    from multiprocessing.spawn import spawn_main; spawn_main(tracker_fd=5, pipe_handle=7)\n  File \"/opt/homebrew/Cellar/python@3.13/3.13.5/Frameworks/Python.framework/Versions/3.13/lib/python3.13/multiprocessing/spawn.py\", line 122, in spawn_main\n    exitcode = _main(fd, parent_sentinel)\n  File \"/opt/homebrew/Cellar/python@3.13/3.13.5/Frameworks/Python.framework/Versions/3.13/lib/python3.13/multiprocessing/spawn.py\", line 135, in _main\n    return self._bootstrap(parent_sentinel)\n  File \"/opt/homebrew/Cellar/python@3.13/3.13.5/Frameworks/Python.framework/Versions/3.13/lib/python3.13/multiprocessing/process.py\", line 313, in _bootstrap\n    self.run()\n  File \"/opt/homebrew/Cellar/python@3.13/3.13.5/Frameworks/Python.framework/Versions/3.13/lib/python3.13/multiprocessing/process.py\", line 108, in run\n    self._target(*self._args, **self._kwargs)\n  File \"/Users/zhongxuan/Desktop/demo3/qlib-web/backend/venv/lib/python3.13/site-packages/uvicorn/_subprocess.py\", line 80, in subprocess_started\n    target(sockets=sockets)\n  File \"/Users/zhongxuan/Desktop/demo3/qlib-web/backend/venv/lib/python3.13/site-packages/uvicorn/server.py\", line 67, in run\n    return asyncio.run(self.serve(sockets=sockets))\n  File \"/opt/homebrew/Cellar/python@3.13/3.13.5/Frameworks/Python.framework/Versions/3.13/lib/python3.13/asyncio/runners.py\", line 195, in run\n    return runner.run(main)\n  File \"/opt/homebrew/Cellar/python@3.13/3.13.5/Frameworks/Python.framework/Versions/3.13/lib/python3.13/asyncio/runners.py\", line 118, in run\n    return self._loop.run_until_complete(task)\n  File \"/opt/homebrew/Cellar/python@3.13/3.13.5/Frameworks/Python.framework/Versions/3.13/lib/python3.13/asyncio/base_events.py\", line 712, in run_until_complete\n    self.run_forever()\n  File \"/opt/homebrew/Cellar/python@3.13/3.13.5/Frameworks/Python.framework/Versions/3.13/lib/python3.13/asyncio/base_events.py\", line 683, in run_forever\n    self._run_once()\n  File \"/opt/homebrew/Cellar/python@3.13/3.13.5/Frameworks/Python.framework/Versions/3.13/lib/python3.13/asyncio/base_events.py\", line 2042, in _run_once\n    handle._run()\n  File \"/opt/homebrew/Cellar/python@3.13/3.13.5/Frameworks/Python.framework/Versions/3.13/lib/python3.13/asyncio/events.py\", line 89, in _run\n    self._context.run(self._callback, *self._args)\n  File \"/Users/zhongxuan/Desktop/demo3/qlib-web/backend/app/services/graceful_degradation_service.py\", line 344, in _monitoring_loop\n    await self._apply_degradation_rules()\n  File \"/Users/zhongxuan/Desktop/demo3/qlib-web/backend/app/services/graceful_degradation_service.py\", line 418, in _apply_degradation_rules\n    await self._attempt_service_recovery(rule, service_status)\n  File \"/Users/zhongxuan/Desktop/demo3/qlib-web/backend/app/services/graceful_degradation_service.py\", line 502, in _attempt_service_recovery\n    error_logging_service.log_warning(\n  File \"/Users/zhongxuan/Desktop/demo3/qlib-web/backend/app/services/error_logging_service.py\", line 409, in log_warning\n    return self.collector.collect_custom_error(\n  File \"/Users/zhongxuan/Desktop/demo3/qlib-web/backend/app/services/error_logging_service.py\", line 304, in collect_custom_error\n    stack_trace = ''.join(traceback.format_stack())\n", "request_id": null, "user_id": null, "endpoint": null, "method": null, "user_agent": null, "ip_address": null, "additional_context": {}}
2025-08-15 14:12:56,188 INFO sqlalchemy.engine.Engine BEGIN (implicit)
2025-08-15 14:12:56,188 - sqlalchemy.engine.Engine - INFO - BEGIN (implicit)
2025-08-15 14:12:56,191 INFO sqlalchemy.engine.Engine SELECT 1
2025-08-15 14:12:56,191 - sqlalchemy.engine.Engine - INFO - SELECT 1
2025-08-15 14:12:56,191 INFO sqlalchemy.engine.Engine [cached since 1647s ago] {}
2025-08-15 14:12:56,191 - sqlalchemy.engine.Engine - INFO - [cached since 1647s ago] {}
2025-08-15 14:12:57,203 - error_collector - ERROR - {"timestamp": "2025-08-15T14:12:57.203137", "level": "warning", "category": "system", "message": "自动恢复成功: redis - 服务 redis 缓存清理成功", "exception_type": "CustomError", "stack_trace": "  File \"<string>\", line 1, in <module>\n    from multiprocessing.spawn import spawn_main; spawn_main(tracker_fd=5, pipe_handle=7)\n  File \"/opt/homebrew/Cellar/python@3.13/3.13.5/Frameworks/Python.framework/Versions/3.13/lib/python3.13/multiprocessing/spawn.py\", line 122, in spawn_main\n    exitcode = _main(fd, parent_sentinel)\n  File \"/opt/homebrew/Cellar/python@3.13/3.13.5/Frameworks/Python.framework/Versions/3.13/lib/python3.13/multiprocessing/spawn.py\", line 135, in _main\n    return self._bootstrap(parent_sentinel)\n  File \"/opt/homebrew/Cellar/python@3.13/3.13.5/Frameworks/Python.framework/Versions/3.13/lib/python3.13/multiprocessing/process.py\", line 313, in _bootstrap\n    self.run()\n  File \"/opt/homebrew/Cellar/python@3.13/3.13.5/Frameworks/Python.framework/Versions/3.13/lib/python3.13/multiprocessing/process.py\", line 108, in run\n    self._target(*self._args, **self._kwargs)\n  File \"/Users/zhongxuan/Desktop/demo3/qlib-web/backend/venv/lib/python3.13/site-packages/uvicorn/_subprocess.py\", line 80, in subprocess_started\n    target(sockets=sockets)\n  File \"/Users/zhongxuan/Desktop/demo3/qlib-web/backend/venv/lib/python3.13/site-packages/uvicorn/server.py\", line 67, in run\n    return asyncio.run(self.serve(sockets=sockets))\n  File \"/opt/homebrew/Cellar/python@3.13/3.13.5/Frameworks/Python.framework/Versions/3.13/lib/python3.13/asyncio/runners.py\", line 195, in run\n    return runner.run(main)\n  File \"/opt/homebrew/Cellar/python@3.13/3.13.5/Frameworks/Python.framework/Versions/3.13/lib/python3.13/asyncio/runners.py\", line 118, in run\n    return self._loop.run_until_complete(task)\n  File \"/opt/homebrew/Cellar/python@3.13/3.13.5/Frameworks/Python.framework/Versions/3.13/lib/python3.13/asyncio/base_events.py\", line 712, in run_until_complete\n    self.run_forever()\n  File \"/opt/homebrew/Cellar/python@3.13/3.13.5/Frameworks/Python.framework/Versions/3.13/lib/python3.13/asyncio/base_events.py\", line 683, in run_forever\n    self._run_once()\n  File \"/opt/homebrew/Cellar/python@3.13/3.13.5/Frameworks/Python.framework/Versions/3.13/lib/python3.13/asyncio/base_events.py\", line 2042, in _run_once\n    handle._run()\n  File \"/opt/homebrew/Cellar/python@3.13/3.13.5/Frameworks/Python.framework/Versions/3.13/lib/python3.13/asyncio/events.py\", line 89, in _run\n    self._context.run(self._callback, *self._args)\n  File \"/Users/zhongxuan/Desktop/demo3/qlib-web/backend/app/services/fault_recovery_service.py\", line 417, in _monitor_loop\n    await self._apply_recovery_rules()\n  File \"/Users/zhongxuan/Desktop/demo3/qlib-web/backend/app/services/fault_recovery_service.py\", line 462, in _apply_recovery_rules\n    await self._execute_recovery_rule(rule, service_name, health)\n  File \"/Users/zhongxuan/Desktop/demo3/qlib-web/backend/app/services/fault_recovery_service.py\", line 538, in _execute_recovery_rule\n    error_logging_service.log_warning(\n  File \"/Users/zhongxuan/Desktop/demo3/qlib-web/backend/app/services/error_logging_service.py\", line 409, in log_warning\n    return self.collector.collect_custom_error(\n  File \"/Users/zhongxuan/Desktop/demo3/qlib-web/backend/app/services/error_logging_service.py\", line 304, in collect_custom_error\n    stack_trace = ''.join(traceback.format_stack())\n", "request_id": null, "user_id": null, "endpoint": null, "method": null, "user_agent": null, "ip_address": null, "additional_context": {}}
2025-08-15 14:13:29,213 INFO sqlalchemy.engine.Engine BEGIN (implicit)
2025-08-15 14:13:29,213 - sqlalchemy.engine.Engine - INFO - BEGIN (implicit)
2025-08-15 14:13:29,214 INFO sqlalchemy.engine.Engine SELECT 1
2025-08-15 14:13:29,214 - sqlalchemy.engine.Engine - INFO - SELECT 1
2025-08-15 14:13:29,214 INFO sqlalchemy.engine.Engine [cached since 1680s ago] {}
2025-08-15 14:13:29,214 - sqlalchemy.engine.Engine - INFO - [cached since 1680s ago] {}
2025-08-15 14:13:30,223 INFO sqlalchemy.engine.Engine BEGIN (implicit)
2025-08-15 14:13:30,223 - sqlalchemy.engine.Engine - INFO - BEGIN (implicit)
2025-08-15 14:13:30,223 INFO sqlalchemy.engine.Engine SELECT 1
2025-08-15 14:13:30,223 - sqlalchemy.engine.Engine - INFO - SELECT 1
2025-08-15 14:13:30,224 INFO sqlalchemy.engine.Engine [cached since 1681s ago] {}
2025-08-15 14:13:30,224 - sqlalchemy.engine.Engine - INFO - [cached since 1681s ago] {}
2025-08-15 14:13:32,233 INFO sqlalchemy.engine.Engine BEGIN (implicit)
2025-08-15 14:13:32,233 - sqlalchemy.engine.Engine - INFO - BEGIN (implicit)
2025-08-15 14:13:32,234 INFO sqlalchemy.engine.Engine SELECT 1
2025-08-15 14:13:32,234 - sqlalchemy.engine.Engine - INFO - SELECT 1
2025-08-15 14:13:32,234 INFO sqlalchemy.engine.Engine [cached since 1683s ago] {}
2025-08-15 14:13:32,234 - sqlalchemy.engine.Engine - INFO - [cached since 1683s ago] {}
2025-08-15 14:13:33,239 INFO sqlalchemy.engine.Engine BEGIN (implicit)
2025-08-15 14:13:33,239 - sqlalchemy.engine.Engine - INFO - BEGIN (implicit)
2025-08-15 14:13:33,240 INFO sqlalchemy.engine.Engine SELECT 1
2025-08-15 14:13:33,240 - sqlalchemy.engine.Engine - INFO - SELECT 1
2025-08-15 14:13:33,240 INFO sqlalchemy.engine.Engine [cached since 1684s ago] {}
2025-08-15 14:13:33,240 - sqlalchemy.engine.Engine - INFO - [cached since 1684s ago] {}
2025-08-15 14:13:34,246 - error_collector - ERROR - {"timestamp": "2025-08-15T14:13:34.246099", "level": "warning", "category": "system", "message": "自动恢复成功: database - 服务 database 重启成功", "exception_type": "CustomError", "stack_trace": "  File \"<string>\", line 1, in <module>\n    from multiprocessing.spawn import spawn_main; spawn_main(tracker_fd=5, pipe_handle=7)\n  File \"/opt/homebrew/Cellar/python@3.13/3.13.5/Frameworks/Python.framework/Versions/3.13/lib/python3.13/multiprocessing/spawn.py\", line 122, in spawn_main\n    exitcode = _main(fd, parent_sentinel)\n  File \"/opt/homebrew/Cellar/python@3.13/3.13.5/Frameworks/Python.framework/Versions/3.13/lib/python3.13/multiprocessing/spawn.py\", line 135, in _main\n    return self._bootstrap(parent_sentinel)\n  File \"/opt/homebrew/Cellar/python@3.13/3.13.5/Frameworks/Python.framework/Versions/3.13/lib/python3.13/multiprocessing/process.py\", line 313, in _bootstrap\n    self.run()\n  File \"/opt/homebrew/Cellar/python@3.13/3.13.5/Frameworks/Python.framework/Versions/3.13/lib/python3.13/multiprocessing/process.py\", line 108, in run\n    self._target(*self._args, **self._kwargs)\n  File \"/Users/zhongxuan/Desktop/demo3/qlib-web/backend/venv/lib/python3.13/site-packages/uvicorn/_subprocess.py\", line 80, in subprocess_started\n    target(sockets=sockets)\n  File \"/Users/zhongxuan/Desktop/demo3/qlib-web/backend/venv/lib/python3.13/site-packages/uvicorn/server.py\", line 67, in run\n    return asyncio.run(self.serve(sockets=sockets))\n  File \"/opt/homebrew/Cellar/python@3.13/3.13.5/Frameworks/Python.framework/Versions/3.13/lib/python3.13/asyncio/runners.py\", line 195, in run\n    return runner.run(main)\n  File \"/opt/homebrew/Cellar/python@3.13/3.13.5/Frameworks/Python.framework/Versions/3.13/lib/python3.13/asyncio/runners.py\", line 118, in run\n    return self._loop.run_until_complete(task)\n  File \"/opt/homebrew/Cellar/python@3.13/3.13.5/Frameworks/Python.framework/Versions/3.13/lib/python3.13/asyncio/base_events.py\", line 712, in run_until_complete\n    self.run_forever()\n  File \"/opt/homebrew/Cellar/python@3.13/3.13.5/Frameworks/Python.framework/Versions/3.13/lib/python3.13/asyncio/base_events.py\", line 683, in run_forever\n    self._run_once()\n  File \"/opt/homebrew/Cellar/python@3.13/3.13.5/Frameworks/Python.framework/Versions/3.13/lib/python3.13/asyncio/base_events.py\", line 2042, in _run_once\n    handle._run()\n  File \"/opt/homebrew/Cellar/python@3.13/3.13.5/Frameworks/Python.framework/Versions/3.13/lib/python3.13/asyncio/events.py\", line 89, in _run\n    self._context.run(self._callback, *self._args)\n  File \"/Users/zhongxuan/Desktop/demo3/qlib-web/backend/app/services/fault_recovery_service.py\", line 417, in _monitor_loop\n    await self._apply_recovery_rules()\n  File \"/Users/zhongxuan/Desktop/demo3/qlib-web/backend/app/services/fault_recovery_service.py\", line 462, in _apply_recovery_rules\n    await self._execute_recovery_rule(rule, service_name, health)\n  File \"/Users/zhongxuan/Desktop/demo3/qlib-web/backend/app/services/fault_recovery_service.py\", line 538, in _execute_recovery_rule\n    error_logging_service.log_warning(\n  File \"/Users/zhongxuan/Desktop/demo3/qlib-web/backend/app/services/error_logging_service.py\", line 409, in log_warning\n    return self.collector.collect_custom_error(\n  File \"/Users/zhongxuan/Desktop/demo3/qlib-web/backend/app/services/error_logging_service.py\", line 304, in collect_custom_error\n    stack_trace = ''.join(traceback.format_stack())\n", "request_id": null, "user_id": null, "endpoint": null, "method": null, "user_agent": null, "ip_address": null, "additional_context": {}}
2025-08-15 14:14:05,250 INFO sqlalchemy.engine.Engine BEGIN (implicit)
2025-08-15 14:14:05,250 - sqlalchemy.engine.Engine - INFO - BEGIN (implicit)
2025-08-15 14:14:05,252 INFO sqlalchemy.engine.Engine SELECT 1
2025-08-15 14:14:05,252 - sqlalchemy.engine.Engine - INFO - SELECT 1
2025-08-15 14:14:05,252 INFO sqlalchemy.engine.Engine [cached since 1716s ago] {}
2025-08-15 14:14:05,252 - sqlalchemy.engine.Engine - INFO - [cached since 1716s ago] {}
2025-08-15 14:14:06,259 INFO sqlalchemy.engine.Engine BEGIN (implicit)
2025-08-15 14:14:06,259 - sqlalchemy.engine.Engine - INFO - BEGIN (implicit)
2025-08-15 14:14:06,259 INFO sqlalchemy.engine.Engine SELECT 1
2025-08-15 14:14:06,259 - sqlalchemy.engine.Engine - INFO - SELECT 1
2025-08-15 14:14:06,260 INFO sqlalchemy.engine.Engine [cached since 1717s ago] {}
2025-08-15 14:14:06,260 - sqlalchemy.engine.Engine - INFO - [cached since 1717s ago] {}
2025-08-15 14:14:08,272 INFO sqlalchemy.engine.Engine BEGIN (implicit)
2025-08-15 14:14:08,272 - sqlalchemy.engine.Engine - INFO - BEGIN (implicit)
2025-08-15 14:14:08,272 INFO sqlalchemy.engine.Engine SELECT 1
2025-08-15 14:14:08,272 - sqlalchemy.engine.Engine - INFO - SELECT 1
2025-08-15 14:14:08,272 INFO sqlalchemy.engine.Engine [cached since 1719s ago] {}
2025-08-15 14:14:08,272 - sqlalchemy.engine.Engine - INFO - [cached since 1719s ago] {}
2025-08-15 14:14:09,278 INFO sqlalchemy.engine.Engine BEGIN (implicit)
2025-08-15 14:14:09,278 - sqlalchemy.engine.Engine - INFO - BEGIN (implicit)
2025-08-15 14:14:09,279 INFO sqlalchemy.engine.Engine SELECT 1
2025-08-15 14:14:09,279 - sqlalchemy.engine.Engine - INFO - SELECT 1
2025-08-15 14:14:09,279 INFO sqlalchemy.engine.Engine [cached since 1720s ago] {}
2025-08-15 14:14:09,279 - sqlalchemy.engine.Engine - INFO - [cached since 1720s ago] {}
2025-08-15 14:14:40,290 INFO sqlalchemy.engine.Engine BEGIN (implicit)
2025-08-15 14:14:40,290 - sqlalchemy.engine.Engine - INFO - BEGIN (implicit)
2025-08-15 14:14:40,292 INFO sqlalchemy.engine.Engine SELECT 1
2025-08-15 14:14:40,292 - sqlalchemy.engine.Engine - INFO - SELECT 1
2025-08-15 14:14:40,292 INFO sqlalchemy.engine.Engine [cached since 1751s ago] {}
2025-08-15 14:14:40,292 - sqlalchemy.engine.Engine - INFO - [cached since 1751s ago] {}
2025-08-15 14:14:41,322 INFO sqlalchemy.engine.Engine BEGIN (implicit)
2025-08-15 14:14:41,322 - sqlalchemy.engine.Engine - INFO - BEGIN (implicit)
2025-08-15 14:14:41,322 INFO sqlalchemy.engine.Engine SELECT 1
2025-08-15 14:14:41,322 - sqlalchemy.engine.Engine - INFO - SELECT 1
2025-08-15 14:14:41,322 INFO sqlalchemy.engine.Engine [cached since 1752s ago] {}
2025-08-15 14:14:41,322 - sqlalchemy.engine.Engine - INFO - [cached since 1752s ago] {}
2025-08-15 14:14:43,344 INFO sqlalchemy.engine.Engine BEGIN (implicit)
2025-08-15 14:14:43,344 - sqlalchemy.engine.Engine - INFO - BEGIN (implicit)
2025-08-15 14:14:43,344 INFO sqlalchemy.engine.Engine SELECT 1
2025-08-15 14:14:43,344 - sqlalchemy.engine.Engine - INFO - SELECT 1
2025-08-15 14:14:43,344 INFO sqlalchemy.engine.Engine [cached since 1754s ago] {}
2025-08-15 14:14:43,344 - sqlalchemy.engine.Engine - INFO - [cached since 1754s ago] {}
2025-08-15 14:14:44,361 INFO sqlalchemy.engine.Engine BEGIN (implicit)
2025-08-15 14:14:44,361 - sqlalchemy.engine.Engine - INFO - BEGIN (implicit)
2025-08-15 14:14:44,361 INFO sqlalchemy.engine.Engine SELECT 1
2025-08-15 14:14:44,361 - sqlalchemy.engine.Engine - INFO - SELECT 1
2025-08-15 14:14:44,361 INFO sqlalchemy.engine.Engine [cached since 1755s ago] {}
2025-08-15 14:14:44,361 - sqlalchemy.engine.Engine - INFO - [cached since 1755s ago] {}
2025-08-15 14:15:15,377 INFO sqlalchemy.engine.Engine BEGIN (implicit)
2025-08-15 14:15:15,377 - sqlalchemy.engine.Engine - INFO - BEGIN (implicit)
2025-08-15 14:15:15,379 INFO sqlalchemy.engine.Engine SELECT 1
2025-08-15 14:15:15,379 - sqlalchemy.engine.Engine - INFO - SELECT 1
2025-08-15 14:15:15,379 INFO sqlalchemy.engine.Engine [cached since 1786s ago] {}
2025-08-15 14:15:15,379 - sqlalchemy.engine.Engine - INFO - [cached since 1786s ago] {}
2025-08-15 14:15:16,395 INFO sqlalchemy.engine.Engine BEGIN (implicit)
2025-08-15 14:15:16,395 - sqlalchemy.engine.Engine - INFO - BEGIN (implicit)
2025-08-15 14:15:16,396 INFO sqlalchemy.engine.Engine SELECT 1
2025-08-15 14:15:16,396 - sqlalchemy.engine.Engine - INFO - SELECT 1
2025-08-15 14:15:16,396 INFO sqlalchemy.engine.Engine [cached since 1787s ago] {}
2025-08-15 14:15:16,396 - sqlalchemy.engine.Engine - INFO - [cached since 1787s ago] {}
2025-08-15 14:15:18,417 INFO sqlalchemy.engine.Engine BEGIN (implicit)
2025-08-15 14:15:18,417 - sqlalchemy.engine.Engine - INFO - BEGIN (implicit)
2025-08-15 14:15:18,418 INFO sqlalchemy.engine.Engine SELECT 1
2025-08-15 14:15:18,418 - sqlalchemy.engine.Engine - INFO - SELECT 1
2025-08-15 14:15:18,418 INFO sqlalchemy.engine.Engine [cached since 1789s ago] {}
2025-08-15 14:15:18,418 - sqlalchemy.engine.Engine - INFO - [cached since 1789s ago] {}
2025-08-15 14:15:19,434 INFO sqlalchemy.engine.Engine BEGIN (implicit)
2025-08-15 14:15:19,434 - sqlalchemy.engine.Engine - INFO - BEGIN (implicit)
2025-08-15 14:15:19,434 INFO sqlalchemy.engine.Engine SELECT 1
2025-08-15 14:15:19,434 - sqlalchemy.engine.Engine - INFO - SELECT 1
2025-08-15 14:15:19,434 INFO sqlalchemy.engine.Engine [cached since 1790s ago] {}
2025-08-15 14:15:19,434 - sqlalchemy.engine.Engine - INFO - [cached since 1790s ago] {}
2025-08-15 14:15:50,462 INFO sqlalchemy.engine.Engine BEGIN (implicit)
2025-08-15 14:15:50,462 - sqlalchemy.engine.Engine - INFO - BEGIN (implicit)
2025-08-15 14:15:50,463 INFO sqlalchemy.engine.Engine SELECT 1
2025-08-15 14:15:50,463 - sqlalchemy.engine.Engine - INFO - SELECT 1
2025-08-15 14:15:50,464 INFO sqlalchemy.engine.Engine [cached since 1821s ago] {}
2025-08-15 14:15:50,464 - sqlalchemy.engine.Engine - INFO - [cached since 1821s ago] {}
2025-08-15 14:15:51,481 INFO sqlalchemy.engine.Engine BEGIN (implicit)
2025-08-15 14:15:51,481 - sqlalchemy.engine.Engine - INFO - BEGIN (implicit)
2025-08-15 14:15:51,481 INFO sqlalchemy.engine.Engine SELECT 1
2025-08-15 14:15:51,481 - sqlalchemy.engine.Engine - INFO - SELECT 1
2025-08-15 14:15:51,481 INFO sqlalchemy.engine.Engine [cached since 1822s ago] {}
2025-08-15 14:15:51,481 - sqlalchemy.engine.Engine - INFO - [cached since 1822s ago] {}
2025-08-15 14:15:53,501 INFO sqlalchemy.engine.Engine BEGIN (implicit)
2025-08-15 14:15:53,501 - sqlalchemy.engine.Engine - INFO - BEGIN (implicit)
2025-08-15 14:15:53,501 INFO sqlalchemy.engine.Engine SELECT 1
2025-08-15 14:15:53,501 - sqlalchemy.engine.Engine - INFO - SELECT 1
2025-08-15 14:15:53,501 INFO sqlalchemy.engine.Engine [cached since 1824s ago] {}
2025-08-15 14:15:53,501 - sqlalchemy.engine.Engine - INFO - [cached since 1824s ago] {}
2025-08-15 14:15:54,517 INFO sqlalchemy.engine.Engine BEGIN (implicit)
2025-08-15 14:15:54,517 - sqlalchemy.engine.Engine - INFO - BEGIN (implicit)
2025-08-15 14:15:54,518 INFO sqlalchemy.engine.Engine SELECT 1
2025-08-15 14:15:54,518 - sqlalchemy.engine.Engine - INFO - SELECT 1
2025-08-15 14:15:54,518 INFO sqlalchemy.engine.Engine [cached since 1825s ago] {}
2025-08-15 14:15:54,518 - sqlalchemy.engine.Engine - INFO - [cached since 1825s ago] {}
2025-08-15 14:15:57,197 - error_collector - ERROR - {"timestamp": "2025-08-15T14:15:57.197233", "level": "warning", "category": "system", "message": "服务 database 已降级至 moderate 级别", "exception_type": "CustomError", "stack_trace": "  File \"<string>\", line 1, in <module>\n    from multiprocessing.spawn import spawn_main; spawn_main(tracker_fd=5, pipe_handle=7)\n  File \"/opt/homebrew/Cellar/python@3.13/3.13.5/Frameworks/Python.framework/Versions/3.13/lib/python3.13/multiprocessing/spawn.py\", line 122, in spawn_main\n    exitcode = _main(fd, parent_sentinel)\n  File \"/opt/homebrew/Cellar/python@3.13/3.13.5/Frameworks/Python.framework/Versions/3.13/lib/python3.13/multiprocessing/spawn.py\", line 135, in _main\n    return self._bootstrap(parent_sentinel)\n  File \"/opt/homebrew/Cellar/python@3.13/3.13.5/Frameworks/Python.framework/Versions/3.13/lib/python3.13/multiprocessing/process.py\", line 313, in _bootstrap\n    self.run()\n  File \"/opt/homebrew/Cellar/python@3.13/3.13.5/Frameworks/Python.framework/Versions/3.13/lib/python3.13/multiprocessing/process.py\", line 108, in run\n    self._target(*self._args, **self._kwargs)\n  File \"/Users/zhongxuan/Desktop/demo3/qlib-web/backend/venv/lib/python3.13/site-packages/uvicorn/_subprocess.py\", line 80, in subprocess_started\n    target(sockets=sockets)\n  File \"/Users/zhongxuan/Desktop/demo3/qlib-web/backend/venv/lib/python3.13/site-packages/uvicorn/server.py\", line 67, in run\n    return asyncio.run(self.serve(sockets=sockets))\n  File \"/opt/homebrew/Cellar/python@3.13/3.13.5/Frameworks/Python.framework/Versions/3.13/lib/python3.13/asyncio/runners.py\", line 195, in run\n    return runner.run(main)\n  File \"/opt/homebrew/Cellar/python@3.13/3.13.5/Frameworks/Python.framework/Versions/3.13/lib/python3.13/asyncio/runners.py\", line 118, in run\n    return self._loop.run_until_complete(task)\n  File \"/opt/homebrew/Cellar/python@3.13/3.13.5/Frameworks/Python.framework/Versions/3.13/lib/python3.13/asyncio/base_events.py\", line 712, in run_until_complete\n    self.run_forever()\n  File \"/opt/homebrew/Cellar/python@3.13/3.13.5/Frameworks/Python.framework/Versions/3.13/lib/python3.13/asyncio/base_events.py\", line 683, in run_forever\n    self._run_once()\n  File \"/opt/homebrew/Cellar/python@3.13/3.13.5/Frameworks/Python.framework/Versions/3.13/lib/python3.13/asyncio/base_events.py\", line 2042, in _run_once\n    handle._run()\n  File \"/opt/homebrew/Cellar/python@3.13/3.13.5/Frameworks/Python.framework/Versions/3.13/lib/python3.13/asyncio/events.py\", line 89, in _run\n    self._context.run(self._callback, *self._args)\n  File \"/Users/zhongxuan/Desktop/demo3/qlib-web/backend/app/services/graceful_degradation_service.py\", line 344, in _monitoring_loop\n    await self._apply_degradation_rules()\n  File \"/Users/zhongxuan/Desktop/demo3/qlib-web/backend/app/services/graceful_degradation_service.py\", line 414, in _apply_degradation_rules\n    await self._apply_degradation(rule, service_status)\n  File \"/Users/zhongxuan/Desktop/demo3/qlib-web/backend/app/services/graceful_degradation_service.py\", line 461, in _apply_degradation\n    error_logging_service.log_warning(\n  File \"/Users/zhongxuan/Desktop/demo3/qlib-web/backend/app/services/error_logging_service.py\", line 409, in log_warning\n    return self.collector.collect_custom_error(\n  File \"/Users/zhongxuan/Desktop/demo3/qlib-web/backend/app/services/error_logging_service.py\", line 304, in collect_custom_error\n    stack_trace = ''.join(traceback.format_stack())\n", "request_id": null, "user_id": null, "endpoint": null, "method": null, "user_agent": null, "ip_address": null, "additional_context": {}}
2025-08-15 14:16:25,541 INFO sqlalchemy.engine.Engine BEGIN (implicit)
2025-08-15 14:16:25,541 - sqlalchemy.engine.Engine - INFO - BEGIN (implicit)
2025-08-15 14:16:25,542 INFO sqlalchemy.engine.Engine SELECT 1
2025-08-15 14:16:25,542 - sqlalchemy.engine.Engine - INFO - SELECT 1
2025-08-15 14:16:25,542 INFO sqlalchemy.engine.Engine [cached since 1856s ago] {}
2025-08-15 14:16:25,542 - sqlalchemy.engine.Engine - INFO - [cached since 1856s ago] {}
2025-08-15 14:16:26,559 INFO sqlalchemy.engine.Engine BEGIN (implicit)
2025-08-15 14:16:26,559 - sqlalchemy.engine.Engine - INFO - BEGIN (implicit)
2025-08-15 14:16:26,560 INFO sqlalchemy.engine.Engine SELECT 1
2025-08-15 14:16:26,560 - sqlalchemy.engine.Engine - INFO - SELECT 1
2025-08-15 14:16:26,560 INFO sqlalchemy.engine.Engine [cached since 1857s ago] {}
2025-08-15 14:16:26,560 - sqlalchemy.engine.Engine - INFO - [cached since 1857s ago] {}
2025-08-15 14:16:28,581 INFO sqlalchemy.engine.Engine BEGIN (implicit)
2025-08-15 14:16:28,581 - sqlalchemy.engine.Engine - INFO - BEGIN (implicit)
2025-08-15 14:16:28,583 INFO sqlalchemy.engine.Engine SELECT 1
2025-08-15 14:16:28,583 - sqlalchemy.engine.Engine - INFO - SELECT 1
2025-08-15 14:16:28,583 INFO sqlalchemy.engine.Engine [cached since 1859s ago] {}
2025-08-15 14:16:28,583 - sqlalchemy.engine.Engine - INFO - [cached since 1859s ago] {}
2025-08-15 14:16:29,597 INFO sqlalchemy.engine.Engine BEGIN (implicit)
2025-08-15 14:16:29,597 - sqlalchemy.engine.Engine - INFO - BEGIN (implicit)
2025-08-15 14:16:29,598 INFO sqlalchemy.engine.Engine SELECT 1
2025-08-15 14:16:29,598 - sqlalchemy.engine.Engine - INFO - SELECT 1
2025-08-15 14:16:29,598 INFO sqlalchemy.engine.Engine [cached since 1860s ago] {}
2025-08-15 14:16:29,598 - sqlalchemy.engine.Engine - INFO - [cached since 1860s ago] {}
2025-08-15 14:16:57,200 - error_collector - ERROR - {"timestamp": "2025-08-15T14:16:57.199779", "level": "warning", "category": "system", "message": "服务 database 已自动恢复正常", "exception_type": "CustomError", "stack_trace": "  File \"<string>\", line 1, in <module>\n    from multiprocessing.spawn import spawn_main; spawn_main(tracker_fd=5, pipe_handle=7)\n  File \"/opt/homebrew/Cellar/python@3.13/3.13.5/Frameworks/Python.framework/Versions/3.13/lib/python3.13/multiprocessing/spawn.py\", line 122, in spawn_main\n    exitcode = _main(fd, parent_sentinel)\n  File \"/opt/homebrew/Cellar/python@3.13/3.13.5/Frameworks/Python.framework/Versions/3.13/lib/python3.13/multiprocessing/spawn.py\", line 135, in _main\n    return self._bootstrap(parent_sentinel)\n  File \"/opt/homebrew/Cellar/python@3.13/3.13.5/Frameworks/Python.framework/Versions/3.13/lib/python3.13/multiprocessing/process.py\", line 313, in _bootstrap\n    self.run()\n  File \"/opt/homebrew/Cellar/python@3.13/3.13.5/Frameworks/Python.framework/Versions/3.13/lib/python3.13/multiprocessing/process.py\", line 108, in run\n    self._target(*self._args, **self._kwargs)\n  File \"/Users/zhongxuan/Desktop/demo3/qlib-web/backend/venv/lib/python3.13/site-packages/uvicorn/_subprocess.py\", line 80, in subprocess_started\n    target(sockets=sockets)\n  File \"/Users/zhongxuan/Desktop/demo3/qlib-web/backend/venv/lib/python3.13/site-packages/uvicorn/server.py\", line 67, in run\n    return asyncio.run(self.serve(sockets=sockets))\n  File \"/opt/homebrew/Cellar/python@3.13/3.13.5/Frameworks/Python.framework/Versions/3.13/lib/python3.13/asyncio/runners.py\", line 195, in run\n    return runner.run(main)\n  File \"/opt/homebrew/Cellar/python@3.13/3.13.5/Frameworks/Python.framework/Versions/3.13/lib/python3.13/asyncio/runners.py\", line 118, in run\n    return self._loop.run_until_complete(task)\n  File \"/opt/homebrew/Cellar/python@3.13/3.13.5/Frameworks/Python.framework/Versions/3.13/lib/python3.13/asyncio/base_events.py\", line 712, in run_until_complete\n    self.run_forever()\n  File \"/opt/homebrew/Cellar/python@3.13/3.13.5/Frameworks/Python.framework/Versions/3.13/lib/python3.13/asyncio/base_events.py\", line 683, in run_forever\n    self._run_once()\n  File \"/opt/homebrew/Cellar/python@3.13/3.13.5/Frameworks/Python.framework/Versions/3.13/lib/python3.13/asyncio/base_events.py\", line 2042, in _run_once\n    handle._run()\n  File \"/opt/homebrew/Cellar/python@3.13/3.13.5/Frameworks/Python.framework/Versions/3.13/lib/python3.13/asyncio/events.py\", line 89, in _run\n    self._context.run(self._callback, *self._args)\n  File \"/Users/zhongxuan/Desktop/demo3/qlib-web/backend/app/services/graceful_degradation_service.py\", line 344, in _monitoring_loop\n    await self._apply_degradation_rules()\n  File \"/Users/zhongxuan/Desktop/demo3/qlib-web/backend/app/services/graceful_degradation_service.py\", line 418, in _apply_degradation_rules\n    await self._attempt_service_recovery(rule, service_status)\n  File \"/Users/zhongxuan/Desktop/demo3/qlib-web/backend/app/services/graceful_degradation_service.py\", line 502, in _attempt_service_recovery\n    error_logging_service.log_warning(\n  File \"/Users/zhongxuan/Desktop/demo3/qlib-web/backend/app/services/error_logging_service.py\", line 409, in log_warning\n    return self.collector.collect_custom_error(\n  File \"/Users/zhongxuan/Desktop/demo3/qlib-web/backend/app/services/error_logging_service.py\", line 304, in collect_custom_error\n    stack_trace = ''.join(traceback.format_stack())\n", "request_id": null, "user_id": null, "endpoint": null, "method": null, "user_agent": null, "ip_address": null, "additional_context": {}}
2025-08-15 14:17:00,616 INFO sqlalchemy.engine.Engine BEGIN (implicit)
2025-08-15 14:17:00,616 - sqlalchemy.engine.Engine - INFO - BEGIN (implicit)
2025-08-15 14:17:00,617 INFO sqlalchemy.engine.Engine SELECT 1
2025-08-15 14:17:00,617 - sqlalchemy.engine.Engine - INFO - SELECT 1
2025-08-15 14:17:00,617 INFO sqlalchemy.engine.Engine [cached since 1892s ago] {}
2025-08-15 14:17:00,617 - sqlalchemy.engine.Engine - INFO - [cached since 1892s ago] {}
2025-08-15 14:17:01,635 INFO sqlalchemy.engine.Engine BEGIN (implicit)
2025-08-15 14:17:01,635 - sqlalchemy.engine.Engine - INFO - BEGIN (implicit)
2025-08-15 14:17:01,636 INFO sqlalchemy.engine.Engine SELECT 1
2025-08-15 14:17:01,636 - sqlalchemy.engine.Engine - INFO - SELECT 1
2025-08-15 14:17:01,636 INFO sqlalchemy.engine.Engine [cached since 1893s ago] {}
2025-08-15 14:17:01,636 - sqlalchemy.engine.Engine - INFO - [cached since 1893s ago] {}
2025-08-15 14:17:03,656 INFO sqlalchemy.engine.Engine BEGIN (implicit)
2025-08-15 14:17:03,656 - sqlalchemy.engine.Engine - INFO - BEGIN (implicit)
2025-08-15 14:17:03,656 INFO sqlalchemy.engine.Engine SELECT 1
2025-08-15 14:17:03,656 - sqlalchemy.engine.Engine - INFO - SELECT 1
2025-08-15 14:17:03,656 INFO sqlalchemy.engine.Engine [cached since 1895s ago] {}
2025-08-15 14:17:03,656 - sqlalchemy.engine.Engine - INFO - [cached since 1895s ago] {}
2025-08-15 14:17:04,672 INFO sqlalchemy.engine.Engine BEGIN (implicit)
2025-08-15 14:17:04,672 - sqlalchemy.engine.Engine - INFO - BEGIN (implicit)
2025-08-15 14:17:04,672 INFO sqlalchemy.engine.Engine SELECT 1
2025-08-15 14:17:04,672 - sqlalchemy.engine.Engine - INFO - SELECT 1
2025-08-15 14:17:04,672 INFO sqlalchemy.engine.Engine [cached since 1896s ago] {}
2025-08-15 14:17:04,672 - sqlalchemy.engine.Engine - INFO - [cached since 1896s ago] {}
2025-08-15 14:17:35,692 INFO sqlalchemy.engine.Engine BEGIN (implicit)
2025-08-15 14:17:35,692 - sqlalchemy.engine.Engine - INFO - BEGIN (implicit)
2025-08-15 14:17:35,692 INFO sqlalchemy.engine.Engine SELECT 1
2025-08-15 14:17:35,692 - sqlalchemy.engine.Engine - INFO - SELECT 1
2025-08-15 14:17:35,692 INFO sqlalchemy.engine.Engine [cached since 1927s ago] {}
2025-08-15 14:17:35,692 - sqlalchemy.engine.Engine - INFO - [cached since 1927s ago] {}
2025-08-15 14:19:10,732 - error_collector - ERROR - {"timestamp": "2025-08-15T14:19:10.731981", "level": "warning", "category": "system", "message": "自动恢复成功: database - 服务 database 重启成功", "exception_type": "CustomError", "stack_trace": "  File \"<string>\", line 1, in <module>\n    from multiprocessing.spawn import spawn_main; spawn_main(tracker_fd=5, pipe_handle=7)\n  File \"/opt/homebrew/Cellar/python@3.13/3.13.5/Frameworks/Python.framework/Versions/3.13/lib/python3.13/multiprocessing/spawn.py\", line 122, in spawn_main\n    exitcode = _main(fd, parent_sentinel)\n  File \"/opt/homebrew/Cellar/python@3.13/3.13.5/Frameworks/Python.framework/Versions/3.13/lib/python3.13/multiprocessing/spawn.py\", line 135, in _main\n    return self._bootstrap(parent_sentinel)\n  File \"/opt/homebrew/Cellar/python@3.13/3.13.5/Frameworks/Python.framework/Versions/3.13/lib/python3.13/multiprocessing/process.py\", line 313, in _bootstrap\n    self.run()\n  File \"/opt/homebrew/Cellar/python@3.13/3.13.5/Frameworks/Python.framework/Versions/3.13/lib/python3.13/multiprocessing/process.py\", line 108, in run\n    self._target(*self._args, **self._kwargs)\n  File \"/Users/zhongxuan/Desktop/demo3/qlib-web/backend/venv/lib/python3.13/site-packages/uvicorn/_subprocess.py\", line 80, in subprocess_started\n    target(sockets=sockets)\n  File \"/Users/zhongxuan/Desktop/demo3/qlib-web/backend/venv/lib/python3.13/site-packages/uvicorn/server.py\", line 67, in run\n    return asyncio.run(self.serve(sockets=sockets))\n  File \"/opt/homebrew/Cellar/python@3.13/3.13.5/Frameworks/Python.framework/Versions/3.13/lib/python3.13/asyncio/runners.py\", line 195, in run\n    return runner.run(main)\n  File \"/opt/homebrew/Cellar/python@3.13/3.13.5/Frameworks/Python.framework/Versions/3.13/lib/python3.13/asyncio/runners.py\", line 118, in run\n    return self._loop.run_until_complete(task)\n  File \"/opt/homebrew/Cellar/python@3.13/3.13.5/Frameworks/Python.framework/Versions/3.13/lib/python3.13/asyncio/base_events.py\", line 712, in run_until_complete\n    self.run_forever()\n  File \"/opt/homebrew/Cellar/python@3.13/3.13.5/Frameworks/Python.framework/Versions/3.13/lib/python3.13/asyncio/base_events.py\", line 683, in run_forever\n    self._run_once()\n  File \"/opt/homebrew/Cellar/python@3.13/3.13.5/Frameworks/Python.framework/Versions/3.13/lib/python3.13/asyncio/base_events.py\", line 2042, in _run_once\n    handle._run()\n  File \"/opt/homebrew/Cellar/python@3.13/3.13.5/Frameworks/Python.framework/Versions/3.13/lib/python3.13/asyncio/events.py\", line 89, in _run\n    self._context.run(self._callback, *self._args)\n  File \"/Users/zhongxuan/Desktop/demo3/qlib-web/backend/app/services/fault_recovery_service.py\", line 417, in _monitor_loop\n    await self._apply_recovery_rules()\n  File \"/Users/zhongxuan/Desktop/demo3/qlib-web/backend/app/services/fault_recovery_service.py\", line 462, in _apply_recovery_rules\n    await self._execute_recovery_rule(rule, service_name, health)\n  File \"/Users/zhongxuan/Desktop/demo3/qlib-web/backend/app/services/fault_recovery_service.py\", line 538, in _execute_recovery_rule\n    error_logging_service.log_warning(\n  File \"/Users/zhongxuan/Desktop/demo3/qlib-web/backend/app/services/error_logging_service.py\", line 409, in log_warning\n    return self.collector.collect_custom_error(\n  File \"/Users/zhongxuan/Desktop/demo3/qlib-web/backend/app/services/error_logging_service.py\", line 304, in collect_custom_error\n    stack_trace = ''.join(traceback.format_stack())\n", "request_id": null, "user_id": null, "endpoint": null, "method": null, "user_agent": null, "ip_address": null, "additional_context": {}}
2025-08-15 14:19:11,238 - error_collector - ERROR - {"timestamp": "2025-08-15T14:19:11.236994", "level": "warning", "category": "system", "message": "自动恢复成功: redis - 服务 redis 缓存清理成功", "exception_type": "CustomError", "stack_trace": "  File \"<string>\", line 1, in <module>\n    from multiprocessing.spawn import spawn_main; spawn_main(tracker_fd=5, pipe_handle=7)\n  File \"/opt/homebrew/Cellar/python@3.13/3.13.5/Frameworks/Python.framework/Versions/3.13/lib/python3.13/multiprocessing/spawn.py\", line 122, in spawn_main\n    exitcode = _main(fd, parent_sentinel)\n  File \"/opt/homebrew/Cellar/python@3.13/3.13.5/Frameworks/Python.framework/Versions/3.13/lib/python3.13/multiprocessing/spawn.py\", line 135, in _main\n    return self._bootstrap(parent_sentinel)\n  File \"/opt/homebrew/Cellar/python@3.13/3.13.5/Frameworks/Python.framework/Versions/3.13/lib/python3.13/multiprocessing/process.py\", line 313, in _bootstrap\n    self.run()\n  File \"/opt/homebrew/Cellar/python@3.13/3.13.5/Frameworks/Python.framework/Versions/3.13/lib/python3.13/multiprocessing/process.py\", line 108, in run\n    self._target(*self._args, **self._kwargs)\n  File \"/Users/zhongxuan/Desktop/demo3/qlib-web/backend/venv/lib/python3.13/site-packages/uvicorn/_subprocess.py\", line 80, in subprocess_started\n    target(sockets=sockets)\n  File \"/Users/zhongxuan/Desktop/demo3/qlib-web/backend/venv/lib/python3.13/site-packages/uvicorn/server.py\", line 67, in run\n    return asyncio.run(self.serve(sockets=sockets))\n  File \"/opt/homebrew/Cellar/python@3.13/3.13.5/Frameworks/Python.framework/Versions/3.13/lib/python3.13/asyncio/runners.py\", line 195, in run\n    return runner.run(main)\n  File \"/opt/homebrew/Cellar/python@3.13/3.13.5/Frameworks/Python.framework/Versions/3.13/lib/python3.13/asyncio/runners.py\", line 118, in run\n    return self._loop.run_until_complete(task)\n  File \"/opt/homebrew/Cellar/python@3.13/3.13.5/Frameworks/Python.framework/Versions/3.13/lib/python3.13/asyncio/base_events.py\", line 712, in run_until_complete\n    self.run_forever()\n  File \"/opt/homebrew/Cellar/python@3.13/3.13.5/Frameworks/Python.framework/Versions/3.13/lib/python3.13/asyncio/base_events.py\", line 683, in run_forever\n    self._run_once()\n  File \"/opt/homebrew/Cellar/python@3.13/3.13.5/Frameworks/Python.framework/Versions/3.13/lib/python3.13/asyncio/base_events.py\", line 2042, in _run_once\n    handle._run()\n  File \"/opt/homebrew/Cellar/python@3.13/3.13.5/Frameworks/Python.framework/Versions/3.13/lib/python3.13/asyncio/events.py\", line 89, in _run\n    self._context.run(self._callback, *self._args)\n  File \"/Users/zhongxuan/Desktop/demo3/qlib-web/backend/app/services/fault_recovery_service.py\", line 417, in _monitor_loop\n    await self._apply_recovery_rules()\n  File \"/Users/zhongxuan/Desktop/demo3/qlib-web/backend/app/services/fault_recovery_service.py\", line 462, in _apply_recovery_rules\n    await self._execute_recovery_rule(rule, service_name, health)\n  File \"/Users/zhongxuan/Desktop/demo3/qlib-web/backend/app/services/fault_recovery_service.py\", line 538, in _execute_recovery_rule\n    error_logging_service.log_warning(\n  File \"/Users/zhongxuan/Desktop/demo3/qlib-web/backend/app/services/error_logging_service.py\", line 409, in log_warning\n    return self.collector.collect_custom_error(\n  File \"/Users/zhongxuan/Desktop/demo3/qlib-web/backend/app/services/error_logging_service.py\", line 304, in collect_custom_error\n    stack_trace = ''.join(traceback.format_stack())\n", "request_id": null, "user_id": null, "endpoint": null, "method": null, "user_agent": null, "ip_address": null, "additional_context": {}}
2025-08-15 14:21:16,816 INFO sqlalchemy.engine.Engine BEGIN (implicit)
2025-08-15 14:21:16,816 - sqlalchemy.engine.Engine - INFO - BEGIN (implicit)
2025-08-15 14:21:16,818 INFO sqlalchemy.engine.Engine SELECT 1
2025-08-15 14:21:16,818 - sqlalchemy.engine.Engine - INFO - SELECT 1
2025-08-15 14:21:16,819 INFO sqlalchemy.engine.Engine [cached since 2148s ago] {}
2025-08-15 14:21:16,819 - sqlalchemy.engine.Engine - INFO - [cached since 2148s ago] {}
2025-08-15 14:21:16,825 - error_collector - ERROR - {"timestamp": "2025-08-15T14:21:16.825208", "level": "warning", "category": "system", "message": "服务 database 已降级至 moderate 级别", "exception_type": "CustomError", "stack_trace": "  File \"<string>\", line 1, in <module>\n    from multiprocessing.spawn import spawn_main; spawn_main(tracker_fd=5, pipe_handle=7)\n  File \"/opt/homebrew/Cellar/python@3.13/3.13.5/Frameworks/Python.framework/Versions/3.13/lib/python3.13/multiprocessing/spawn.py\", line 122, in spawn_main\n    exitcode = _main(fd, parent_sentinel)\n  File \"/opt/homebrew/Cellar/python@3.13/3.13.5/Frameworks/Python.framework/Versions/3.13/lib/python3.13/multiprocessing/spawn.py\", line 135, in _main\n    return self._bootstrap(parent_sentinel)\n  File \"/opt/homebrew/Cellar/python@3.13/3.13.5/Frameworks/Python.framework/Versions/3.13/lib/python3.13/multiprocessing/process.py\", line 313, in _bootstrap\n    self.run()\n  File \"/opt/homebrew/Cellar/python@3.13/3.13.5/Frameworks/Python.framework/Versions/3.13/lib/python3.13/multiprocessing/process.py\", line 108, in run\n    self._target(*self._args, **self._kwargs)\n  File \"/Users/zhongxuan/Desktop/demo3/qlib-web/backend/venv/lib/python3.13/site-packages/uvicorn/_subprocess.py\", line 80, in subprocess_started\n    target(sockets=sockets)\n  File \"/Users/zhongxuan/Desktop/demo3/qlib-web/backend/venv/lib/python3.13/site-packages/uvicorn/server.py\", line 67, in run\n    return asyncio.run(self.serve(sockets=sockets))\n  File \"/opt/homebrew/Cellar/python@3.13/3.13.5/Frameworks/Python.framework/Versions/3.13/lib/python3.13/asyncio/runners.py\", line 195, in run\n    return runner.run(main)\n  File \"/opt/homebrew/Cellar/python@3.13/3.13.5/Frameworks/Python.framework/Versions/3.13/lib/python3.13/asyncio/runners.py\", line 118, in run\n    return self._loop.run_until_complete(task)\n  File \"/opt/homebrew/Cellar/python@3.13/3.13.5/Frameworks/Python.framework/Versions/3.13/lib/python3.13/asyncio/base_events.py\", line 712, in run_until_complete\n    self.run_forever()\n  File \"/opt/homebrew/Cellar/python@3.13/3.13.5/Frameworks/Python.framework/Versions/3.13/lib/python3.13/asyncio/base_events.py\", line 683, in run_forever\n    self._run_once()\n  File \"/opt/homebrew/Cellar/python@3.13/3.13.5/Frameworks/Python.framework/Versions/3.13/lib/python3.13/asyncio/base_events.py\", line 2042, in _run_once\n    handle._run()\n  File \"/opt/homebrew/Cellar/python@3.13/3.13.5/Frameworks/Python.framework/Versions/3.13/lib/python3.13/asyncio/events.py\", line 89, in _run\n    self._context.run(self._callback, *self._args)\n  File \"/Users/zhongxuan/Desktop/demo3/qlib-web/backend/app/services/graceful_degradation_service.py\", line 344, in _monitoring_loop\n    await self._apply_degradation_rules()\n  File \"/Users/zhongxuan/Desktop/demo3/qlib-web/backend/app/services/graceful_degradation_service.py\", line 414, in _apply_degradation_rules\n    await self._apply_degradation(rule, service_status)\n  File \"/Users/zhongxuan/Desktop/demo3/qlib-web/backend/app/services/graceful_degradation_service.py\", line 461, in _apply_degradation\n    error_logging_service.log_warning(\n  File \"/Users/zhongxuan/Desktop/demo3/qlib-web/backend/app/services/error_logging_service.py\", line 409, in log_warning\n    return self.collector.collect_custom_error(\n  File \"/Users/zhongxuan/Desktop/demo3/qlib-web/backend/app/services/error_logging_service.py\", line 304, in collect_custom_error\n    stack_trace = ''.join(traceback.format_stack())\n", "request_id": null, "user_id": null, "endpoint": null, "method": null, "user_agent": null, "ip_address": null, "additional_context": {}}
2025-08-15 14:21:47,829 INFO sqlalchemy.engine.Engine BEGIN (implicit)
2025-08-15 14:21:47,829 - sqlalchemy.engine.Engine - INFO - BEGIN (implicit)
2025-08-15 14:21:47,831 INFO sqlalchemy.engine.Engine SELECT 1
2025-08-15 14:21:47,831 - sqlalchemy.engine.Engine - INFO - SELECT 1
2025-08-15 14:21:47,831 INFO sqlalchemy.engine.Engine [cached since 2179s ago] {}
2025-08-15 14:21:47,831 - sqlalchemy.engine.Engine - INFO - [cached since 2179s ago] {}
2025-08-15 14:21:48,835 INFO sqlalchemy.engine.Engine BEGIN (implicit)
2025-08-15 14:21:48,835 - sqlalchemy.engine.Engine - INFO - BEGIN (implicit)
2025-08-15 14:21:48,836 INFO sqlalchemy.engine.Engine SELECT 1
2025-08-15 14:21:48,836 - sqlalchemy.engine.Engine - INFO - SELECT 1
2025-08-15 14:21:48,836 INFO sqlalchemy.engine.Engine [cached since 2180s ago] {}
2025-08-15 14:21:48,836 - sqlalchemy.engine.Engine - INFO - [cached since 2180s ago] {}
2025-08-15 14:21:50,844 INFO sqlalchemy.engine.Engine BEGIN (implicit)
2025-08-15 14:21:50,844 - sqlalchemy.engine.Engine - INFO - BEGIN (implicit)
2025-08-15 14:21:50,845 INFO sqlalchemy.engine.Engine SELECT 1
2025-08-15 14:21:50,845 - sqlalchemy.engine.Engine - INFO - SELECT 1
2025-08-15 14:21:50,845 INFO sqlalchemy.engine.Engine [cached since 2182s ago] {}
2025-08-15 14:21:50,845 - sqlalchemy.engine.Engine - INFO - [cached since 2182s ago] {}
2025-08-15 14:21:51,851 INFO sqlalchemy.engine.Engine BEGIN (implicit)
2025-08-15 14:21:51,851 - sqlalchemy.engine.Engine - INFO - BEGIN (implicit)
2025-08-15 14:21:51,851 INFO sqlalchemy.engine.Engine SELECT 1
2025-08-15 14:21:51,851 - sqlalchemy.engine.Engine - INFO - SELECT 1
2025-08-15 14:21:51,851 INFO sqlalchemy.engine.Engine [cached since 2183s ago] {}
2025-08-15 14:21:51,851 - sqlalchemy.engine.Engine - INFO - [cached since 2183s ago] {}
2025-08-15 14:22:16,833 - error_collector - ERROR - {"timestamp": "2025-08-15T14:22:16.833240", "level": "warning", "category": "system", "message": "服务 database 已自动恢复正常", "exception_type": "CustomError", "stack_trace": "  File \"<string>\", line 1, in <module>\n    from multiprocessing.spawn import spawn_main; spawn_main(tracker_fd=5, pipe_handle=7)\n  File \"/opt/homebrew/Cellar/python@3.13/3.13.5/Frameworks/Python.framework/Versions/3.13/lib/python3.13/multiprocessing/spawn.py\", line 122, in spawn_main\n    exitcode = _main(fd, parent_sentinel)\n  File \"/opt/homebrew/Cellar/python@3.13/3.13.5/Frameworks/Python.framework/Versions/3.13/lib/python3.13/multiprocessing/spawn.py\", line 135, in _main\n    return self._bootstrap(parent_sentinel)\n  File \"/opt/homebrew/Cellar/python@3.13/3.13.5/Frameworks/Python.framework/Versions/3.13/lib/python3.13/multiprocessing/process.py\", line 313, in _bootstrap\n    self.run()\n  File \"/opt/homebrew/Cellar/python@3.13/3.13.5/Frameworks/Python.framework/Versions/3.13/lib/python3.13/multiprocessing/process.py\", line 108, in run\n    self._target(*self._args, **self._kwargs)\n  File \"/Users/zhongxuan/Desktop/demo3/qlib-web/backend/venv/lib/python3.13/site-packages/uvicorn/_subprocess.py\", line 80, in subprocess_started\n    target(sockets=sockets)\n  File \"/Users/zhongxuan/Desktop/demo3/qlib-web/backend/venv/lib/python3.13/site-packages/uvicorn/server.py\", line 67, in run\n    return asyncio.run(self.serve(sockets=sockets))\n  File \"/opt/homebrew/Cellar/python@3.13/3.13.5/Frameworks/Python.framework/Versions/3.13/lib/python3.13/asyncio/runners.py\", line 195, in run\n    return runner.run(main)\n  File \"/opt/homebrew/Cellar/python@3.13/3.13.5/Frameworks/Python.framework/Versions/3.13/lib/python3.13/asyncio/runners.py\", line 118, in run\n    return self._loop.run_until_complete(task)\n  File \"/opt/homebrew/Cellar/python@3.13/3.13.5/Frameworks/Python.framework/Versions/3.13/lib/python3.13/asyncio/base_events.py\", line 712, in run_until_complete\n    self.run_forever()\n  File \"/opt/homebrew/Cellar/python@3.13/3.13.5/Frameworks/Python.framework/Versions/3.13/lib/python3.13/asyncio/base_events.py\", line 683, in run_forever\n    self._run_once()\n  File \"/opt/homebrew/Cellar/python@3.13/3.13.5/Frameworks/Python.framework/Versions/3.13/lib/python3.13/asyncio/base_events.py\", line 2042, in _run_once\n    handle._run()\n  File \"/opt/homebrew/Cellar/python@3.13/3.13.5/Frameworks/Python.framework/Versions/3.13/lib/python3.13/asyncio/events.py\", line 89, in _run\n    self._context.run(self._callback, *self._args)\n  File \"/Users/zhongxuan/Desktop/demo3/qlib-web/backend/app/services/graceful_degradation_service.py\", line 344, in _monitoring_loop\n    await self._apply_degradation_rules()\n  File \"/Users/zhongxuan/Desktop/demo3/qlib-web/backend/app/services/graceful_degradation_service.py\", line 418, in _apply_degradation_rules\n    await self._attempt_service_recovery(rule, service_status)\n  File \"/Users/zhongxuan/Desktop/demo3/qlib-web/backend/app/services/graceful_degradation_service.py\", line 502, in _attempt_service_recovery\n    error_logging_service.log_warning(\n  File \"/Users/zhongxuan/Desktop/demo3/qlib-web/backend/app/services/error_logging_service.py\", line 409, in log_warning\n    return self.collector.collect_custom_error(\n  File \"/Users/zhongxuan/Desktop/demo3/qlib-web/backend/app/services/error_logging_service.py\", line 304, in collect_custom_error\n    stack_trace = ''.join(traceback.format_stack())\n", "request_id": null, "user_id": null, "endpoint": null, "method": null, "user_agent": null, "ip_address": null, "additional_context": {}}
2025-08-15 14:22:22,858 INFO sqlalchemy.engine.Engine BEGIN (implicit)
2025-08-15 14:22:22,858 - sqlalchemy.engine.Engine - INFO - BEGIN (implicit)
2025-08-15 14:22:22,859 INFO sqlalchemy.engine.Engine SELECT 1
2025-08-15 14:22:22,859 - sqlalchemy.engine.Engine - INFO - SELECT 1
2025-08-15 14:22:22,860 INFO sqlalchemy.engine.Engine [cached since 2214s ago] {}
2025-08-15 14:22:22,860 - sqlalchemy.engine.Engine - INFO - [cached since 2214s ago] {}
2025-08-15 14:22:23,871 INFO sqlalchemy.engine.Engine BEGIN (implicit)
2025-08-15 14:22:23,871 - sqlalchemy.engine.Engine - INFO - BEGIN (implicit)
2025-08-15 14:22:23,872 INFO sqlalchemy.engine.Engine SELECT 1
2025-08-15 14:22:23,872 - sqlalchemy.engine.Engine - INFO - SELECT 1
2025-08-15 14:22:23,872 INFO sqlalchemy.engine.Engine [cached since 2215s ago] {}
2025-08-15 14:22:23,872 - sqlalchemy.engine.Engine - INFO - [cached since 2215s ago] {}
2025-08-15 14:22:25,884 INFO sqlalchemy.engine.Engine BEGIN (implicit)
2025-08-15 14:22:25,884 - sqlalchemy.engine.Engine - INFO - BEGIN (implicit)
2025-08-15 14:22:25,884 INFO sqlalchemy.engine.Engine SELECT 1
2025-08-15 14:22:25,884 - sqlalchemy.engine.Engine - INFO - SELECT 1
2025-08-15 14:22:25,885 INFO sqlalchemy.engine.Engine [cached since 2217s ago] {}
2025-08-15 14:22:25,885 - sqlalchemy.engine.Engine - INFO - [cached since 2217s ago] {}
2025-08-15 14:22:26,893 INFO sqlalchemy.engine.Engine BEGIN (implicit)
2025-08-15 14:22:26,893 - sqlalchemy.engine.Engine - INFO - BEGIN (implicit)
2025-08-15 14:22:26,893 INFO sqlalchemy.engine.Engine SELECT 1
2025-08-15 14:22:26,893 - sqlalchemy.engine.Engine - INFO - SELECT 1
2025-08-15 14:22:26,893 INFO sqlalchemy.engine.Engine [cached since 2218s ago] {}
2025-08-15 14:22:26,893 - sqlalchemy.engine.Engine - INFO - [cached since 2218s ago] {}
2025-08-15 14:22:57,901 INFO sqlalchemy.engine.Engine BEGIN (implicit)
2025-08-15 14:22:57,901 - sqlalchemy.engine.Engine - INFO - BEGIN (implicit)
2025-08-15 14:22:57,902 INFO sqlalchemy.engine.Engine SELECT 1
2025-08-15 14:22:57,902 - sqlalchemy.engine.Engine - INFO - SELECT 1
2025-08-15 14:22:57,903 INFO sqlalchemy.engine.Engine [cached since 2249s ago] {}
2025-08-15 14:22:57,903 - sqlalchemy.engine.Engine - INFO - [cached since 2249s ago] {}
2025-08-15 14:22:58,929 INFO sqlalchemy.engine.Engine BEGIN (implicit)
2025-08-15 14:22:58,929 - sqlalchemy.engine.Engine - INFO - BEGIN (implicit)
2025-08-15 14:22:58,930 INFO sqlalchemy.engine.Engine SELECT 1
2025-08-15 14:22:58,930 - sqlalchemy.engine.Engine - INFO - SELECT 1
2025-08-15 14:22:58,930 INFO sqlalchemy.engine.Engine [cached since 2250s ago] {}
2025-08-15 14:22:58,930 - sqlalchemy.engine.Engine - INFO - [cached since 2250s ago] {}
2025-08-15 14:23:00,951 INFO sqlalchemy.engine.Engine BEGIN (implicit)
2025-08-15 14:23:00,951 - sqlalchemy.engine.Engine - INFO - BEGIN (implicit)
2025-08-15 14:23:00,951 INFO sqlalchemy.engine.Engine SELECT 1
2025-08-15 14:23:00,951 - sqlalchemy.engine.Engine - INFO - SELECT 1
2025-08-15 14:23:00,952 INFO sqlalchemy.engine.Engine [cached since 2252s ago] {}
2025-08-15 14:23:00,952 - sqlalchemy.engine.Engine - INFO - [cached since 2252s ago] {}
2025-08-15 14:23:01,967 INFO sqlalchemy.engine.Engine BEGIN (implicit)
2025-08-15 14:23:01,967 - sqlalchemy.engine.Engine - INFO - BEGIN (implicit)
2025-08-15 14:23:01,967 INFO sqlalchemy.engine.Engine SELECT 1
2025-08-15 14:23:01,967 - sqlalchemy.engine.Engine - INFO - SELECT 1
2025-08-15 14:23:01,967 INFO sqlalchemy.engine.Engine [cached since 2253s ago] {}
2025-08-15 14:23:01,967 - sqlalchemy.engine.Engine - INFO - [cached since 2253s ago] {}
2025-08-15 14:23:16,835 - error_collector - ERROR - {"timestamp": "2025-08-15T14:23:16.834969", "level": "warning", "category": "system", "message": "服务 database 已降级至 moderate 级别", "exception_type": "CustomError", "stack_trace": "  File \"<string>\", line 1, in <module>\n    from multiprocessing.spawn import spawn_main; spawn_main(tracker_fd=5, pipe_handle=7)\n  File \"/opt/homebrew/Cellar/python@3.13/3.13.5/Frameworks/Python.framework/Versions/3.13/lib/python3.13/multiprocessing/spawn.py\", line 122, in spawn_main\n    exitcode = _main(fd, parent_sentinel)\n  File \"/opt/homebrew/Cellar/python@3.13/3.13.5/Frameworks/Python.framework/Versions/3.13/lib/python3.13/multiprocessing/spawn.py\", line 135, in _main\n    return self._bootstrap(parent_sentinel)\n  File \"/opt/homebrew/Cellar/python@3.13/3.13.5/Frameworks/Python.framework/Versions/3.13/lib/python3.13/multiprocessing/process.py\", line 313, in _bootstrap\n    self.run()\n  File \"/opt/homebrew/Cellar/python@3.13/3.13.5/Frameworks/Python.framework/Versions/3.13/lib/python3.13/multiprocessing/process.py\", line 108, in run\n    self._target(*self._args, **self._kwargs)\n  File \"/Users/zhongxuan/Desktop/demo3/qlib-web/backend/venv/lib/python3.13/site-packages/uvicorn/_subprocess.py\", line 80, in subprocess_started\n    target(sockets=sockets)\n  File \"/Users/zhongxuan/Desktop/demo3/qlib-web/backend/venv/lib/python3.13/site-packages/uvicorn/server.py\", line 67, in run\n    return asyncio.run(self.serve(sockets=sockets))\n  File \"/opt/homebrew/Cellar/python@3.13/3.13.5/Frameworks/Python.framework/Versions/3.13/lib/python3.13/asyncio/runners.py\", line 195, in run\n    return runner.run(main)\n  File \"/opt/homebrew/Cellar/python@3.13/3.13.5/Frameworks/Python.framework/Versions/3.13/lib/python3.13/asyncio/runners.py\", line 118, in run\n    return self._loop.run_until_complete(task)\n  File \"/opt/homebrew/Cellar/python@3.13/3.13.5/Frameworks/Python.framework/Versions/3.13/lib/python3.13/asyncio/base_events.py\", line 712, in run_until_complete\n    self.run_forever()\n  File \"/opt/homebrew/Cellar/python@3.13/3.13.5/Frameworks/Python.framework/Versions/3.13/lib/python3.13/asyncio/base_events.py\", line 683, in run_forever\n    self._run_once()\n  File \"/opt/homebrew/Cellar/python@3.13/3.13.5/Frameworks/Python.framework/Versions/3.13/lib/python3.13/asyncio/base_events.py\", line 2042, in _run_once\n    handle._run()\n  File \"/opt/homebrew/Cellar/python@3.13/3.13.5/Frameworks/Python.framework/Versions/3.13/lib/python3.13/asyncio/events.py\", line 89, in _run\n    self._context.run(self._callback, *self._args)\n  File \"/Users/zhongxuan/Desktop/demo3/qlib-web/backend/app/services/graceful_degradation_service.py\", line 344, in _monitoring_loop\n    await self._apply_degradation_rules()\n  File \"/Users/zhongxuan/Desktop/demo3/qlib-web/backend/app/services/graceful_degradation_service.py\", line 414, in _apply_degradation_rules\n    await self._apply_degradation(rule, service_status)\n  File \"/Users/zhongxuan/Desktop/demo3/qlib-web/backend/app/services/graceful_degradation_service.py\", line 461, in _apply_degradation\n    error_logging_service.log_warning(\n  File \"/Users/zhongxuan/Desktop/demo3/qlib-web/backend/app/services/error_logging_service.py\", line 409, in log_warning\n    return self.collector.collect_custom_error(\n  File \"/Users/zhongxuan/Desktop/demo3/qlib-web/backend/app/services/error_logging_service.py\", line 304, in collect_custom_error\n    stack_trace = ''.join(traceback.format_stack())\n", "request_id": null, "user_id": null, "endpoint": null, "method": null, "user_agent": null, "ip_address": null, "additional_context": {}}
2025-08-15 14:23:32,987 INFO sqlalchemy.engine.Engine BEGIN (implicit)
2025-08-15 14:23:32,987 - sqlalchemy.engine.Engine - INFO - BEGIN (implicit)
2025-08-15 14:23:32,988 INFO sqlalchemy.engine.Engine SELECT 1
2025-08-15 14:23:32,988 - sqlalchemy.engine.Engine - INFO - SELECT 1
2025-08-15 14:23:32,988 INFO sqlalchemy.engine.Engine [cached since 2284s ago] {}
2025-08-15 14:23:32,988 - sqlalchemy.engine.Engine - INFO - [cached since 2284s ago] {}
2025-08-15 14:23:34,003 INFO sqlalchemy.engine.Engine BEGIN (implicit)
2025-08-15 14:23:34,003 - sqlalchemy.engine.Engine - INFO - BEGIN (implicit)
2025-08-15 14:23:34,004 INFO sqlalchemy.engine.Engine SELECT 1
2025-08-15 14:23:34,004 - sqlalchemy.engine.Engine - INFO - SELECT 1
2025-08-15 14:23:34,004 INFO sqlalchemy.engine.Engine [cached since 2285s ago] {}
2025-08-15 14:23:34,004 - sqlalchemy.engine.Engine - INFO - [cached since 2285s ago] {}
2025-08-15 14:23:36,028 INFO sqlalchemy.engine.Engine BEGIN (implicit)
2025-08-15 14:23:36,028 - sqlalchemy.engine.Engine - INFO - BEGIN (implicit)
2025-08-15 14:23:36,028 INFO sqlalchemy.engine.Engine SELECT 1
2025-08-15 14:23:36,028 - sqlalchemy.engine.Engine - INFO - SELECT 1
2025-08-15 14:23:36,029 INFO sqlalchemy.engine.Engine [cached since 2287s ago] {}
2025-08-15 14:23:36,029 - sqlalchemy.engine.Engine - INFO - [cached since 2287s ago] {}
2025-08-15 14:23:37,047 INFO sqlalchemy.engine.Engine BEGIN (implicit)
2025-08-15 14:23:37,047 - sqlalchemy.engine.Engine - INFO - BEGIN (implicit)
2025-08-15 14:23:37,047 INFO sqlalchemy.engine.Engine SELECT 1
2025-08-15 14:23:37,047 - sqlalchemy.engine.Engine - INFO - SELECT 1
2025-08-15 14:23:37,047 INFO sqlalchemy.engine.Engine [cached since 2288s ago] {}
2025-08-15 14:23:37,047 - sqlalchemy.engine.Engine - INFO - [cached since 2288s ago] {}
2025-08-15 14:24:08,069 INFO sqlalchemy.engine.Engine BEGIN (implicit)
2025-08-15 14:24:08,069 - sqlalchemy.engine.Engine - INFO - BEGIN (implicit)
2025-08-15 14:24:08,071 INFO sqlalchemy.engine.Engine SELECT 1
2025-08-15 14:24:08,071 - sqlalchemy.engine.Engine - INFO - SELECT 1
2025-08-15 14:24:08,071 INFO sqlalchemy.engine.Engine [cached since 2319s ago] {}
2025-08-15 14:24:08,071 - sqlalchemy.engine.Engine - INFO - [cached since 2319s ago] {}
2025-08-15 14:24:09,082 INFO sqlalchemy.engine.Engine BEGIN (implicit)
2025-08-15 14:24:09,082 - sqlalchemy.engine.Engine - INFO - BEGIN (implicit)
2025-08-15 14:24:09,083 INFO sqlalchemy.engine.Engine SELECT 1
2025-08-15 14:24:09,083 - sqlalchemy.engine.Engine - INFO - SELECT 1
2025-08-15 14:24:09,083 INFO sqlalchemy.engine.Engine [cached since 2320s ago] {}
2025-08-15 14:24:09,083 - sqlalchemy.engine.Engine - INFO - [cached since 2320s ago] {}
2025-08-15 14:24:11,102 INFO sqlalchemy.engine.Engine BEGIN (implicit)
2025-08-15 14:24:11,102 - sqlalchemy.engine.Engine - INFO - BEGIN (implicit)
2025-08-15 14:24:11,103 INFO sqlalchemy.engine.Engine SELECT 1
2025-08-15 14:24:11,103 - sqlalchemy.engine.Engine - INFO - SELECT 1
2025-08-15 14:24:11,103 INFO sqlalchemy.engine.Engine [cached since 2322s ago] {}
2025-08-15 14:24:11,103 - sqlalchemy.engine.Engine - INFO - [cached since 2322s ago] {}
2025-08-15 14:24:12,118 INFO sqlalchemy.engine.Engine BEGIN (implicit)
2025-08-15 14:24:12,118 - sqlalchemy.engine.Engine - INFO - BEGIN (implicit)
2025-08-15 14:24:12,119 INFO sqlalchemy.engine.Engine SELECT 1
2025-08-15 14:24:12,119 - sqlalchemy.engine.Engine - INFO - SELECT 1
2025-08-15 14:24:12,119 INFO sqlalchemy.engine.Engine [cached since 2323s ago] {}
2025-08-15 14:24:12,119 - sqlalchemy.engine.Engine - INFO - [cached since 2323s ago] {}
2025-08-15 14:24:13,125 - error_collector - ERROR - {"timestamp": "2025-08-15T14:24:13.125024", "level": "warning", "category": "system", "message": "自动恢复成功: database - 服务 database 重启成功", "exception_type": "CustomError", "stack_trace": "  File \"<string>\", line 1, in <module>\n    from multiprocessing.spawn import spawn_main; spawn_main(tracker_fd=5, pipe_handle=7)\n  File \"/opt/homebrew/Cellar/python@3.13/3.13.5/Frameworks/Python.framework/Versions/3.13/lib/python3.13/multiprocessing/spawn.py\", line 122, in spawn_main\n    exitcode = _main(fd, parent_sentinel)\n  File \"/opt/homebrew/Cellar/python@3.13/3.13.5/Frameworks/Python.framework/Versions/3.13/lib/python3.13/multiprocessing/spawn.py\", line 135, in _main\n    return self._bootstrap(parent_sentinel)\n  File \"/opt/homebrew/Cellar/python@3.13/3.13.5/Frameworks/Python.framework/Versions/3.13/lib/python3.13/multiprocessing/process.py\", line 313, in _bootstrap\n    self.run()\n  File \"/opt/homebrew/Cellar/python@3.13/3.13.5/Frameworks/Python.framework/Versions/3.13/lib/python3.13/multiprocessing/process.py\", line 108, in run\n    self._target(*self._args, **self._kwargs)\n  File \"/Users/zhongxuan/Desktop/demo3/qlib-web/backend/venv/lib/python3.13/site-packages/uvicorn/_subprocess.py\", line 80, in subprocess_started\n    target(sockets=sockets)\n  File \"/Users/zhongxuan/Desktop/demo3/qlib-web/backend/venv/lib/python3.13/site-packages/uvicorn/server.py\", line 67, in run\n    return asyncio.run(self.serve(sockets=sockets))\n  File \"/opt/homebrew/Cellar/python@3.13/3.13.5/Frameworks/Python.framework/Versions/3.13/lib/python3.13/asyncio/runners.py\", line 195, in run\n    return runner.run(main)\n  File \"/opt/homebrew/Cellar/python@3.13/3.13.5/Frameworks/Python.framework/Versions/3.13/lib/python3.13/asyncio/runners.py\", line 118, in run\n    return self._loop.run_until_complete(task)\n  File \"/opt/homebrew/Cellar/python@3.13/3.13.5/Frameworks/Python.framework/Versions/3.13/lib/python3.13/asyncio/base_events.py\", line 712, in run_until_complete\n    self.run_forever()\n  File \"/opt/homebrew/Cellar/python@3.13/3.13.5/Frameworks/Python.framework/Versions/3.13/lib/python3.13/asyncio/base_events.py\", line 683, in run_forever\n    self._run_once()\n  File \"/opt/homebrew/Cellar/python@3.13/3.13.5/Frameworks/Python.framework/Versions/3.13/lib/python3.13/asyncio/base_events.py\", line 2042, in _run_once\n    handle._run()\n  File \"/opt/homebrew/Cellar/python@3.13/3.13.5/Frameworks/Python.framework/Versions/3.13/lib/python3.13/asyncio/events.py\", line 89, in _run\n    self._context.run(self._callback, *self._args)\n  File \"/Users/zhongxuan/Desktop/demo3/qlib-web/backend/app/services/fault_recovery_service.py\", line 417, in _monitor_loop\n    await self._apply_recovery_rules()\n  File \"/Users/zhongxuan/Desktop/demo3/qlib-web/backend/app/services/fault_recovery_service.py\", line 462, in _apply_recovery_rules\n    await self._execute_recovery_rule(rule, service_name, health)\n  File \"/Users/zhongxuan/Desktop/demo3/qlib-web/backend/app/services/fault_recovery_service.py\", line 538, in _execute_recovery_rule\n    error_logging_service.log_warning(\n  File \"/Users/zhongxuan/Desktop/demo3/qlib-web/backend/app/services/error_logging_service.py\", line 409, in log_warning\n    return self.collector.collect_custom_error(\n  File \"/Users/zhongxuan/Desktop/demo3/qlib-web/backend/app/services/error_logging_service.py\", line 304, in collect_custom_error\n    stack_trace = ''.join(traceback.format_stack())\n", "request_id": null, "user_id": null, "endpoint": null, "method": null, "user_agent": null, "ip_address": null, "additional_context": {}}
2025-08-15 14:24:16,836 - error_collector - ERROR - {"timestamp": "2025-08-15T14:24:16.836480", "level": "warning", "category": "system", "message": "服务 database 已自动恢复正常", "exception_type": "CustomError", "stack_trace": "  File \"<string>\", line 1, in <module>\n    from multiprocessing.spawn import spawn_main; spawn_main(tracker_fd=5, pipe_handle=7)\n  File \"/opt/homebrew/Cellar/python@3.13/3.13.5/Frameworks/Python.framework/Versions/3.13/lib/python3.13/multiprocessing/spawn.py\", line 122, in spawn_main\n    exitcode = _main(fd, parent_sentinel)\n  File \"/opt/homebrew/Cellar/python@3.13/3.13.5/Frameworks/Python.framework/Versions/3.13/lib/python3.13/multiprocessing/spawn.py\", line 135, in _main\n    return self._bootstrap(parent_sentinel)\n  File \"/opt/homebrew/Cellar/python@3.13/3.13.5/Frameworks/Python.framework/Versions/3.13/lib/python3.13/multiprocessing/process.py\", line 313, in _bootstrap\n    self.run()\n  File \"/opt/homebrew/Cellar/python@3.13/3.13.5/Frameworks/Python.framework/Versions/3.13/lib/python3.13/multiprocessing/process.py\", line 108, in run\n    self._target(*self._args, **self._kwargs)\n  File \"/Users/zhongxuan/Desktop/demo3/qlib-web/backend/venv/lib/python3.13/site-packages/uvicorn/_subprocess.py\", line 80, in subprocess_started\n    target(sockets=sockets)\n  File \"/Users/zhongxuan/Desktop/demo3/qlib-web/backend/venv/lib/python3.13/site-packages/uvicorn/server.py\", line 67, in run\n    return asyncio.run(self.serve(sockets=sockets))\n  File \"/opt/homebrew/Cellar/python@3.13/3.13.5/Frameworks/Python.framework/Versions/3.13/lib/python3.13/asyncio/runners.py\", line 195, in run\n    return runner.run(main)\n  File \"/opt/homebrew/Cellar/python@3.13/3.13.5/Frameworks/Python.framework/Versions/3.13/lib/python3.13/asyncio/runners.py\", line 118, in run\n    return self._loop.run_until_complete(task)\n  File \"/opt/homebrew/Cellar/python@3.13/3.13.5/Frameworks/Python.framework/Versions/3.13/lib/python3.13/asyncio/base_events.py\", line 712, in run_until_complete\n    self.run_forever()\n  File \"/opt/homebrew/Cellar/python@3.13/3.13.5/Frameworks/Python.framework/Versions/3.13/lib/python3.13/asyncio/base_events.py\", line 683, in run_forever\n    self._run_once()\n  File \"/opt/homebrew/Cellar/python@3.13/3.13.5/Frameworks/Python.framework/Versions/3.13/lib/python3.13/asyncio/base_events.py\", line 2042, in _run_once\n    handle._run()\n  File \"/opt/homebrew/Cellar/python@3.13/3.13.5/Frameworks/Python.framework/Versions/3.13/lib/python3.13/asyncio/events.py\", line 89, in _run\n    self._context.run(self._callback, *self._args)\n  File \"/Users/zhongxuan/Desktop/demo3/qlib-web/backend/app/services/graceful_degradation_service.py\", line 344, in _monitoring_loop\n    await self._apply_degradation_rules()\n  File \"/Users/zhongxuan/Desktop/demo3/qlib-web/backend/app/services/graceful_degradation_service.py\", line 418, in _apply_degradation_rules\n    await self._attempt_service_recovery(rule, service_status)\n  File \"/Users/zhongxuan/Desktop/demo3/qlib-web/backend/app/services/graceful_degradation_service.py\", line 502, in _attempt_service_recovery\n    error_logging_service.log_warning(\n  File \"/Users/zhongxuan/Desktop/demo3/qlib-web/backend/app/services/error_logging_service.py\", line 409, in log_warning\n    return self.collector.collect_custom_error(\n  File \"/Users/zhongxuan/Desktop/demo3/qlib-web/backend/app/services/error_logging_service.py\", line 304, in collect_custom_error\n    stack_trace = ''.join(traceback.format_stack())\n", "request_id": null, "user_id": null, "endpoint": null, "method": null, "user_agent": null, "ip_address": null, "additional_context": {}}
2025-08-15 14:24:45,168 INFO sqlalchemy.engine.Engine BEGIN (implicit)
2025-08-15 14:24:45,168 - sqlalchemy.engine.Engine - INFO - BEGIN (implicit)
2025-08-15 14:24:45,169 INFO sqlalchemy.engine.Engine SELECT 1
2025-08-15 14:24:45,169 - sqlalchemy.engine.Engine - INFO - SELECT 1
2025-08-15 14:24:45,169 INFO sqlalchemy.engine.Engine [cached since 2356s ago] {}
2025-08-15 14:24:45,169 - sqlalchemy.engine.Engine - INFO - [cached since 2356s ago] {}
2025-08-15 14:24:46,190 INFO sqlalchemy.engine.Engine BEGIN (implicit)
2025-08-15 14:24:46,190 - sqlalchemy.engine.Engine - INFO - BEGIN (implicit)
2025-08-15 14:24:46,190 INFO sqlalchemy.engine.Engine SELECT 1
2025-08-15 14:24:46,190 - sqlalchemy.engine.Engine - INFO - SELECT 1
2025-08-15 14:24:46,190 INFO sqlalchemy.engine.Engine [cached since 2357s ago] {}
2025-08-15 14:24:46,190 - sqlalchemy.engine.Engine - INFO - [cached since 2357s ago] {}
2025-08-15 14:24:48,211 INFO sqlalchemy.engine.Engine BEGIN (implicit)
2025-08-15 14:24:48,211 - sqlalchemy.engine.Engine - INFO - BEGIN (implicit)
2025-08-15 14:24:48,212 INFO sqlalchemy.engine.Engine SELECT 1
2025-08-15 14:24:48,212 - sqlalchemy.engine.Engine - INFO - SELECT 1
2025-08-15 14:24:48,212 INFO sqlalchemy.engine.Engine [cached since 2359s ago] {}
2025-08-15 14:24:48,212 - sqlalchemy.engine.Engine - INFO - [cached since 2359s ago] {}
2025-08-15 14:24:49,230 INFO sqlalchemy.engine.Engine BEGIN (implicit)
2025-08-15 14:24:49,230 - sqlalchemy.engine.Engine - INFO - BEGIN (implicit)
2025-08-15 14:24:49,231 INFO sqlalchemy.engine.Engine SELECT 1
2025-08-15 14:24:49,231 - sqlalchemy.engine.Engine - INFO - SELECT 1
2025-08-15 14:24:49,231 INFO sqlalchemy.engine.Engine [cached since 2360s ago] {}
2025-08-15 14:24:49,231 - sqlalchemy.engine.Engine - INFO - [cached since 2360s ago] {}
2025-08-15 14:25:16,837 - error_collector - ERROR - {"timestamp": "2025-08-15T14:25:16.837333", "level": "warning", "category": "system", "message": "服务 database 已降级至 moderate 级别", "exception_type": "CustomError", "stack_trace": "  File \"<string>\", line 1, in <module>\n    from multiprocessing.spawn import spawn_main; spawn_main(tracker_fd=5, pipe_handle=7)\n  File \"/opt/homebrew/Cellar/python@3.13/3.13.5/Frameworks/Python.framework/Versions/3.13/lib/python3.13/multiprocessing/spawn.py\", line 122, in spawn_main\n    exitcode = _main(fd, parent_sentinel)\n  File \"/opt/homebrew/Cellar/python@3.13/3.13.5/Frameworks/Python.framework/Versions/3.13/lib/python3.13/multiprocessing/spawn.py\", line 135, in _main\n    return self._bootstrap(parent_sentinel)\n  File \"/opt/homebrew/Cellar/python@3.13/3.13.5/Frameworks/Python.framework/Versions/3.13/lib/python3.13/multiprocessing/process.py\", line 313, in _bootstrap\n    self.run()\n  File \"/opt/homebrew/Cellar/python@3.13/3.13.5/Frameworks/Python.framework/Versions/3.13/lib/python3.13/multiprocessing/process.py\", line 108, in run\n    self._target(*self._args, **self._kwargs)\n  File \"/Users/zhongxuan/Desktop/demo3/qlib-web/backend/venv/lib/python3.13/site-packages/uvicorn/_subprocess.py\", line 80, in subprocess_started\n    target(sockets=sockets)\n  File \"/Users/zhongxuan/Desktop/demo3/qlib-web/backend/venv/lib/python3.13/site-packages/uvicorn/server.py\", line 67, in run\n    return asyncio.run(self.serve(sockets=sockets))\n  File \"/opt/homebrew/Cellar/python@3.13/3.13.5/Frameworks/Python.framework/Versions/3.13/lib/python3.13/asyncio/runners.py\", line 195, in run\n    return runner.run(main)\n  File \"/opt/homebrew/Cellar/python@3.13/3.13.5/Frameworks/Python.framework/Versions/3.13/lib/python3.13/asyncio/runners.py\", line 118, in run\n    return self._loop.run_until_complete(task)\n  File \"/opt/homebrew/Cellar/python@3.13/3.13.5/Frameworks/Python.framework/Versions/3.13/lib/python3.13/asyncio/base_events.py\", line 712, in run_until_complete\n    self.run_forever()\n  File \"/opt/homebrew/Cellar/python@3.13/3.13.5/Frameworks/Python.framework/Versions/3.13/lib/python3.13/asyncio/base_events.py\", line 683, in run_forever\n    self._run_once()\n  File \"/opt/homebrew/Cellar/python@3.13/3.13.5/Frameworks/Python.framework/Versions/3.13/lib/python3.13/asyncio/base_events.py\", line 2042, in _run_once\n    handle._run()\n  File \"/opt/homebrew/Cellar/python@3.13/3.13.5/Frameworks/Python.framework/Versions/3.13/lib/python3.13/asyncio/events.py\", line 89, in _run\n    self._context.run(self._callback, *self._args)\n  File \"/Users/zhongxuan/Desktop/demo3/qlib-web/backend/app/services/graceful_degradation_service.py\", line 344, in _monitoring_loop\n    await self._apply_degradation_rules()\n  File \"/Users/zhongxuan/Desktop/demo3/qlib-web/backend/app/services/graceful_degradation_service.py\", line 414, in _apply_degradation_rules\n    await self._apply_degradation(rule, service_status)\n  File \"/Users/zhongxuan/Desktop/demo3/qlib-web/backend/app/services/graceful_degradation_service.py\", line 461, in _apply_degradation\n    error_logging_service.log_warning(\n  File \"/Users/zhongxuan/Desktop/demo3/qlib-web/backend/app/services/error_logging_service.py\", line 409, in log_warning\n    return self.collector.collect_custom_error(\n  File \"/Users/zhongxuan/Desktop/demo3/qlib-web/backend/app/services/error_logging_service.py\", line 304, in collect_custom_error\n    stack_trace = ''.join(traceback.format_stack())\n", "request_id": null, "user_id": null, "endpoint": null, "method": null, "user_agent": null, "ip_address": null, "additional_context": {}}
2025-08-15 14:25:20,249 INFO sqlalchemy.engine.Engine BEGIN (implicit)
2025-08-15 14:25:20,249 - sqlalchemy.engine.Engine - INFO - BEGIN (implicit)
2025-08-15 14:25:20,250 INFO sqlalchemy.engine.Engine SELECT 1
2025-08-15 14:25:20,250 - sqlalchemy.engine.Engine - INFO - SELECT 1
2025-08-15 14:25:20,250 INFO sqlalchemy.engine.Engine [cached since 2391s ago] {}
2025-08-15 14:25:20,250 - sqlalchemy.engine.Engine - INFO - [cached since 2391s ago] {}
2025-08-15 14:25:21,264 INFO sqlalchemy.engine.Engine BEGIN (implicit)
2025-08-15 14:25:21,264 - sqlalchemy.engine.Engine - INFO - BEGIN (implicit)
2025-08-15 14:25:21,265 INFO sqlalchemy.engine.Engine SELECT 1
2025-08-15 14:25:21,265 - sqlalchemy.engine.Engine - INFO - SELECT 1
2025-08-15 14:25:21,265 INFO sqlalchemy.engine.Engine [cached since 2392s ago] {}
2025-08-15 14:25:21,265 - sqlalchemy.engine.Engine - INFO - [cached since 2392s ago] {}
2025-08-15 14:25:23,285 INFO sqlalchemy.engine.Engine BEGIN (implicit)
2025-08-15 14:25:23,285 - sqlalchemy.engine.Engine - INFO - BEGIN (implicit)
2025-08-15 14:25:23,286 INFO sqlalchemy.engine.Engine SELECT 1
2025-08-15 14:25:23,286 - sqlalchemy.engine.Engine - INFO - SELECT 1
2025-08-15 14:25:23,287 INFO sqlalchemy.engine.Engine [cached since 2394s ago] {}
2025-08-15 14:25:23,287 - sqlalchemy.engine.Engine - INFO - [cached since 2394s ago] {}
2025-08-15 14:25:24,301 INFO sqlalchemy.engine.Engine BEGIN (implicit)
2025-08-15 14:25:24,301 - sqlalchemy.engine.Engine - INFO - BEGIN (implicit)
2025-08-15 14:25:24,302 INFO sqlalchemy.engine.Engine SELECT 1
2025-08-15 14:25:24,302 - sqlalchemy.engine.Engine - INFO - SELECT 1
2025-08-15 14:25:24,302 INFO sqlalchemy.engine.Engine [cached since 2395s ago] {}
2025-08-15 14:25:24,302 - sqlalchemy.engine.Engine - INFO - [cached since 2395s ago] {}
2025-08-15 14:28:00,352 - error_collector - ERROR - {"timestamp": "2025-08-15T14:28:00.351814", "level": "warning", "category": "system", "message": "自动恢复成功: redis - 服务 redis 缓存清理成功", "exception_type": "CustomError", "stack_trace": "  File \"<string>\", line 1, in <module>\n    from multiprocessing.spawn import spawn_main; spawn_main(tracker_fd=5, pipe_handle=7)\n  File \"/opt/homebrew/Cellar/python@3.13/3.13.5/Frameworks/Python.framework/Versions/3.13/lib/python3.13/multiprocessing/spawn.py\", line 122, in spawn_main\n    exitcode = _main(fd, parent_sentinel)\n  File \"/opt/homebrew/Cellar/python@3.13/3.13.5/Frameworks/Python.framework/Versions/3.13/lib/python3.13/multiprocessing/spawn.py\", line 135, in _main\n    return self._bootstrap(parent_sentinel)\n  File \"/opt/homebrew/Cellar/python@3.13/3.13.5/Frameworks/Python.framework/Versions/3.13/lib/python3.13/multiprocessing/process.py\", line 313, in _bootstrap\n    self.run()\n  File \"/opt/homebrew/Cellar/python@3.13/3.13.5/Frameworks/Python.framework/Versions/3.13/lib/python3.13/multiprocessing/process.py\", line 108, in run\n    self._target(*self._args, **self._kwargs)\n  File \"/Users/zhongxuan/Desktop/demo3/qlib-web/backend/venv/lib/python3.13/site-packages/uvicorn/_subprocess.py\", line 80, in subprocess_started\n    target(sockets=sockets)\n  File \"/Users/zhongxuan/Desktop/demo3/qlib-web/backend/venv/lib/python3.13/site-packages/uvicorn/server.py\", line 67, in run\n    return asyncio.run(self.serve(sockets=sockets))\n  File \"/opt/homebrew/Cellar/python@3.13/3.13.5/Frameworks/Python.framework/Versions/3.13/lib/python3.13/asyncio/runners.py\", line 195, in run\n    return runner.run(main)\n  File \"/opt/homebrew/Cellar/python@3.13/3.13.5/Frameworks/Python.framework/Versions/3.13/lib/python3.13/asyncio/runners.py\", line 118, in run\n    return self._loop.run_until_complete(task)\n  File \"/opt/homebrew/Cellar/python@3.13/3.13.5/Frameworks/Python.framework/Versions/3.13/lib/python3.13/asyncio/base_events.py\", line 712, in run_until_complete\n    self.run_forever()\n  File \"/opt/homebrew/Cellar/python@3.13/3.13.5/Frameworks/Python.framework/Versions/3.13/lib/python3.13/asyncio/base_events.py\", line 683, in run_forever\n    self._run_once()\n  File \"/opt/homebrew/Cellar/python@3.13/3.13.5/Frameworks/Python.framework/Versions/3.13/lib/python3.13/asyncio/base_events.py\", line 2042, in _run_once\n    handle._run()\n  File \"/opt/homebrew/Cellar/python@3.13/3.13.5/Frameworks/Python.framework/Versions/3.13/lib/python3.13/asyncio/events.py\", line 89, in _run\n    self._context.run(self._callback, *self._args)\n  File \"/Users/zhongxuan/Desktop/demo3/qlib-web/backend/app/services/fault_recovery_service.py\", line 417, in _monitor_loop\n    await self._apply_recovery_rules()\n  File \"/Users/zhongxuan/Desktop/demo3/qlib-web/backend/app/services/fault_recovery_service.py\", line 462, in _apply_recovery_rules\n    await self._execute_recovery_rule(rule, service_name, health)\n  File \"/Users/zhongxuan/Desktop/demo3/qlib-web/backend/app/services/fault_recovery_service.py\", line 538, in _execute_recovery_rule\n    error_logging_service.log_warning(\n  File \"/Users/zhongxuan/Desktop/demo3/qlib-web/backend/app/services/error_logging_service.py\", line 409, in log_warning\n    return self.collector.collect_custom_error(\n  File \"/Users/zhongxuan/Desktop/demo3/qlib-web/backend/app/services/error_logging_service.py\", line 304, in collect_custom_error\n    stack_trace = ''.join(traceback.format_stack())\n", "request_id": null, "user_id": null, "endpoint": null, "method": null, "user_agent": null, "ip_address": null, "additional_context": {}}
2025-08-15 14:30:06,424 INFO sqlalchemy.engine.Engine BEGIN (implicit)
2025-08-15 14:30:06,424 - sqlalchemy.engine.Engine - INFO - BEGIN (implicit)
2025-08-15 14:30:06,426 INFO sqlalchemy.engine.Engine SELECT 1
2025-08-15 14:30:06,426 - sqlalchemy.engine.Engine - INFO - SELECT 1
2025-08-15 14:30:06,427 INFO sqlalchemy.engine.Engine [cached since 2677s ago] {}
2025-08-15 14:30:06,427 - sqlalchemy.engine.Engine - INFO - [cached since 2677s ago] {}
2025-08-15 14:30:06,432 - error_collector - ERROR - {"timestamp": "2025-08-15T14:30:06.432288", "level": "warning", "category": "system", "message": "服务 database 已自动恢复正常", "exception_type": "CustomError", "stack_trace": "  File \"<string>\", line 1, in <module>\n    from multiprocessing.spawn import spawn_main; spawn_main(tracker_fd=5, pipe_handle=7)\n  File \"/opt/homebrew/Cellar/python@3.13/3.13.5/Frameworks/Python.framework/Versions/3.13/lib/python3.13/multiprocessing/spawn.py\", line 122, in spawn_main\n    exitcode = _main(fd, parent_sentinel)\n  File \"/opt/homebrew/Cellar/python@3.13/3.13.5/Frameworks/Python.framework/Versions/3.13/lib/python3.13/multiprocessing/spawn.py\", line 135, in _main\n    return self._bootstrap(parent_sentinel)\n  File \"/opt/homebrew/Cellar/python@3.13/3.13.5/Frameworks/Python.framework/Versions/3.13/lib/python3.13/multiprocessing/process.py\", line 313, in _bootstrap\n    self.run()\n  File \"/opt/homebrew/Cellar/python@3.13/3.13.5/Frameworks/Python.framework/Versions/3.13/lib/python3.13/multiprocessing/process.py\", line 108, in run\n    self._target(*self._args, **self._kwargs)\n  File \"/Users/zhongxuan/Desktop/demo3/qlib-web/backend/venv/lib/python3.13/site-packages/uvicorn/_subprocess.py\", line 80, in subprocess_started\n    target(sockets=sockets)\n  File \"/Users/zhongxuan/Desktop/demo3/qlib-web/backend/venv/lib/python3.13/site-packages/uvicorn/server.py\", line 67, in run\n    return asyncio.run(self.serve(sockets=sockets))\n  File \"/opt/homebrew/Cellar/python@3.13/3.13.5/Frameworks/Python.framework/Versions/3.13/lib/python3.13/asyncio/runners.py\", line 195, in run\n    return runner.run(main)\n  File \"/opt/homebrew/Cellar/python@3.13/3.13.5/Frameworks/Python.framework/Versions/3.13/lib/python3.13/asyncio/runners.py\", line 118, in run\n    return self._loop.run_until_complete(task)\n  File \"/opt/homebrew/Cellar/python@3.13/3.13.5/Frameworks/Python.framework/Versions/3.13/lib/python3.13/asyncio/base_events.py\", line 712, in run_until_complete\n    self.run_forever()\n  File \"/opt/homebrew/Cellar/python@3.13/3.13.5/Frameworks/Python.framework/Versions/3.13/lib/python3.13/asyncio/base_events.py\", line 683, in run_forever\n    self._run_once()\n  File \"/opt/homebrew/Cellar/python@3.13/3.13.5/Frameworks/Python.framework/Versions/3.13/lib/python3.13/asyncio/base_events.py\", line 2042, in _run_once\n    handle._run()\n  File \"/opt/homebrew/Cellar/python@3.13/3.13.5/Frameworks/Python.framework/Versions/3.13/lib/python3.13/asyncio/events.py\", line 89, in _run\n    self._context.run(self._callback, *self._args)\n  File \"/Users/zhongxuan/Desktop/demo3/qlib-web/backend/app/services/graceful_degradation_service.py\", line 344, in _monitoring_loop\n    await self._apply_degradation_rules()\n  File \"/Users/zhongxuan/Desktop/demo3/qlib-web/backend/app/services/graceful_degradation_service.py\", line 418, in _apply_degradation_rules\n    await self._attempt_service_recovery(rule, service_status)\n  File \"/Users/zhongxuan/Desktop/demo3/qlib-web/backend/app/services/graceful_degradation_service.py\", line 502, in _attempt_service_recovery\n    error_logging_service.log_warning(\n  File \"/Users/zhongxuan/Desktop/demo3/qlib-web/backend/app/services/error_logging_service.py\", line 409, in log_warning\n    return self.collector.collect_custom_error(\n  File \"/Users/zhongxuan/Desktop/demo3/qlib-web/backend/app/services/error_logging_service.py\", line 304, in collect_custom_error\n    stack_trace = ''.join(traceback.format_stack())\n", "request_id": null, "user_id": null, "endpoint": null, "method": null, "user_agent": null, "ip_address": null, "additional_context": {}}
2025-08-15 14:30:37,433 INFO sqlalchemy.engine.Engine BEGIN (implicit)
2025-08-15 14:30:37,433 - sqlalchemy.engine.Engine - INFO - BEGIN (implicit)
2025-08-15 14:30:37,434 INFO sqlalchemy.engine.Engine SELECT 1
2025-08-15 14:30:37,434 - sqlalchemy.engine.Engine - INFO - SELECT 1
2025-08-15 14:30:37,434 INFO sqlalchemy.engine.Engine [cached since 2708s ago] {}
2025-08-15 14:30:37,434 - sqlalchemy.engine.Engine - INFO - [cached since 2708s ago] {}
2025-08-15 14:30:38,439 INFO sqlalchemy.engine.Engine BEGIN (implicit)
2025-08-15 14:30:38,439 - sqlalchemy.engine.Engine - INFO - BEGIN (implicit)
2025-08-15 14:30:38,440 INFO sqlalchemy.engine.Engine SELECT 1
2025-08-15 14:30:38,440 - sqlalchemy.engine.Engine - INFO - SELECT 1
2025-08-15 14:30:38,440 INFO sqlalchemy.engine.Engine [cached since 2709s ago] {}
2025-08-15 14:30:38,440 - sqlalchemy.engine.Engine - INFO - [cached since 2709s ago] {}
2025-08-15 14:30:40,453 INFO sqlalchemy.engine.Engine BEGIN (implicit)
2025-08-15 14:30:40,453 - sqlalchemy.engine.Engine - INFO - BEGIN (implicit)
2025-08-15 14:30:40,453 INFO sqlalchemy.engine.Engine SELECT 1
2025-08-15 14:30:40,453 - sqlalchemy.engine.Engine - INFO - SELECT 1
2025-08-15 14:30:40,454 INFO sqlalchemy.engine.Engine [cached since 2711s ago] {}
2025-08-15 14:30:40,454 - sqlalchemy.engine.Engine - INFO - [cached since 2711s ago] {}
2025-08-15 14:30:41,463 INFO sqlalchemy.engine.Engine BEGIN (implicit)
2025-08-15 14:30:41,463 - sqlalchemy.engine.Engine - INFO - BEGIN (implicit)
2025-08-15 14:30:41,464 INFO sqlalchemy.engine.Engine SELECT 1
2025-08-15 14:30:41,464 - sqlalchemy.engine.Engine - INFO - SELECT 1
2025-08-15 14:30:41,464 INFO sqlalchemy.engine.Engine [cached since 2712s ago] {}
2025-08-15 14:30:41,464 - sqlalchemy.engine.Engine - INFO - [cached since 2712s ago] {}
2025-08-15 14:30:42,471 - error_collector - ERROR - {"timestamp": "2025-08-15T14:30:42.471461", "level": "warning", "category": "system", "message": "自动恢复成功: database - 服务 database 重启成功", "exception_type": "CustomError", "stack_trace": "  File \"<string>\", line 1, in <module>\n    from multiprocessing.spawn import spawn_main; spawn_main(tracker_fd=5, pipe_handle=7)\n  File \"/opt/homebrew/Cellar/python@3.13/3.13.5/Frameworks/Python.framework/Versions/3.13/lib/python3.13/multiprocessing/spawn.py\", line 122, in spawn_main\n    exitcode = _main(fd, parent_sentinel)\n  File \"/opt/homebrew/Cellar/python@3.13/3.13.5/Frameworks/Python.framework/Versions/3.13/lib/python3.13/multiprocessing/spawn.py\", line 135, in _main\n    return self._bootstrap(parent_sentinel)\n  File \"/opt/homebrew/Cellar/python@3.13/3.13.5/Frameworks/Python.framework/Versions/3.13/lib/python3.13/multiprocessing/process.py\", line 313, in _bootstrap\n    self.run()\n  File \"/opt/homebrew/Cellar/python@3.13/3.13.5/Frameworks/Python.framework/Versions/3.13/lib/python3.13/multiprocessing/process.py\", line 108, in run\n    self._target(*self._args, **self._kwargs)\n  File \"/Users/zhongxuan/Desktop/demo3/qlib-web/backend/venv/lib/python3.13/site-packages/uvicorn/_subprocess.py\", line 80, in subprocess_started\n    target(sockets=sockets)\n  File \"/Users/zhongxuan/Desktop/demo3/qlib-web/backend/venv/lib/python3.13/site-packages/uvicorn/server.py\", line 67, in run\n    return asyncio.run(self.serve(sockets=sockets))\n  File \"/opt/homebrew/Cellar/python@3.13/3.13.5/Frameworks/Python.framework/Versions/3.13/lib/python3.13/asyncio/runners.py\", line 195, in run\n    return runner.run(main)\n  File \"/opt/homebrew/Cellar/python@3.13/3.13.5/Frameworks/Python.framework/Versions/3.13/lib/python3.13/asyncio/runners.py\", line 118, in run\n    return self._loop.run_until_complete(task)\n  File \"/opt/homebrew/Cellar/python@3.13/3.13.5/Frameworks/Python.framework/Versions/3.13/lib/python3.13/asyncio/base_events.py\", line 712, in run_until_complete\n    self.run_forever()\n  File \"/opt/homebrew/Cellar/python@3.13/3.13.5/Frameworks/Python.framework/Versions/3.13/lib/python3.13/asyncio/base_events.py\", line 683, in run_forever\n    self._run_once()\n  File \"/opt/homebrew/Cellar/python@3.13/3.13.5/Frameworks/Python.framework/Versions/3.13/lib/python3.13/asyncio/base_events.py\", line 2042, in _run_once\n    handle._run()\n  File \"/opt/homebrew/Cellar/python@3.13/3.13.5/Frameworks/Python.framework/Versions/3.13/lib/python3.13/asyncio/events.py\", line 89, in _run\n    self._context.run(self._callback, *self._args)\n  File \"/Users/zhongxuan/Desktop/demo3/qlib-web/backend/app/services/fault_recovery_service.py\", line 417, in _monitor_loop\n    await self._apply_recovery_rules()\n  File \"/Users/zhongxuan/Desktop/demo3/qlib-web/backend/app/services/fault_recovery_service.py\", line 462, in _apply_recovery_rules\n    await self._execute_recovery_rule(rule, service_name, health)\n  File \"/Users/zhongxuan/Desktop/demo3/qlib-web/backend/app/services/fault_recovery_service.py\", line 538, in _execute_recovery_rule\n    error_logging_service.log_warning(\n  File \"/Users/zhongxuan/Desktop/demo3/qlib-web/backend/app/services/error_logging_service.py\", line 409, in log_warning\n    return self.collector.collect_custom_error(\n  File \"/Users/zhongxuan/Desktop/demo3/qlib-web/backend/app/services/error_logging_service.py\", line 304, in collect_custom_error\n    stack_trace = ''.join(traceback.format_stack())\n", "request_id": null, "user_id": null, "endpoint": null, "method": null, "user_agent": null, "ip_address": null, "additional_context": {}}
2025-08-15 14:31:14,480 INFO sqlalchemy.engine.Engine BEGIN (implicit)
2025-08-15 14:31:14,480 - sqlalchemy.engine.Engine - INFO - BEGIN (implicit)
2025-08-15 14:31:14,481 INFO sqlalchemy.engine.Engine SELECT 1
2025-08-15 14:31:14,481 - sqlalchemy.engine.Engine - INFO - SELECT 1
2025-08-15 14:31:14,482 INFO sqlalchemy.engine.Engine [cached since 2745s ago] {}
2025-08-15 14:31:14,482 - sqlalchemy.engine.Engine - INFO - [cached since 2745s ago] {}
2025-08-15 14:31:15,491 INFO sqlalchemy.engine.Engine BEGIN (implicit)
2025-08-15 14:31:15,491 - sqlalchemy.engine.Engine - INFO - BEGIN (implicit)
2025-08-15 14:31:15,491 INFO sqlalchemy.engine.Engine SELECT 1
2025-08-15 14:31:15,491 - sqlalchemy.engine.Engine - INFO - SELECT 1
2025-08-15 14:31:15,491 INFO sqlalchemy.engine.Engine [cached since 2746s ago] {}
2025-08-15 14:31:15,491 - sqlalchemy.engine.Engine - INFO - [cached since 2746s ago] {}
2025-08-15 14:31:17,501 INFO sqlalchemy.engine.Engine BEGIN (implicit)
2025-08-15 14:31:17,501 - sqlalchemy.engine.Engine - INFO - BEGIN (implicit)
2025-08-15 14:31:17,501 INFO sqlalchemy.engine.Engine SELECT 1
2025-08-15 14:31:17,501 - sqlalchemy.engine.Engine - INFO - SELECT 1
2025-08-15 14:31:17,501 INFO sqlalchemy.engine.Engine [cached since 2748s ago] {}
2025-08-15 14:31:17,501 - sqlalchemy.engine.Engine - INFO - [cached since 2748s ago] {}
2025-08-15 14:31:18,510 INFO sqlalchemy.engine.Engine BEGIN (implicit)
2025-08-15 14:31:18,510 - sqlalchemy.engine.Engine - INFO - BEGIN (implicit)
2025-08-15 14:31:18,511 INFO sqlalchemy.engine.Engine SELECT 1
2025-08-15 14:31:18,511 - sqlalchemy.engine.Engine - INFO - SELECT 1
2025-08-15 14:31:18,511 INFO sqlalchemy.engine.Engine [cached since 2749s ago] {}
2025-08-15 14:31:18,511 - sqlalchemy.engine.Engine - INFO - [cached since 2749s ago] {}
2025-08-15 14:31:49,518 INFO sqlalchemy.engine.Engine BEGIN (implicit)
2025-08-15 14:31:49,518 - sqlalchemy.engine.Engine - INFO - BEGIN (implicit)
2025-08-15 14:31:49,519 INFO sqlalchemy.engine.Engine SELECT 1
2025-08-15 14:31:49,519 - sqlalchemy.engine.Engine - INFO - SELECT 1
2025-08-15 14:31:49,519 INFO sqlalchemy.engine.Engine [cached since 2780s ago] {}
2025-08-15 14:31:49,519 - sqlalchemy.engine.Engine - INFO - [cached since 2780s ago] {}
2025-08-15 14:31:50,543 INFO sqlalchemy.engine.Engine BEGIN (implicit)
2025-08-15 14:31:50,543 - sqlalchemy.engine.Engine - INFO - BEGIN (implicit)
2025-08-15 14:31:50,544 INFO sqlalchemy.engine.Engine SELECT 1
2025-08-15 14:31:50,544 - sqlalchemy.engine.Engine - INFO - SELECT 1
2025-08-15 14:31:50,544 INFO sqlalchemy.engine.Engine [cached since 2781s ago] {}
2025-08-15 14:31:50,544 - sqlalchemy.engine.Engine - INFO - [cached since 2781s ago] {}
2025-08-15 14:31:52,563 INFO sqlalchemy.engine.Engine BEGIN (implicit)
2025-08-15 14:31:52,563 - sqlalchemy.engine.Engine - INFO - BEGIN (implicit)
2025-08-15 14:31:52,564 INFO sqlalchemy.engine.Engine SELECT 1
2025-08-15 14:31:52,564 - sqlalchemy.engine.Engine - INFO - SELECT 1
2025-08-15 14:31:52,564 INFO sqlalchemy.engine.Engine [cached since 2784s ago] {}
2025-08-15 14:31:52,564 - sqlalchemy.engine.Engine - INFO - [cached since 2784s ago] {}
2025-08-15 14:31:53,578 INFO sqlalchemy.engine.Engine BEGIN (implicit)
2025-08-15 14:31:53,578 - sqlalchemy.engine.Engine - INFO - BEGIN (implicit)
2025-08-15 14:31:53,579 INFO sqlalchemy.engine.Engine SELECT 1
2025-08-15 14:31:53,579 - sqlalchemy.engine.Engine - INFO - SELECT 1
2025-08-15 14:31:53,579 INFO sqlalchemy.engine.Engine [cached since 2785s ago] {}
2025-08-15 14:31:53,579 - sqlalchemy.engine.Engine - INFO - [cached since 2785s ago] {}
2025-08-15 14:32:24,595 INFO sqlalchemy.engine.Engine BEGIN (implicit)
2025-08-15 14:32:24,595 - sqlalchemy.engine.Engine - INFO - BEGIN (implicit)
2025-08-15 14:32:24,596 INFO sqlalchemy.engine.Engine SELECT 1
2025-08-15 14:32:24,596 - sqlalchemy.engine.Engine - INFO - SELECT 1
2025-08-15 14:32:24,596 INFO sqlalchemy.engine.Engine [cached since 2816s ago] {}
2025-08-15 14:32:24,596 - sqlalchemy.engine.Engine - INFO - [cached since 2816s ago] {}
2025-08-15 14:32:25,610 INFO sqlalchemy.engine.Engine BEGIN (implicit)
2025-08-15 14:32:25,610 - sqlalchemy.engine.Engine - INFO - BEGIN (implicit)
2025-08-15 14:32:25,610 INFO sqlalchemy.engine.Engine SELECT 1
2025-08-15 14:32:25,610 - sqlalchemy.engine.Engine - INFO - SELECT 1
2025-08-15 14:32:25,610 INFO sqlalchemy.engine.Engine [cached since 2817s ago] {}
2025-08-15 14:32:25,610 - sqlalchemy.engine.Engine - INFO - [cached since 2817s ago] {}
2025-08-15 14:32:27,629 INFO sqlalchemy.engine.Engine BEGIN (implicit)
2025-08-15 14:32:27,629 - sqlalchemy.engine.Engine - INFO - BEGIN (implicit)
2025-08-15 14:32:27,629 INFO sqlalchemy.engine.Engine SELECT 1
2025-08-15 14:32:27,629 - sqlalchemy.engine.Engine - INFO - SELECT 1
2025-08-15 14:32:27,629 INFO sqlalchemy.engine.Engine [cached since 2819s ago] {}
2025-08-15 14:32:27,629 - sqlalchemy.engine.Engine - INFO - [cached since 2819s ago] {}
2025-08-15 14:32:28,647 INFO sqlalchemy.engine.Engine BEGIN (implicit)
2025-08-15 14:32:28,647 - sqlalchemy.engine.Engine - INFO - BEGIN (implicit)
2025-08-15 14:32:28,648 INFO sqlalchemy.engine.Engine SELECT 1
2025-08-15 14:32:28,648 - sqlalchemy.engine.Engine - INFO - SELECT 1
2025-08-15 14:32:28,648 INFO sqlalchemy.engine.Engine [cached since 2820s ago] {}
2025-08-15 14:32:28,648 - sqlalchemy.engine.Engine - INFO - [cached since 2820s ago] {}
2025-08-15 14:32:59,664 INFO sqlalchemy.engine.Engine BEGIN (implicit)
2025-08-15 14:32:59,664 - sqlalchemy.engine.Engine - INFO - BEGIN (implicit)
2025-08-15 14:32:59,665 INFO sqlalchemy.engine.Engine SELECT 1
2025-08-15 14:32:59,665 - sqlalchemy.engine.Engine - INFO - SELECT 1
2025-08-15 14:32:59,665 INFO sqlalchemy.engine.Engine [cached since 2851s ago] {}
2025-08-15 14:32:59,665 - sqlalchemy.engine.Engine - INFO - [cached since 2851s ago] {}
2025-08-15 14:33:00,680 INFO sqlalchemy.engine.Engine BEGIN (implicit)
2025-08-15 14:33:00,680 - sqlalchemy.engine.Engine - INFO - BEGIN (implicit)
2025-08-15 14:33:00,680 INFO sqlalchemy.engine.Engine SELECT 1
2025-08-15 14:33:00,680 - sqlalchemy.engine.Engine - INFO - SELECT 1
2025-08-15 14:33:00,680 INFO sqlalchemy.engine.Engine [cached since 2852s ago] {}
2025-08-15 14:33:00,680 - sqlalchemy.engine.Engine - INFO - [cached since 2852s ago] {}
2025-08-15 14:33:02,699 INFO sqlalchemy.engine.Engine BEGIN (implicit)
2025-08-15 14:33:02,699 - sqlalchemy.engine.Engine - INFO - BEGIN (implicit)
2025-08-15 14:33:02,700 INFO sqlalchemy.engine.Engine SELECT 1
2025-08-15 14:33:02,700 - sqlalchemy.engine.Engine - INFO - SELECT 1
2025-08-15 14:33:02,700 INFO sqlalchemy.engine.Engine [cached since 2854s ago] {}
2025-08-15 14:33:02,700 - sqlalchemy.engine.Engine - INFO - [cached since 2854s ago] {}
2025-08-15 14:33:03,712 INFO sqlalchemy.engine.Engine BEGIN (implicit)
2025-08-15 14:33:03,712 - sqlalchemy.engine.Engine - INFO - BEGIN (implicit)
2025-08-15 14:33:03,712 INFO sqlalchemy.engine.Engine SELECT 1
2025-08-15 14:33:03,712 - sqlalchemy.engine.Engine - INFO - SELECT 1
2025-08-15 14:33:03,713 INFO sqlalchemy.engine.Engine [cached since 2855s ago] {}
2025-08-15 14:33:03,713 - sqlalchemy.engine.Engine - INFO - [cached since 2855s ago] {}
2025-08-15 14:33:34,732 INFO sqlalchemy.engine.Engine BEGIN (implicit)
2025-08-15 14:33:34,732 - sqlalchemy.engine.Engine - INFO - BEGIN (implicit)
2025-08-15 14:33:34,733 INFO sqlalchemy.engine.Engine SELECT 1
2025-08-15 14:33:34,733 - sqlalchemy.engine.Engine - INFO - SELECT 1
2025-08-15 14:33:34,733 INFO sqlalchemy.engine.Engine [cached since 2886s ago] {}
2025-08-15 14:33:34,733 - sqlalchemy.engine.Engine - INFO - [cached since 2886s ago] {}
2025-08-15 14:33:35,741 INFO sqlalchemy.engine.Engine BEGIN (implicit)
2025-08-15 14:33:35,741 - sqlalchemy.engine.Engine - INFO - BEGIN (implicit)
2025-08-15 14:33:35,742 INFO sqlalchemy.engine.Engine SELECT 1
2025-08-15 14:33:35,742 - sqlalchemy.engine.Engine - INFO - SELECT 1
2025-08-15 14:33:35,742 INFO sqlalchemy.engine.Engine [cached since 2887s ago] {}
2025-08-15 14:33:35,742 - sqlalchemy.engine.Engine - INFO - [cached since 2887s ago] {}
2025-08-15 14:33:37,757 INFO sqlalchemy.engine.Engine BEGIN (implicit)
2025-08-15 14:33:37,757 - sqlalchemy.engine.Engine - INFO - BEGIN (implicit)
2025-08-15 14:33:37,757 INFO sqlalchemy.engine.Engine SELECT 1
2025-08-15 14:33:37,757 - sqlalchemy.engine.Engine - INFO - SELECT 1
2025-08-15 14:33:37,757 INFO sqlalchemy.engine.Engine [cached since 2889s ago] {}
2025-08-15 14:33:37,757 - sqlalchemy.engine.Engine - INFO - [cached since 2889s ago] {}
2025-08-15 14:33:38,774 INFO sqlalchemy.engine.Engine BEGIN (implicit)
2025-08-15 14:33:38,774 - sqlalchemy.engine.Engine - INFO - BEGIN (implicit)
2025-08-15 14:33:38,774 INFO sqlalchemy.engine.Engine SELECT 1
2025-08-15 14:33:38,774 - sqlalchemy.engine.Engine - INFO - SELECT 1
2025-08-15 14:33:38,774 INFO sqlalchemy.engine.Engine [cached since 2890s ago] {}
2025-08-15 14:33:38,774 - sqlalchemy.engine.Engine - INFO - [cached since 2890s ago] {}
2025-08-15 14:34:06,431 - error_collector - ERROR - {"timestamp": "2025-08-15T14:34:06.430675", "level": "warning", "category": "system", "message": "服务 database 已降级至 moderate 级别", "exception_type": "CustomError", "stack_trace": "  File \"<string>\", line 1, in <module>\n    from multiprocessing.spawn import spawn_main; spawn_main(tracker_fd=5, pipe_handle=7)\n  File \"/opt/homebrew/Cellar/python@3.13/3.13.5/Frameworks/Python.framework/Versions/3.13/lib/python3.13/multiprocessing/spawn.py\", line 122, in spawn_main\n    exitcode = _main(fd, parent_sentinel)\n  File \"/opt/homebrew/Cellar/python@3.13/3.13.5/Frameworks/Python.framework/Versions/3.13/lib/python3.13/multiprocessing/spawn.py\", line 135, in _main\n    return self._bootstrap(parent_sentinel)\n  File \"/opt/homebrew/Cellar/python@3.13/3.13.5/Frameworks/Python.framework/Versions/3.13/lib/python3.13/multiprocessing/process.py\", line 313, in _bootstrap\n    self.run()\n  File \"/opt/homebrew/Cellar/python@3.13/3.13.5/Frameworks/Python.framework/Versions/3.13/lib/python3.13/multiprocessing/process.py\", line 108, in run\n    self._target(*self._args, **self._kwargs)\n  File \"/Users/zhongxuan/Desktop/demo3/qlib-web/backend/venv/lib/python3.13/site-packages/uvicorn/_subprocess.py\", line 80, in subprocess_started\n    target(sockets=sockets)\n  File \"/Users/zhongxuan/Desktop/demo3/qlib-web/backend/venv/lib/python3.13/site-packages/uvicorn/server.py\", line 67, in run\n    return asyncio.run(self.serve(sockets=sockets))\n  File \"/opt/homebrew/Cellar/python@3.13/3.13.5/Frameworks/Python.framework/Versions/3.13/lib/python3.13/asyncio/runners.py\", line 195, in run\n    return runner.run(main)\n  File \"/opt/homebrew/Cellar/python@3.13/3.13.5/Frameworks/Python.framework/Versions/3.13/lib/python3.13/asyncio/runners.py\", line 118, in run\n    return self._loop.run_until_complete(task)\n  File \"/opt/homebrew/Cellar/python@3.13/3.13.5/Frameworks/Python.framework/Versions/3.13/lib/python3.13/asyncio/base_events.py\", line 712, in run_until_complete\n    self.run_forever()\n  File \"/opt/homebrew/Cellar/python@3.13/3.13.5/Frameworks/Python.framework/Versions/3.13/lib/python3.13/asyncio/base_events.py\", line 683, in run_forever\n    self._run_once()\n  File \"/opt/homebrew/Cellar/python@3.13/3.13.5/Frameworks/Python.framework/Versions/3.13/lib/python3.13/asyncio/base_events.py\", line 2042, in _run_once\n    handle._run()\n  File \"/opt/homebrew/Cellar/python@3.13/3.13.5/Frameworks/Python.framework/Versions/3.13/lib/python3.13/asyncio/events.py\", line 89, in _run\n    self._context.run(self._callback, *self._args)\n  File \"/Users/zhongxuan/Desktop/demo3/qlib-web/backend/app/services/graceful_degradation_service.py\", line 344, in _monitoring_loop\n    await self._apply_degradation_rules()\n  File \"/Users/zhongxuan/Desktop/demo3/qlib-web/backend/app/services/graceful_degradation_service.py\", line 414, in _apply_degradation_rules\n    await self._apply_degradation(rule, service_status)\n  File \"/Users/zhongxuan/Desktop/demo3/qlib-web/backend/app/services/graceful_degradation_service.py\", line 461, in _apply_degradation\n    error_logging_service.log_warning(\n  File \"/Users/zhongxuan/Desktop/demo3/qlib-web/backend/app/services/error_logging_service.py\", line 409, in log_warning\n    return self.collector.collect_custom_error(\n  File \"/Users/zhongxuan/Desktop/demo3/qlib-web/backend/app/services/error_logging_service.py\", line 304, in collect_custom_error\n    stack_trace = ''.join(traceback.format_stack())\n", "request_id": null, "user_id": null, "endpoint": null, "method": null, "user_agent": null, "ip_address": null, "additional_context": {}}
2025-08-15 14:34:09,797 INFO sqlalchemy.engine.Engine BEGIN (implicit)
2025-08-15 14:34:09,797 - sqlalchemy.engine.Engine - INFO - BEGIN (implicit)
2025-08-15 14:34:09,798 INFO sqlalchemy.engine.Engine SELECT 1
2025-08-15 14:34:09,798 - sqlalchemy.engine.Engine - INFO - SELECT 1
2025-08-15 14:34:09,798 INFO sqlalchemy.engine.Engine [cached since 2921s ago] {}
2025-08-15 14:34:09,798 - sqlalchemy.engine.Engine - INFO - [cached since 2921s ago] {}
2025-08-15 14:34:10,814 INFO sqlalchemy.engine.Engine BEGIN (implicit)
2025-08-15 14:34:10,814 - sqlalchemy.engine.Engine - INFO - BEGIN (implicit)
2025-08-15 14:34:10,815 INFO sqlalchemy.engine.Engine SELECT 1
2025-08-15 14:34:10,815 - sqlalchemy.engine.Engine - INFO - SELECT 1
2025-08-15 14:34:10,815 INFO sqlalchemy.engine.Engine [cached since 2922s ago] {}
2025-08-15 14:34:10,815 - sqlalchemy.engine.Engine - INFO - [cached since 2922s ago] {}
2025-08-15 14:34:12,834 INFO sqlalchemy.engine.Engine BEGIN (implicit)
2025-08-15 14:34:12,834 - sqlalchemy.engine.Engine - INFO - BEGIN (implicit)
2025-08-15 14:34:12,835 INFO sqlalchemy.engine.Engine SELECT 1
2025-08-15 14:34:12,835 - sqlalchemy.engine.Engine - INFO - SELECT 1
2025-08-15 14:34:12,835 INFO sqlalchemy.engine.Engine [cached since 2924s ago] {}
2025-08-15 14:34:12,835 - sqlalchemy.engine.Engine - INFO - [cached since 2924s ago] {}
2025-08-15 14:35:06,439 - error_collector - ERROR - {"timestamp": "2025-08-15T14:35:06.438730", "level": "warning", "category": "system", "message": "服务 database 已自动恢复正常", "exception_type": "CustomError", "stack_trace": "  File \"<string>\", line 1, in <module>\n    from multiprocessing.spawn import spawn_main; spawn_main(tracker_fd=5, pipe_handle=7)\n  File \"/opt/homebrew/Cellar/python@3.13/3.13.5/Frameworks/Python.framework/Versions/3.13/lib/python3.13/multiprocessing/spawn.py\", line 122, in spawn_main\n    exitcode = _main(fd, parent_sentinel)\n  File \"/opt/homebrew/Cellar/python@3.13/3.13.5/Frameworks/Python.framework/Versions/3.13/lib/python3.13/multiprocessing/spawn.py\", line 135, in _main\n    return self._bootstrap(parent_sentinel)\n  File \"/opt/homebrew/Cellar/python@3.13/3.13.5/Frameworks/Python.framework/Versions/3.13/lib/python3.13/multiprocessing/process.py\", line 313, in _bootstrap\n    self.run()\n  File \"/opt/homebrew/Cellar/python@3.13/3.13.5/Frameworks/Python.framework/Versions/3.13/lib/python3.13/multiprocessing/process.py\", line 108, in run\n    self._target(*self._args, **self._kwargs)\n  File \"/Users/zhongxuan/Desktop/demo3/qlib-web/backend/venv/lib/python3.13/site-packages/uvicorn/_subprocess.py\", line 80, in subprocess_started\n    target(sockets=sockets)\n  File \"/Users/zhongxuan/Desktop/demo3/qlib-web/backend/venv/lib/python3.13/site-packages/uvicorn/server.py\", line 67, in run\n    return asyncio.run(self.serve(sockets=sockets))\n  File \"/opt/homebrew/Cellar/python@3.13/3.13.5/Frameworks/Python.framework/Versions/3.13/lib/python3.13/asyncio/runners.py\", line 195, in run\n    return runner.run(main)\n  File \"/opt/homebrew/Cellar/python@3.13/3.13.5/Frameworks/Python.framework/Versions/3.13/lib/python3.13/asyncio/runners.py\", line 118, in run\n    return self._loop.run_until_complete(task)\n  File \"/opt/homebrew/Cellar/python@3.13/3.13.5/Frameworks/Python.framework/Versions/3.13/lib/python3.13/asyncio/base_events.py\", line 712, in run_until_complete\n    self.run_forever()\n  File \"/opt/homebrew/Cellar/python@3.13/3.13.5/Frameworks/Python.framework/Versions/3.13/lib/python3.13/asyncio/base_events.py\", line 683, in run_forever\n    self._run_once()\n  File \"/opt/homebrew/Cellar/python@3.13/3.13.5/Frameworks/Python.framework/Versions/3.13/lib/python3.13/asyncio/base_events.py\", line 2042, in _run_once\n    handle._run()\n  File \"/opt/homebrew/Cellar/python@3.13/3.13.5/Frameworks/Python.framework/Versions/3.13/lib/python3.13/asyncio/events.py\", line 89, in _run\n    self._context.run(self._callback, *self._args)\n  File \"/Users/zhongxuan/Desktop/demo3/qlib-web/backend/app/services/graceful_degradation_service.py\", line 344, in _monitoring_loop\n    await self._apply_degradation_rules()\n  File \"/Users/zhongxuan/Desktop/demo3/qlib-web/backend/app/services/graceful_degradation_service.py\", line 418, in _apply_degradation_rules\n    await self._attempt_service_recovery(rule, service_status)\n  File \"/Users/zhongxuan/Desktop/demo3/qlib-web/backend/app/services/graceful_degradation_service.py\", line 502, in _attempt_service_recovery\n    error_logging_service.log_warning(\n  File \"/Users/zhongxuan/Desktop/demo3/qlib-web/backend/app/services/error_logging_service.py\", line 409, in log_warning\n    return self.collector.collect_custom_error(\n  File \"/Users/zhongxuan/Desktop/demo3/qlib-web/backend/app/services/error_logging_service.py\", line 304, in collect_custom_error\n    stack_trace = ''.join(traceback.format_stack())\n", "request_id": null, "user_id": null, "endpoint": null, "method": null, "user_agent": null, "ip_address": null, "additional_context": {}}
2025-08-15 14:37:19,890 - error_collector - ERROR - {"timestamp": "2025-08-15T14:37:19.889743", "level": "warning", "category": "system", "message": "自动恢复成功: redis - 服务 redis 缓存清理成功", "exception_type": "CustomError", "stack_trace": "  File \"<string>\", line 1, in <module>\n    from multiprocessing.spawn import spawn_main; spawn_main(tracker_fd=5, pipe_handle=7)\n  File \"/opt/homebrew/Cellar/python@3.13/3.13.5/Frameworks/Python.framework/Versions/3.13/lib/python3.13/multiprocessing/spawn.py\", line 122, in spawn_main\n    exitcode = _main(fd, parent_sentinel)\n  File \"/opt/homebrew/Cellar/python@3.13/3.13.5/Frameworks/Python.framework/Versions/3.13/lib/python3.13/multiprocessing/spawn.py\", line 135, in _main\n    return self._bootstrap(parent_sentinel)\n  File \"/opt/homebrew/Cellar/python@3.13/3.13.5/Frameworks/Python.framework/Versions/3.13/lib/python3.13/multiprocessing/process.py\", line 313, in _bootstrap\n    self.run()\n  File \"/opt/homebrew/Cellar/python@3.13/3.13.5/Frameworks/Python.framework/Versions/3.13/lib/python3.13/multiprocessing/process.py\", line 108, in run\n    self._target(*self._args, **self._kwargs)\n  File \"/Users/zhongxuan/Desktop/demo3/qlib-web/backend/venv/lib/python3.13/site-packages/uvicorn/_subprocess.py\", line 80, in subprocess_started\n    target(sockets=sockets)\n  File \"/Users/zhongxuan/Desktop/demo3/qlib-web/backend/venv/lib/python3.13/site-packages/uvicorn/server.py\", line 67, in run\n    return asyncio.run(self.serve(sockets=sockets))\n  File \"/opt/homebrew/Cellar/python@3.13/3.13.5/Frameworks/Python.framework/Versions/3.13/lib/python3.13/asyncio/runners.py\", line 195, in run\n    return runner.run(main)\n  File \"/opt/homebrew/Cellar/python@3.13/3.13.5/Frameworks/Python.framework/Versions/3.13/lib/python3.13/asyncio/runners.py\", line 118, in run\n    return self._loop.run_until_complete(task)\n  File \"/opt/homebrew/Cellar/python@3.13/3.13.5/Frameworks/Python.framework/Versions/3.13/lib/python3.13/asyncio/base_events.py\", line 712, in run_until_complete\n    self.run_forever()\n  File \"/opt/homebrew/Cellar/python@3.13/3.13.5/Frameworks/Python.framework/Versions/3.13/lib/python3.13/asyncio/base_events.py\", line 683, in run_forever\n    self._run_once()\n  File \"/opt/homebrew/Cellar/python@3.13/3.13.5/Frameworks/Python.framework/Versions/3.13/lib/python3.13/asyncio/base_events.py\", line 2042, in _run_once\n    handle._run()\n  File \"/opt/homebrew/Cellar/python@3.13/3.13.5/Frameworks/Python.framework/Versions/3.13/lib/python3.13/asyncio/events.py\", line 89, in _run\n    self._context.run(self._callback, *self._args)\n  File \"/Users/zhongxuan/Desktop/demo3/qlib-web/backend/app/services/fault_recovery_service.py\", line 417, in _monitor_loop\n    await self._apply_recovery_rules()\n  File \"/Users/zhongxuan/Desktop/demo3/qlib-web/backend/app/services/fault_recovery_service.py\", line 462, in _apply_recovery_rules\n    await self._execute_recovery_rule(rule, service_name, health)\n  File \"/Users/zhongxuan/Desktop/demo3/qlib-web/backend/app/services/fault_recovery_service.py\", line 538, in _execute_recovery_rule\n    error_logging_service.log_warning(\n  File \"/Users/zhongxuan/Desktop/demo3/qlib-web/backend/app/services/error_logging_service.py\", line 409, in log_warning\n    return self.collector.collect_custom_error(\n  File \"/Users/zhongxuan/Desktop/demo3/qlib-web/backend/app/services/error_logging_service.py\", line 304, in collect_custom_error\n    stack_trace = ''.join(traceback.format_stack())\n", "request_id": null, "user_id": null, "endpoint": null, "method": null, "user_agent": null, "ip_address": null, "additional_context": {}}
2025-08-15 14:39:55,922 - error_collector - ERROR - {"timestamp": "2025-08-15T14:39:55.922366", "level": "warning", "category": "system", "message": "服务 database 已降级至 moderate 级别", "exception_type": "CustomError", "stack_trace": "  File \"<string>\", line 1, in <module>\n    from multiprocessing.spawn import spawn_main; spawn_main(tracker_fd=5, pipe_handle=7)\n  File \"/opt/homebrew/Cellar/python@3.13/3.13.5/Frameworks/Python.framework/Versions/3.13/lib/python3.13/multiprocessing/spawn.py\", line 122, in spawn_main\n    exitcode = _main(fd, parent_sentinel)\n  File \"/opt/homebrew/Cellar/python@3.13/3.13.5/Frameworks/Python.framework/Versions/3.13/lib/python3.13/multiprocessing/spawn.py\", line 135, in _main\n    return self._bootstrap(parent_sentinel)\n  File \"/opt/homebrew/Cellar/python@3.13/3.13.5/Frameworks/Python.framework/Versions/3.13/lib/python3.13/multiprocessing/process.py\", line 313, in _bootstrap\n    self.run()\n  File \"/opt/homebrew/Cellar/python@3.13/3.13.5/Frameworks/Python.framework/Versions/3.13/lib/python3.13/multiprocessing/process.py\", line 108, in run\n    self._target(*self._args, **self._kwargs)\n  File \"/Users/zhongxuan/Desktop/demo3/qlib-web/backend/venv/lib/python3.13/site-packages/uvicorn/_subprocess.py\", line 80, in subprocess_started\n    target(sockets=sockets)\n  File \"/Users/zhongxuan/Desktop/demo3/qlib-web/backend/venv/lib/python3.13/site-packages/uvicorn/server.py\", line 67, in run\n    return asyncio.run(self.serve(sockets=sockets))\n  File \"/opt/homebrew/Cellar/python@3.13/3.13.5/Frameworks/Python.framework/Versions/3.13/lib/python3.13/asyncio/runners.py\", line 195, in run\n    return runner.run(main)\n  File \"/opt/homebrew/Cellar/python@3.13/3.13.5/Frameworks/Python.framework/Versions/3.13/lib/python3.13/asyncio/runners.py\", line 118, in run\n    return self._loop.run_until_complete(task)\n  File \"/opt/homebrew/Cellar/python@3.13/3.13.5/Frameworks/Python.framework/Versions/3.13/lib/python3.13/asyncio/base_events.py\", line 712, in run_until_complete\n    self.run_forever()\n  File \"/opt/homebrew/Cellar/python@3.13/3.13.5/Frameworks/Python.framework/Versions/3.13/lib/python3.13/asyncio/base_events.py\", line 683, in run_forever\n    self._run_once()\n  File \"/opt/homebrew/Cellar/python@3.13/3.13.5/Frameworks/Python.framework/Versions/3.13/lib/python3.13/asyncio/base_events.py\", line 2042, in _run_once\n    handle._run()\n  File \"/opt/homebrew/Cellar/python@3.13/3.13.5/Frameworks/Python.framework/Versions/3.13/lib/python3.13/asyncio/events.py\", line 89, in _run\n    self._context.run(self._callback, *self._args)\n  File \"/Users/zhongxuan/Desktop/demo3/qlib-web/backend/app/services/graceful_degradation_service.py\", line 344, in _monitoring_loop\n    await self._apply_degradation_rules()\n  File \"/Users/zhongxuan/Desktop/demo3/qlib-web/backend/app/services/graceful_degradation_service.py\", line 414, in _apply_degradation_rules\n    await self._apply_degradation(rule, service_status)\n  File \"/Users/zhongxuan/Desktop/demo3/qlib-web/backend/app/services/graceful_degradation_service.py\", line 461, in _apply_degradation\n    error_logging_service.log_warning(\n  File \"/Users/zhongxuan/Desktop/demo3/qlib-web/backend/app/services/error_logging_service.py\", line 409, in log_warning\n    return self.collector.collect_custom_error(\n  File \"/Users/zhongxuan/Desktop/demo3/qlib-web/backend/app/services/error_logging_service.py\", line 304, in collect_custom_error\n    stack_trace = ''.join(traceback.format_stack())\n", "request_id": null, "user_id": null, "endpoint": null, "method": null, "user_agent": null, "ip_address": null, "additional_context": {}}
2025-08-15 14:40:57,978 INFO sqlalchemy.engine.Engine BEGIN (implicit)
2025-08-15 14:40:57,978 - sqlalchemy.engine.Engine - INFO - BEGIN (implicit)
2025-08-15 14:40:57,981 INFO sqlalchemy.engine.Engine SELECT 1
2025-08-15 14:40:57,981 - sqlalchemy.engine.Engine - INFO - SELECT 1
2025-08-15 14:40:57,981 INFO sqlalchemy.engine.Engine [cached since 3329s ago] {}
2025-08-15 14:40:57,981 - sqlalchemy.engine.Engine - INFO - [cached since 3329s ago] {}
2025-08-15 14:40:59,990 INFO sqlalchemy.engine.Engine BEGIN (implicit)
2025-08-15 14:40:59,990 - sqlalchemy.engine.Engine - INFO - BEGIN (implicit)
2025-08-15 14:40:59,990 INFO sqlalchemy.engine.Engine SELECT 1
2025-08-15 14:40:59,990 - sqlalchemy.engine.Engine - INFO - SELECT 1
2025-08-15 14:40:59,991 INFO sqlalchemy.engine.Engine [cached since 3331s ago] {}
2025-08-15 14:40:59,991 - sqlalchemy.engine.Engine - INFO - [cached since 3331s ago] {}
2025-08-15 14:41:00,999 INFO sqlalchemy.engine.Engine BEGIN (implicit)
2025-08-15 14:41:00,999 - sqlalchemy.engine.Engine - INFO - BEGIN (implicit)
2025-08-15 14:41:00,999 INFO sqlalchemy.engine.Engine SELECT 1
2025-08-15 14:41:00,999 - sqlalchemy.engine.Engine - INFO - SELECT 1
2025-08-15 14:41:01,000 INFO sqlalchemy.engine.Engine [cached since 3332s ago] {}
2025-08-15 14:41:01,000 - sqlalchemy.engine.Engine - INFO - [cached since 3332s ago] {}
2025-08-15 14:41:32,006 INFO sqlalchemy.engine.Engine BEGIN (implicit)
2025-08-15 14:41:32,006 - sqlalchemy.engine.Engine - INFO - BEGIN (implicit)
2025-08-15 14:41:32,008 INFO sqlalchemy.engine.Engine SELECT 1
2025-08-15 14:41:32,008 - sqlalchemy.engine.Engine - INFO - SELECT 1
2025-08-15 14:41:32,008 INFO sqlalchemy.engine.Engine [cached since 3363s ago] {}
2025-08-15 14:41:32,008 - sqlalchemy.engine.Engine - INFO - [cached since 3363s ago] {}
2025-08-15 14:41:33,015 INFO sqlalchemy.engine.Engine BEGIN (implicit)
2025-08-15 14:41:33,015 - sqlalchemy.engine.Engine - INFO - BEGIN (implicit)
2025-08-15 14:41:33,015 INFO sqlalchemy.engine.Engine SELECT 1
2025-08-15 14:41:33,015 - sqlalchemy.engine.Engine - INFO - SELECT 1
2025-08-15 14:41:33,015 INFO sqlalchemy.engine.Engine [cached since 3364s ago] {}
2025-08-15 14:41:33,015 - sqlalchemy.engine.Engine - INFO - [cached since 3364s ago] {}
2025-08-15 14:41:35,021 INFO sqlalchemy.engine.Engine BEGIN (implicit)
2025-08-15 14:41:35,021 - sqlalchemy.engine.Engine - INFO - BEGIN (implicit)
2025-08-15 14:41:35,022 INFO sqlalchemy.engine.Engine SELECT 1
2025-08-15 14:41:35,022 - sqlalchemy.engine.Engine - INFO - SELECT 1
2025-08-15 14:41:35,022 INFO sqlalchemy.engine.Engine [cached since 3366s ago] {}
2025-08-15 14:41:35,022 - sqlalchemy.engine.Engine - INFO - [cached since 3366s ago] {}
2025-08-15 14:41:36,027 INFO sqlalchemy.engine.Engine BEGIN (implicit)
2025-08-15 14:41:36,027 - sqlalchemy.engine.Engine - INFO - BEGIN (implicit)
2025-08-15 14:41:36,028 INFO sqlalchemy.engine.Engine SELECT 1
2025-08-15 14:41:36,028 - sqlalchemy.engine.Engine - INFO - SELECT 1
2025-08-15 14:41:36,028 INFO sqlalchemy.engine.Engine [cached since 3367s ago] {}
2025-08-15 14:41:36,028 - sqlalchemy.engine.Engine - INFO - [cached since 3367s ago] {}
2025-08-15 14:41:37,039 - error_collector - ERROR - {"timestamp": "2025-08-15T14:41:37.038711", "level": "warning", "category": "system", "message": "自动恢复成功: database - 服务 database 重启成功", "exception_type": "CustomError", "stack_trace": "  File \"<string>\", line 1, in <module>\n    from multiprocessing.spawn import spawn_main; spawn_main(tracker_fd=5, pipe_handle=7)\n  File \"/opt/homebrew/Cellar/python@3.13/3.13.5/Frameworks/Python.framework/Versions/3.13/lib/python3.13/multiprocessing/spawn.py\", line 122, in spawn_main\n    exitcode = _main(fd, parent_sentinel)\n  File \"/opt/homebrew/Cellar/python@3.13/3.13.5/Frameworks/Python.framework/Versions/3.13/lib/python3.13/multiprocessing/spawn.py\", line 135, in _main\n    return self._bootstrap(parent_sentinel)\n  File \"/opt/homebrew/Cellar/python@3.13/3.13.5/Frameworks/Python.framework/Versions/3.13/lib/python3.13/multiprocessing/process.py\", line 313, in _bootstrap\n    self.run()\n  File \"/opt/homebrew/Cellar/python@3.13/3.13.5/Frameworks/Python.framework/Versions/3.13/lib/python3.13/multiprocessing/process.py\", line 108, in run\n    self._target(*self._args, **self._kwargs)\n  File \"/Users/zhongxuan/Desktop/demo3/qlib-web/backend/venv/lib/python3.13/site-packages/uvicorn/_subprocess.py\", line 80, in subprocess_started\n    target(sockets=sockets)\n  File \"/Users/zhongxuan/Desktop/demo3/qlib-web/backend/venv/lib/python3.13/site-packages/uvicorn/server.py\", line 67, in run\n    return asyncio.run(self.serve(sockets=sockets))\n  File \"/opt/homebrew/Cellar/python@3.13/3.13.5/Frameworks/Python.framework/Versions/3.13/lib/python3.13/asyncio/runners.py\", line 195, in run\n    return runner.run(main)\n  File \"/opt/homebrew/Cellar/python@3.13/3.13.5/Frameworks/Python.framework/Versions/3.13/lib/python3.13/asyncio/runners.py\", line 118, in run\n    return self._loop.run_until_complete(task)\n  File \"/opt/homebrew/Cellar/python@3.13/3.13.5/Frameworks/Python.framework/Versions/3.13/lib/python3.13/asyncio/base_events.py\", line 712, in run_until_complete\n    self.run_forever()\n  File \"/opt/homebrew/Cellar/python@3.13/3.13.5/Frameworks/Python.framework/Versions/3.13/lib/python3.13/asyncio/base_events.py\", line 683, in run_forever\n    self._run_once()\n  File \"/opt/homebrew/Cellar/python@3.13/3.13.5/Frameworks/Python.framework/Versions/3.13/lib/python3.13/asyncio/base_events.py\", line 2042, in _run_once\n    handle._run()\n  File \"/opt/homebrew/Cellar/python@3.13/3.13.5/Frameworks/Python.framework/Versions/3.13/lib/python3.13/asyncio/events.py\", line 89, in _run\n    self._context.run(self._callback, *self._args)\n  File \"/Users/zhongxuan/Desktop/demo3/qlib-web/backend/app/services/fault_recovery_service.py\", line 417, in _monitor_loop\n    await self._apply_recovery_rules()\n  File \"/Users/zhongxuan/Desktop/demo3/qlib-web/backend/app/services/fault_recovery_service.py\", line 462, in _apply_recovery_rules\n    await self._execute_recovery_rule(rule, service_name, health)\n  File \"/Users/zhongxuan/Desktop/demo3/qlib-web/backend/app/services/fault_recovery_service.py\", line 538, in _execute_recovery_rule\n    error_logging_service.log_warning(\n  File \"/Users/zhongxuan/Desktop/demo3/qlib-web/backend/app/services/error_logging_service.py\", line 409, in log_warning\n    return self.collector.collect_custom_error(\n  File \"/Users/zhongxuan/Desktop/demo3/qlib-web/backend/app/services/error_logging_service.py\", line 304, in collect_custom_error\n    stack_trace = ''.join(traceback.format_stack())\n", "request_id": null, "user_id": null, "endpoint": null, "method": null, "user_agent": null, "ip_address": null, "additional_context": {}}
2025-08-15 14:42:09,043 INFO sqlalchemy.engine.Engine BEGIN (implicit)
2025-08-15 14:42:09,043 - sqlalchemy.engine.Engine - INFO - BEGIN (implicit)
2025-08-15 14:42:09,045 INFO sqlalchemy.engine.Engine SELECT 1
2025-08-15 14:42:09,045 - sqlalchemy.engine.Engine - INFO - SELECT 1
2025-08-15 14:42:09,045 INFO sqlalchemy.engine.Engine [cached since 3400s ago] {}
2025-08-15 14:42:09,045 - sqlalchemy.engine.Engine - INFO - [cached since 3400s ago] {}
2025-08-15 14:42:10,054 INFO sqlalchemy.engine.Engine BEGIN (implicit)
2025-08-15 14:42:10,054 - sqlalchemy.engine.Engine - INFO - BEGIN (implicit)
2025-08-15 14:42:10,055 INFO sqlalchemy.engine.Engine SELECT 1
2025-08-15 14:42:10,055 - sqlalchemy.engine.Engine - INFO - SELECT 1
2025-08-15 14:42:10,055 INFO sqlalchemy.engine.Engine [cached since 3401s ago] {}
2025-08-15 14:42:10,055 - sqlalchemy.engine.Engine - INFO - [cached since 3401s ago] {}
2025-08-15 14:42:12,061 INFO sqlalchemy.engine.Engine BEGIN (implicit)
2025-08-15 14:42:12,061 - sqlalchemy.engine.Engine - INFO - BEGIN (implicit)
2025-08-15 14:42:12,062 INFO sqlalchemy.engine.Engine SELECT 1
2025-08-15 14:42:12,062 - sqlalchemy.engine.Engine - INFO - SELECT 1
2025-08-15 14:42:12,062 INFO sqlalchemy.engine.Engine [cached since 3403s ago] {}
2025-08-15 14:42:12,062 - sqlalchemy.engine.Engine - INFO - [cached since 3403s ago] {}
2025-08-15 14:42:13,088 INFO sqlalchemy.engine.Engine BEGIN (implicit)
2025-08-15 14:42:13,088 - sqlalchemy.engine.Engine - INFO - BEGIN (implicit)
2025-08-15 14:42:13,089 INFO sqlalchemy.engine.Engine SELECT 1
2025-08-15 14:42:13,089 - sqlalchemy.engine.Engine - INFO - SELECT 1
2025-08-15 14:42:13,089 INFO sqlalchemy.engine.Engine [cached since 3404s ago] {}
2025-08-15 14:42:13,089 - sqlalchemy.engine.Engine - INFO - [cached since 3404s ago] {}
2025-08-15 14:42:44,105 INFO sqlalchemy.engine.Engine BEGIN (implicit)
2025-08-15 14:42:44,105 - sqlalchemy.engine.Engine - INFO - BEGIN (implicit)
2025-08-15 14:42:44,106 INFO sqlalchemy.engine.Engine SELECT 1
2025-08-15 14:42:44,106 - sqlalchemy.engine.Engine - INFO - SELECT 1
2025-08-15 14:42:44,106 INFO sqlalchemy.engine.Engine [cached since 3435s ago] {}
2025-08-15 14:42:44,106 - sqlalchemy.engine.Engine - INFO - [cached since 3435s ago] {}
2025-08-15 14:42:45,121 INFO sqlalchemy.engine.Engine BEGIN (implicit)
2025-08-15 14:42:45,121 - sqlalchemy.engine.Engine - INFO - BEGIN (implicit)
2025-08-15 14:42:45,122 INFO sqlalchemy.engine.Engine SELECT 1
2025-08-15 14:42:45,122 - sqlalchemy.engine.Engine - INFO - SELECT 1
2025-08-15 14:42:45,122 INFO sqlalchemy.engine.Engine [cached since 3436s ago] {}
2025-08-15 14:42:45,122 - sqlalchemy.engine.Engine - INFO - [cached since 3436s ago] {}
2025-08-15 14:42:47,143 INFO sqlalchemy.engine.Engine BEGIN (implicit)
2025-08-15 14:42:47,143 - sqlalchemy.engine.Engine - INFO - BEGIN (implicit)
2025-08-15 14:42:47,143 INFO sqlalchemy.engine.Engine SELECT 1
2025-08-15 14:42:47,143 - sqlalchemy.engine.Engine - INFO - SELECT 1
2025-08-15 14:42:47,143 INFO sqlalchemy.engine.Engine [cached since 3438s ago] {}
2025-08-15 14:42:47,143 - sqlalchemy.engine.Engine - INFO - [cached since 3438s ago] {}
2025-08-15 14:42:48,163 INFO sqlalchemy.engine.Engine BEGIN (implicit)
2025-08-15 14:42:48,163 - sqlalchemy.engine.Engine - INFO - BEGIN (implicit)
2025-08-15 14:42:48,163 INFO sqlalchemy.engine.Engine SELECT 1
2025-08-15 14:42:48,163 - sqlalchemy.engine.Engine - INFO - SELECT 1
2025-08-15 14:42:48,163 INFO sqlalchemy.engine.Engine [cached since 3439s ago] {}
2025-08-15 14:42:48,163 - sqlalchemy.engine.Engine - INFO - [cached since 3439s ago] {}
2025-08-15 14:43:19,188 INFO sqlalchemy.engine.Engine BEGIN (implicit)
2025-08-15 14:43:19,188 - sqlalchemy.engine.Engine - INFO - BEGIN (implicit)
2025-08-15 14:43:19,190 INFO sqlalchemy.engine.Engine SELECT 1
2025-08-15 14:43:19,190 - sqlalchemy.engine.Engine - INFO - SELECT 1
2025-08-15 14:43:19,190 INFO sqlalchemy.engine.Engine [cached since 3470s ago] {}
2025-08-15 14:43:19,190 - sqlalchemy.engine.Engine - INFO - [cached since 3470s ago] {}
2025-08-15 14:43:20,205 INFO sqlalchemy.engine.Engine BEGIN (implicit)
2025-08-15 14:43:20,205 - sqlalchemy.engine.Engine - INFO - BEGIN (implicit)
2025-08-15 14:43:20,206 INFO sqlalchemy.engine.Engine SELECT 1
2025-08-15 14:43:20,206 - sqlalchemy.engine.Engine - INFO - SELECT 1
2025-08-15 14:43:20,206 INFO sqlalchemy.engine.Engine [cached since 3471s ago] {}
2025-08-15 14:43:20,206 - sqlalchemy.engine.Engine - INFO - [cached since 3471s ago] {}
2025-08-15 14:43:22,227 INFO sqlalchemy.engine.Engine BEGIN (implicit)
2025-08-15 14:43:22,227 - sqlalchemy.engine.Engine - INFO - BEGIN (implicit)
2025-08-15 14:43:22,227 INFO sqlalchemy.engine.Engine SELECT 1
2025-08-15 14:43:22,227 - sqlalchemy.engine.Engine - INFO - SELECT 1
2025-08-15 14:43:22,227 INFO sqlalchemy.engine.Engine [cached since 3473s ago] {}
2025-08-15 14:43:22,227 - sqlalchemy.engine.Engine - INFO - [cached since 3473s ago] {}
2025-08-15 14:43:23,243 INFO sqlalchemy.engine.Engine BEGIN (implicit)
2025-08-15 14:43:23,243 - sqlalchemy.engine.Engine - INFO - BEGIN (implicit)
2025-08-15 14:43:23,243 INFO sqlalchemy.engine.Engine SELECT 1
2025-08-15 14:43:23,243 - sqlalchemy.engine.Engine - INFO - SELECT 1
2025-08-15 14:43:23,243 INFO sqlalchemy.engine.Engine [cached since 3474s ago] {}
2025-08-15 14:43:23,243 - sqlalchemy.engine.Engine - INFO - [cached since 3474s ago] {}
2025-08-15 14:43:54,264 INFO sqlalchemy.engine.Engine BEGIN (implicit)
2025-08-15 14:43:54,264 - sqlalchemy.engine.Engine - INFO - BEGIN (implicit)
2025-08-15 14:43:54,265 INFO sqlalchemy.engine.Engine SELECT 1
2025-08-15 14:43:54,265 - sqlalchemy.engine.Engine - INFO - SELECT 1
2025-08-15 14:43:54,265 INFO sqlalchemy.engine.Engine [cached since 3505s ago] {}
2025-08-15 14:43:54,265 - sqlalchemy.engine.Engine - INFO - [cached since 3505s ago] {}
2025-08-15 14:43:55,279 INFO sqlalchemy.engine.Engine BEGIN (implicit)
2025-08-15 14:43:55,279 - sqlalchemy.engine.Engine - INFO - BEGIN (implicit)
2025-08-15 14:43:55,279 INFO sqlalchemy.engine.Engine SELECT 1
2025-08-15 14:43:55,279 - sqlalchemy.engine.Engine - INFO - SELECT 1
2025-08-15 14:43:55,279 INFO sqlalchemy.engine.Engine [cached since 3506s ago] {}
2025-08-15 14:43:55,279 - sqlalchemy.engine.Engine - INFO - [cached since 3506s ago] {}
2025-08-15 14:43:57,297 INFO sqlalchemy.engine.Engine BEGIN (implicit)
2025-08-15 14:43:57,297 - sqlalchemy.engine.Engine - INFO - BEGIN (implicit)
2025-08-15 14:43:57,297 INFO sqlalchemy.engine.Engine SELECT 1
2025-08-15 14:43:57,297 - sqlalchemy.engine.Engine - INFO - SELECT 1
2025-08-15 14:43:57,297 INFO sqlalchemy.engine.Engine [cached since 3508s ago] {}
2025-08-15 14:43:57,297 - sqlalchemy.engine.Engine - INFO - [cached since 3508s ago] {}
2025-08-15 14:43:58,310 INFO sqlalchemy.engine.Engine BEGIN (implicit)
2025-08-15 14:43:58,310 - sqlalchemy.engine.Engine - INFO - BEGIN (implicit)
2025-08-15 14:43:58,310 INFO sqlalchemy.engine.Engine SELECT 1
2025-08-15 14:43:58,310 - sqlalchemy.engine.Engine - INFO - SELECT 1
2025-08-15 14:43:58,310 INFO sqlalchemy.engine.Engine [cached since 3509s ago] {}
2025-08-15 14:43:58,310 - sqlalchemy.engine.Engine - INFO - [cached since 3509s ago] {}
2025-08-15 14:44:02,009 - error_collector - ERROR - {"timestamp": "2025-08-15T14:44:02.008980", "level": "warning", "category": "system", "message": "服务 database 已自动恢复正常", "exception_type": "CustomError", "stack_trace": "  File \"<string>\", line 1, in <module>\n    from multiprocessing.spawn import spawn_main; spawn_main(tracker_fd=5, pipe_handle=7)\n  File \"/opt/homebrew/Cellar/python@3.13/3.13.5/Frameworks/Python.framework/Versions/3.13/lib/python3.13/multiprocessing/spawn.py\", line 122, in spawn_main\n    exitcode = _main(fd, parent_sentinel)\n  File \"/opt/homebrew/Cellar/python@3.13/3.13.5/Frameworks/Python.framework/Versions/3.13/lib/python3.13/multiprocessing/spawn.py\", line 135, in _main\n    return self._bootstrap(parent_sentinel)\n  File \"/opt/homebrew/Cellar/python@3.13/3.13.5/Frameworks/Python.framework/Versions/3.13/lib/python3.13/multiprocessing/process.py\", line 313, in _bootstrap\n    self.run()\n  File \"/opt/homebrew/Cellar/python@3.13/3.13.5/Frameworks/Python.framework/Versions/3.13/lib/python3.13/multiprocessing/process.py\", line 108, in run\n    self._target(*self._args, **self._kwargs)\n  File \"/Users/zhongxuan/Desktop/demo3/qlib-web/backend/venv/lib/python3.13/site-packages/uvicorn/_subprocess.py\", line 80, in subprocess_started\n    target(sockets=sockets)\n  File \"/Users/zhongxuan/Desktop/demo3/qlib-web/backend/venv/lib/python3.13/site-packages/uvicorn/server.py\", line 67, in run\n    return asyncio.run(self.serve(sockets=sockets))\n  File \"/opt/homebrew/Cellar/python@3.13/3.13.5/Frameworks/Python.framework/Versions/3.13/lib/python3.13/asyncio/runners.py\", line 195, in run\n    return runner.run(main)\n  File \"/opt/homebrew/Cellar/python@3.13/3.13.5/Frameworks/Python.framework/Versions/3.13/lib/python3.13/asyncio/runners.py\", line 118, in run\n    return self._loop.run_until_complete(task)\n  File \"/opt/homebrew/Cellar/python@3.13/3.13.5/Frameworks/Python.framework/Versions/3.13/lib/python3.13/asyncio/base_events.py\", line 712, in run_until_complete\n    self.run_forever()\n  File \"/opt/homebrew/Cellar/python@3.13/3.13.5/Frameworks/Python.framework/Versions/3.13/lib/python3.13/asyncio/base_events.py\", line 683, in run_forever\n    self._run_once()\n  File \"/opt/homebrew/Cellar/python@3.13/3.13.5/Frameworks/Python.framework/Versions/3.13/lib/python3.13/asyncio/base_events.py\", line 2042, in _run_once\n    handle._run()\n  File \"/opt/homebrew/Cellar/python@3.13/3.13.5/Frameworks/Python.framework/Versions/3.13/lib/python3.13/asyncio/events.py\", line 89, in _run\n    self._context.run(self._callback, *self._args)\n  File \"/Users/zhongxuan/Desktop/demo3/qlib-web/backend/app/services/graceful_degradation_service.py\", line 344, in _monitoring_loop\n    await self._apply_degradation_rules()\n  File \"/Users/zhongxuan/Desktop/demo3/qlib-web/backend/app/services/graceful_degradation_service.py\", line 418, in _apply_degradation_rules\n    await self._attempt_service_recovery(rule, service_status)\n  File \"/Users/zhongxuan/Desktop/demo3/qlib-web/backend/app/services/graceful_degradation_service.py\", line 502, in _attempt_service_recovery\n    error_logging_service.log_warning(\n  File \"/Users/zhongxuan/Desktop/demo3/qlib-web/backend/app/services/error_logging_service.py\", line 409, in log_warning\n    return self.collector.collect_custom_error(\n  File \"/Users/zhongxuan/Desktop/demo3/qlib-web/backend/app/services/error_logging_service.py\", line 304, in collect_custom_error\n    stack_trace = ''.join(traceback.format_stack())\n", "request_id": null, "user_id": null, "endpoint": null, "method": null, "user_agent": null, "ip_address": null, "additional_context": {}}
2025-08-15 14:44:29,329 INFO sqlalchemy.engine.Engine BEGIN (implicit)
2025-08-15 14:44:29,329 - sqlalchemy.engine.Engine - INFO - BEGIN (implicit)
2025-08-15 14:44:29,330 INFO sqlalchemy.engine.Engine SELECT 1
2025-08-15 14:44:29,330 - sqlalchemy.engine.Engine - INFO - SELECT 1
2025-08-15 14:44:29,330 INFO sqlalchemy.engine.Engine [cached since 3540s ago] {}
2025-08-15 14:44:29,330 - sqlalchemy.engine.Engine - INFO - [cached since 3540s ago] {}
2025-08-15 14:44:30,344 INFO sqlalchemy.engine.Engine BEGIN (implicit)
2025-08-15 14:44:30,344 - sqlalchemy.engine.Engine - INFO - BEGIN (implicit)
2025-08-15 14:44:30,345 INFO sqlalchemy.engine.Engine SELECT 1
2025-08-15 14:44:30,345 - sqlalchemy.engine.Engine - INFO - SELECT 1
2025-08-15 14:44:30,345 INFO sqlalchemy.engine.Engine [cached since 3541s ago] {}
2025-08-15 14:44:30,345 - sqlalchemy.engine.Engine - INFO - [cached since 3541s ago] {}
2025-08-15 14:44:32,357 INFO sqlalchemy.engine.Engine BEGIN (implicit)
2025-08-15 14:44:32,357 - sqlalchemy.engine.Engine - INFO - BEGIN (implicit)
2025-08-15 14:44:32,358 INFO sqlalchemy.engine.Engine SELECT 1
2025-08-15 14:44:32,358 - sqlalchemy.engine.Engine - INFO - SELECT 1
2025-08-15 14:44:32,358 INFO sqlalchemy.engine.Engine [cached since 3543s ago] {}
2025-08-15 14:44:32,358 - sqlalchemy.engine.Engine - INFO - [cached since 3543s ago] {}
2025-08-15 14:44:33,374 INFO sqlalchemy.engine.Engine BEGIN (implicit)
2025-08-15 14:44:33,374 - sqlalchemy.engine.Engine - INFO - BEGIN (implicit)
2025-08-15 14:44:33,374 INFO sqlalchemy.engine.Engine SELECT 1
2025-08-15 14:44:33,374 - sqlalchemy.engine.Engine - INFO - SELECT 1
2025-08-15 14:44:33,374 INFO sqlalchemy.engine.Engine [cached since 3544s ago] {}
2025-08-15 14:44:33,374 - sqlalchemy.engine.Engine - INFO - [cached since 3544s ago] {}
2025-08-15 14:45:02,013 - error_collector - ERROR - {"timestamp": "2025-08-15T14:45:02.012820", "level": "warning", "category": "system", "message": "服务 database 已降级至 moderate 级别", "exception_type": "CustomError", "stack_trace": "  File \"<string>\", line 1, in <module>\n    from multiprocessing.spawn import spawn_main; spawn_main(tracker_fd=5, pipe_handle=7)\n  File \"/opt/homebrew/Cellar/python@3.13/3.13.5/Frameworks/Python.framework/Versions/3.13/lib/python3.13/multiprocessing/spawn.py\", line 122, in spawn_main\n    exitcode = _main(fd, parent_sentinel)\n  File \"/opt/homebrew/Cellar/python@3.13/3.13.5/Frameworks/Python.framework/Versions/3.13/lib/python3.13/multiprocessing/spawn.py\", line 135, in _main\n    return self._bootstrap(parent_sentinel)\n  File \"/opt/homebrew/Cellar/python@3.13/3.13.5/Frameworks/Python.framework/Versions/3.13/lib/python3.13/multiprocessing/process.py\", line 313, in _bootstrap\n    self.run()\n  File \"/opt/homebrew/Cellar/python@3.13/3.13.5/Frameworks/Python.framework/Versions/3.13/lib/python3.13/multiprocessing/process.py\", line 108, in run\n    self._target(*self._args, **self._kwargs)\n  File \"/Users/zhongxuan/Desktop/demo3/qlib-web/backend/venv/lib/python3.13/site-packages/uvicorn/_subprocess.py\", line 80, in subprocess_started\n    target(sockets=sockets)\n  File \"/Users/zhongxuan/Desktop/demo3/qlib-web/backend/venv/lib/python3.13/site-packages/uvicorn/server.py\", line 67, in run\n    return asyncio.run(self.serve(sockets=sockets))\n  File \"/opt/homebrew/Cellar/python@3.13/3.13.5/Frameworks/Python.framework/Versions/3.13/lib/python3.13/asyncio/runners.py\", line 195, in run\n    return runner.run(main)\n  File \"/opt/homebrew/Cellar/python@3.13/3.13.5/Frameworks/Python.framework/Versions/3.13/lib/python3.13/asyncio/runners.py\", line 118, in run\n    return self._loop.run_until_complete(task)\n  File \"/opt/homebrew/Cellar/python@3.13/3.13.5/Frameworks/Python.framework/Versions/3.13/lib/python3.13/asyncio/base_events.py\", line 712, in run_until_complete\n    self.run_forever()\n  File \"/opt/homebrew/Cellar/python@3.13/3.13.5/Frameworks/Python.framework/Versions/3.13/lib/python3.13/asyncio/base_events.py\", line 683, in run_forever\n    self._run_once()\n  File \"/opt/homebrew/Cellar/python@3.13/3.13.5/Frameworks/Python.framework/Versions/3.13/lib/python3.13/asyncio/base_events.py\", line 2042, in _run_once\n    handle._run()\n  File \"/opt/homebrew/Cellar/python@3.13/3.13.5/Frameworks/Python.framework/Versions/3.13/lib/python3.13/asyncio/events.py\", line 89, in _run\n    self._context.run(self._callback, *self._args)\n  File \"/Users/zhongxuan/Desktop/demo3/qlib-web/backend/app/services/graceful_degradation_service.py\", line 344, in _monitoring_loop\n    await self._apply_degradation_rules()\n  File \"/Users/zhongxuan/Desktop/demo3/qlib-web/backend/app/services/graceful_degradation_service.py\", line 414, in _apply_degradation_rules\n    await self._apply_degradation(rule, service_status)\n  File \"/Users/zhongxuan/Desktop/demo3/qlib-web/backend/app/services/graceful_degradation_service.py\", line 461, in _apply_degradation\n    error_logging_service.log_warning(\n  File \"/Users/zhongxuan/Desktop/demo3/qlib-web/backend/app/services/error_logging_service.py\", line 409, in log_warning\n    return self.collector.collect_custom_error(\n  File \"/Users/zhongxuan/Desktop/demo3/qlib-web/backend/app/services/error_logging_service.py\", line 304, in collect_custom_error\n    stack_trace = ''.join(traceback.format_stack())\n", "request_id": null, "user_id": null, "endpoint": null, "method": null, "user_agent": null, "ip_address": null, "additional_context": {}}
2025-08-15 14:47:09,427 - error_collector - ERROR - {"timestamp": "2025-08-15T14:47:09.426949", "level": "warning", "category": "system", "message": "服务 database 已自动恢复正常", "exception_type": "CustomError", "stack_trace": "  File \"<string>\", line 1, in <module>\n    from multiprocessing.spawn import spawn_main; spawn_main(tracker_fd=5, pipe_handle=7)\n  File \"/opt/homebrew/Cellar/python@3.13/3.13.5/Frameworks/Python.framework/Versions/3.13/lib/python3.13/multiprocessing/spawn.py\", line 122, in spawn_main\n    exitcode = _main(fd, parent_sentinel)\n  File \"/opt/homebrew/Cellar/python@3.13/3.13.5/Frameworks/Python.framework/Versions/3.13/lib/python3.13/multiprocessing/spawn.py\", line 135, in _main\n    return self._bootstrap(parent_sentinel)\n  File \"/opt/homebrew/Cellar/python@3.13/3.13.5/Frameworks/Python.framework/Versions/3.13/lib/python3.13/multiprocessing/process.py\", line 313, in _bootstrap\n    self.run()\n  File \"/opt/homebrew/Cellar/python@3.13/3.13.5/Frameworks/Python.framework/Versions/3.13/lib/python3.13/multiprocessing/process.py\", line 108, in run\n    self._target(*self._args, **self._kwargs)\n  File \"/Users/zhongxuan/Desktop/demo3/qlib-web/backend/venv/lib/python3.13/site-packages/uvicorn/_subprocess.py\", line 80, in subprocess_started\n    target(sockets=sockets)\n  File \"/Users/zhongxuan/Desktop/demo3/qlib-web/backend/venv/lib/python3.13/site-packages/uvicorn/server.py\", line 67, in run\n    return asyncio.run(self.serve(sockets=sockets))\n  File \"/opt/homebrew/Cellar/python@3.13/3.13.5/Frameworks/Python.framework/Versions/3.13/lib/python3.13/asyncio/runners.py\", line 195, in run\n    return runner.run(main)\n  File \"/opt/homebrew/Cellar/python@3.13/3.13.5/Frameworks/Python.framework/Versions/3.13/lib/python3.13/asyncio/runners.py\", line 118, in run\n    return self._loop.run_until_complete(task)\n  File \"/opt/homebrew/Cellar/python@3.13/3.13.5/Frameworks/Python.framework/Versions/3.13/lib/python3.13/asyncio/base_events.py\", line 712, in run_until_complete\n    self.run_forever()\n  File \"/opt/homebrew/Cellar/python@3.13/3.13.5/Frameworks/Python.framework/Versions/3.13/lib/python3.13/asyncio/base_events.py\", line 683, in run_forever\n    self._run_once()\n  File \"/opt/homebrew/Cellar/python@3.13/3.13.5/Frameworks/Python.framework/Versions/3.13/lib/python3.13/asyncio/base_events.py\", line 2042, in _run_once\n    handle._run()\n  File \"/opt/homebrew/Cellar/python@3.13/3.13.5/Frameworks/Python.framework/Versions/3.13/lib/python3.13/asyncio/events.py\", line 89, in _run\n    self._context.run(self._callback, *self._args)\n  File \"/Users/zhongxuan/Desktop/demo3/qlib-web/backend/app/services/graceful_degradation_service.py\", line 344, in _monitoring_loop\n    await self._apply_degradation_rules()\n  File \"/Users/zhongxuan/Desktop/demo3/qlib-web/backend/app/services/graceful_degradation_service.py\", line 418, in _apply_degradation_rules\n    await self._attempt_service_recovery(rule, service_status)\n  File \"/Users/zhongxuan/Desktop/demo3/qlib-web/backend/app/services/graceful_degradation_service.py\", line 502, in _attempt_service_recovery\n    error_logging_service.log_warning(\n  File \"/Users/zhongxuan/Desktop/demo3/qlib-web/backend/app/services/error_logging_service.py\", line 409, in log_warning\n    return self.collector.collect_custom_error(\n  File \"/Users/zhongxuan/Desktop/demo3/qlib-web/backend/app/services/error_logging_service.py\", line 304, in collect_custom_error\n    stack_trace = ''.join(traceback.format_stack())\n", "request_id": null, "user_id": null, "endpoint": null, "method": null, "user_agent": null, "ip_address": null, "additional_context": {}}
2025-08-15 14:47:09,431 - error_collector - ERROR - {"timestamp": "2025-08-15T14:47:09.431299", "level": "warning", "category": "system", "message": "自动恢复成功: redis - 服务 redis 缓存清理成功", "exception_type": "CustomError", "stack_trace": "  File \"<string>\", line 1, in <module>\n    from multiprocessing.spawn import spawn_main; spawn_main(tracker_fd=5, pipe_handle=7)\n  File \"/opt/homebrew/Cellar/python@3.13/3.13.5/Frameworks/Python.framework/Versions/3.13/lib/python3.13/multiprocessing/spawn.py\", line 122, in spawn_main\n    exitcode = _main(fd, parent_sentinel)\n  File \"/opt/homebrew/Cellar/python@3.13/3.13.5/Frameworks/Python.framework/Versions/3.13/lib/python3.13/multiprocessing/spawn.py\", line 135, in _main\n    return self._bootstrap(parent_sentinel)\n  File \"/opt/homebrew/Cellar/python@3.13/3.13.5/Frameworks/Python.framework/Versions/3.13/lib/python3.13/multiprocessing/process.py\", line 313, in _bootstrap\n    self.run()\n  File \"/opt/homebrew/Cellar/python@3.13/3.13.5/Frameworks/Python.framework/Versions/3.13/lib/python3.13/multiprocessing/process.py\", line 108, in run\n    self._target(*self._args, **self._kwargs)\n  File \"/Users/zhongxuan/Desktop/demo3/qlib-web/backend/venv/lib/python3.13/site-packages/uvicorn/_subprocess.py\", line 80, in subprocess_started\n    target(sockets=sockets)\n  File \"/Users/zhongxuan/Desktop/demo3/qlib-web/backend/venv/lib/python3.13/site-packages/uvicorn/server.py\", line 67, in run\n    return asyncio.run(self.serve(sockets=sockets))\n  File \"/opt/homebrew/Cellar/python@3.13/3.13.5/Frameworks/Python.framework/Versions/3.13/lib/python3.13/asyncio/runners.py\", line 195, in run\n    return runner.run(main)\n  File \"/opt/homebrew/Cellar/python@3.13/3.13.5/Frameworks/Python.framework/Versions/3.13/lib/python3.13/asyncio/runners.py\", line 118, in run\n    return self._loop.run_until_complete(task)\n  File \"/opt/homebrew/Cellar/python@3.13/3.13.5/Frameworks/Python.framework/Versions/3.13/lib/python3.13/asyncio/base_events.py\", line 712, in run_until_complete\n    self.run_forever()\n  File \"/opt/homebrew/Cellar/python@3.13/3.13.5/Frameworks/Python.framework/Versions/3.13/lib/python3.13/asyncio/base_events.py\", line 683, in run_forever\n    self._run_once()\n  File \"/opt/homebrew/Cellar/python@3.13/3.13.5/Frameworks/Python.framework/Versions/3.13/lib/python3.13/asyncio/base_events.py\", line 2042, in _run_once\n    handle._run()\n  File \"/opt/homebrew/Cellar/python@3.13/3.13.5/Frameworks/Python.framework/Versions/3.13/lib/python3.13/asyncio/events.py\", line 89, in _run\n    self._context.run(self._callback, *self._args)\n  File \"/Users/zhongxuan/Desktop/demo3/qlib-web/backend/app/services/fault_recovery_service.py\", line 417, in _monitor_loop\n    await self._apply_recovery_rules()\n  File \"/Users/zhongxuan/Desktop/demo3/qlib-web/backend/app/services/fault_recovery_service.py\", line 462, in _apply_recovery_rules\n    await self._execute_recovery_rule(rule, service_name, health)\n  File \"/Users/zhongxuan/Desktop/demo3/qlib-web/backend/app/services/fault_recovery_service.py\", line 538, in _execute_recovery_rule\n    error_logging_service.log_warning(\n  File \"/Users/zhongxuan/Desktop/demo3/qlib-web/backend/app/services/error_logging_service.py\", line 409, in log_warning\n    return self.collector.collect_custom_error(\n  File \"/Users/zhongxuan/Desktop/demo3/qlib-web/backend/app/services/error_logging_service.py\", line 304, in collect_custom_error\n    stack_trace = ''.join(traceback.format_stack())\n", "request_id": null, "user_id": null, "endpoint": null, "method": null, "user_agent": null, "ip_address": null, "additional_context": {}}
2025-08-15 14:49:45,778 - error_collector - ERROR - {"timestamp": "2025-08-15T14:49:45.777353", "level": "warning", "category": "system", "message": "服务 database 已降级至 moderate 级别", "exception_type": "CustomError", "stack_trace": "  File \"<string>\", line 1, in <module>\n    from multiprocessing.spawn import spawn_main; spawn_main(tracker_fd=5, pipe_handle=7)\n  File \"/opt/homebrew/Cellar/python@3.13/3.13.5/Frameworks/Python.framework/Versions/3.13/lib/python3.13/multiprocessing/spawn.py\", line 122, in spawn_main\n    exitcode = _main(fd, parent_sentinel)\n  File \"/opt/homebrew/Cellar/python@3.13/3.13.5/Frameworks/Python.framework/Versions/3.13/lib/python3.13/multiprocessing/spawn.py\", line 135, in _main\n    return self._bootstrap(parent_sentinel)\n  File \"/opt/homebrew/Cellar/python@3.13/3.13.5/Frameworks/Python.framework/Versions/3.13/lib/python3.13/multiprocessing/process.py\", line 313, in _bootstrap\n    self.run()\n  File \"/opt/homebrew/Cellar/python@3.13/3.13.5/Frameworks/Python.framework/Versions/3.13/lib/python3.13/multiprocessing/process.py\", line 108, in run\n    self._target(*self._args, **self._kwargs)\n  File \"/Users/zhongxuan/Desktop/demo3/qlib-web/backend/venv/lib/python3.13/site-packages/uvicorn/_subprocess.py\", line 80, in subprocess_started\n    target(sockets=sockets)\n  File \"/Users/zhongxuan/Desktop/demo3/qlib-web/backend/venv/lib/python3.13/site-packages/uvicorn/server.py\", line 67, in run\n    return asyncio.run(self.serve(sockets=sockets))\n  File \"/opt/homebrew/Cellar/python@3.13/3.13.5/Frameworks/Python.framework/Versions/3.13/lib/python3.13/asyncio/runners.py\", line 195, in run\n    return runner.run(main)\n  File \"/opt/homebrew/Cellar/python@3.13/3.13.5/Frameworks/Python.framework/Versions/3.13/lib/python3.13/asyncio/runners.py\", line 118, in run\n    return self._loop.run_until_complete(task)\n  File \"/opt/homebrew/Cellar/python@3.13/3.13.5/Frameworks/Python.framework/Versions/3.13/lib/python3.13/asyncio/base_events.py\", line 712, in run_until_complete\n    self.run_forever()\n  File \"/opt/homebrew/Cellar/python@3.13/3.13.5/Frameworks/Python.framework/Versions/3.13/lib/python3.13/asyncio/base_events.py\", line 683, in run_forever\n    self._run_once()\n  File \"/opt/homebrew/Cellar/python@3.13/3.13.5/Frameworks/Python.framework/Versions/3.13/lib/python3.13/asyncio/base_events.py\", line 2042, in _run_once\n    handle._run()\n  File \"/opt/homebrew/Cellar/python@3.13/3.13.5/Frameworks/Python.framework/Versions/3.13/lib/python3.13/asyncio/events.py\", line 89, in _run\n    self._context.run(self._callback, *self._args)\n  File \"/Users/zhongxuan/Desktop/demo3/qlib-web/backend/app/services/graceful_degradation_service.py\", line 344, in _monitoring_loop\n    await self._apply_degradation_rules()\n  File \"/Users/zhongxuan/Desktop/demo3/qlib-web/backend/app/services/graceful_degradation_service.py\", line 414, in _apply_degradation_rules\n    await self._apply_degradation(rule, service_status)\n  File \"/Users/zhongxuan/Desktop/demo3/qlib-web/backend/app/services/graceful_degradation_service.py\", line 461, in _apply_degradation\n    error_logging_service.log_warning(\n  File \"/Users/zhongxuan/Desktop/demo3/qlib-web/backend/app/services/error_logging_service.py\", line 409, in log_warning\n    return self.collector.collect_custom_error(\n  File \"/Users/zhongxuan/Desktop/demo3/qlib-web/backend/app/services/error_logging_service.py\", line 304, in collect_custom_error\n    stack_trace = ''.join(traceback.format_stack())\n", "request_id": null, "user_id": null, "endpoint": null, "method": null, "user_agent": null, "ip_address": null, "additional_context": {}}
2025-08-15 14:51:19,908 INFO sqlalchemy.engine.Engine BEGIN (implicit)
2025-08-15 14:51:19,908 - sqlalchemy.engine.Engine - INFO - BEGIN (implicit)
2025-08-15 14:51:19,910 INFO sqlalchemy.engine.Engine SELECT 1
2025-08-15 14:51:19,910 - sqlalchemy.engine.Engine - INFO - SELECT 1
2025-08-15 14:51:19,910 INFO sqlalchemy.engine.Engine [cached since 3951s ago] {}
2025-08-15 14:51:19,910 - sqlalchemy.engine.Engine - INFO - [cached since 3951s ago] {}
2025-08-15 14:51:20,917 INFO sqlalchemy.engine.Engine BEGIN (implicit)
2025-08-15 14:51:20,917 - sqlalchemy.engine.Engine - INFO - BEGIN (implicit)
2025-08-15 14:51:20,918 INFO sqlalchemy.engine.Engine SELECT 1
2025-08-15 14:51:20,918 - sqlalchemy.engine.Engine - INFO - SELECT 1
2025-08-15 14:51:20,918 INFO sqlalchemy.engine.Engine [cached since 3952s ago] {}
2025-08-15 14:51:20,918 - sqlalchemy.engine.Engine - INFO - [cached since 3952s ago] {}
2025-08-15 14:51:21,931 - error_collector - ERROR - {"timestamp": "2025-08-15T14:51:21.931234", "level": "warning", "category": "system", "message": "自动恢复成功: redis - 服务 redis 缓存清理成功", "exception_type": "CustomError", "stack_trace": "  File \"<string>\", line 1, in <module>\n    from multiprocessing.spawn import spawn_main; spawn_main(tracker_fd=5, pipe_handle=7)\n  File \"/opt/homebrew/Cellar/python@3.13/3.13.5/Frameworks/Python.framework/Versions/3.13/lib/python3.13/multiprocessing/spawn.py\", line 122, in spawn_main\n    exitcode = _main(fd, parent_sentinel)\n  File \"/opt/homebrew/Cellar/python@3.13/3.13.5/Frameworks/Python.framework/Versions/3.13/lib/python3.13/multiprocessing/spawn.py\", line 135, in _main\n    return self._bootstrap(parent_sentinel)\n  File \"/opt/homebrew/Cellar/python@3.13/3.13.5/Frameworks/Python.framework/Versions/3.13/lib/python3.13/multiprocessing/process.py\", line 313, in _bootstrap\n    self.run()\n  File \"/opt/homebrew/Cellar/python@3.13/3.13.5/Frameworks/Python.framework/Versions/3.13/lib/python3.13/multiprocessing/process.py\", line 108, in run\n    self._target(*self._args, **self._kwargs)\n  File \"/Users/zhongxuan/Desktop/demo3/qlib-web/backend/venv/lib/python3.13/site-packages/uvicorn/_subprocess.py\", line 80, in subprocess_started\n    target(sockets=sockets)\n  File \"/Users/zhongxuan/Desktop/demo3/qlib-web/backend/venv/lib/python3.13/site-packages/uvicorn/server.py\", line 67, in run\n    return asyncio.run(self.serve(sockets=sockets))\n  File \"/opt/homebrew/Cellar/python@3.13/3.13.5/Frameworks/Python.framework/Versions/3.13/lib/python3.13/asyncio/runners.py\", line 195, in run\n    return runner.run(main)\n  File \"/opt/homebrew/Cellar/python@3.13/3.13.5/Frameworks/Python.framework/Versions/3.13/lib/python3.13/asyncio/runners.py\", line 118, in run\n    return self._loop.run_until_complete(task)\n  File \"/opt/homebrew/Cellar/python@3.13/3.13.5/Frameworks/Python.framework/Versions/3.13/lib/python3.13/asyncio/base_events.py\", line 712, in run_until_complete\n    self.run_forever()\n  File \"/opt/homebrew/Cellar/python@3.13/3.13.5/Frameworks/Python.framework/Versions/3.13/lib/python3.13/asyncio/base_events.py\", line 683, in run_forever\n    self._run_once()\n  File \"/opt/homebrew/Cellar/python@3.13/3.13.5/Frameworks/Python.framework/Versions/3.13/lib/python3.13/asyncio/base_events.py\", line 2042, in _run_once\n    handle._run()\n  File \"/opt/homebrew/Cellar/python@3.13/3.13.5/Frameworks/Python.framework/Versions/3.13/lib/python3.13/asyncio/events.py\", line 89, in _run\n    self._context.run(self._callback, *self._args)\n  File \"/Users/zhongxuan/Desktop/demo3/qlib-web/backend/app/services/fault_recovery_service.py\", line 417, in _monitor_loop\n    await self._apply_recovery_rules()\n  File \"/Users/zhongxuan/Desktop/demo3/qlib-web/backend/app/services/fault_recovery_service.py\", line 462, in _apply_recovery_rules\n    await self._execute_recovery_rule(rule, service_name, health)\n  File \"/Users/zhongxuan/Desktop/demo3/qlib-web/backend/app/services/fault_recovery_service.py\", line 538, in _execute_recovery_rule\n    error_logging_service.log_warning(\n  File \"/Users/zhongxuan/Desktop/demo3/qlib-web/backend/app/services/error_logging_service.py\", line 409, in log_warning\n    return self.collector.collect_custom_error(\n  File \"/Users/zhongxuan/Desktop/demo3/qlib-web/backend/app/services/error_logging_service.py\", line 304, in collect_custom_error\n    stack_trace = ''.join(traceback.format_stack())\n", "request_id": null, "user_id": null, "endpoint": null, "method": null, "user_agent": null, "ip_address": null, "additional_context": {}}
2025-08-15 14:51:53,935 INFO sqlalchemy.engine.Engine BEGIN (implicit)
2025-08-15 14:51:53,935 - sqlalchemy.engine.Engine - INFO - BEGIN (implicit)
2025-08-15 14:51:53,936 INFO sqlalchemy.engine.Engine SELECT 1
2025-08-15 14:51:53,936 - sqlalchemy.engine.Engine - INFO - SELECT 1
2025-08-15 14:51:53,936 INFO sqlalchemy.engine.Engine [cached since 3985s ago] {}
2025-08-15 14:51:53,936 - sqlalchemy.engine.Engine - INFO - [cached since 3985s ago] {}
2025-08-15 14:51:54,943 INFO sqlalchemy.engine.Engine BEGIN (implicit)
2025-08-15 14:51:54,943 - sqlalchemy.engine.Engine - INFO - BEGIN (implicit)
2025-08-15 14:51:54,944 INFO sqlalchemy.engine.Engine SELECT 1
2025-08-15 14:51:54,944 - sqlalchemy.engine.Engine - INFO - SELECT 1
2025-08-15 14:51:54,944 INFO sqlalchemy.engine.Engine [cached since 3986s ago] {}
2025-08-15 14:51:54,944 - sqlalchemy.engine.Engine - INFO - [cached since 3986s ago] {}
2025-08-15 14:51:56,952 INFO sqlalchemy.engine.Engine BEGIN (implicit)
2025-08-15 14:51:56,952 - sqlalchemy.engine.Engine - INFO - BEGIN (implicit)
2025-08-15 14:51:56,953 INFO sqlalchemy.engine.Engine SELECT 1
2025-08-15 14:51:56,953 - sqlalchemy.engine.Engine - INFO - SELECT 1
2025-08-15 14:51:56,953 INFO sqlalchemy.engine.Engine [cached since 3988s ago] {}
2025-08-15 14:51:56,953 - sqlalchemy.engine.Engine - INFO - [cached since 3988s ago] {}
2025-08-15 14:51:57,960 INFO sqlalchemy.engine.Engine BEGIN (implicit)
2025-08-15 14:51:57,960 - sqlalchemy.engine.Engine - INFO - BEGIN (implicit)
2025-08-15 14:51:57,961 INFO sqlalchemy.engine.Engine SELECT 1
2025-08-15 14:51:57,961 - sqlalchemy.engine.Engine - INFO - SELECT 1
2025-08-15 14:51:57,961 INFO sqlalchemy.engine.Engine [cached since 3989s ago] {}
2025-08-15 14:51:57,961 - sqlalchemy.engine.Engine - INFO - [cached since 3989s ago] {}
2025-08-15 14:51:58,968 - error_collector - ERROR - {"timestamp": "2025-08-15T14:51:58.967655", "level": "warning", "category": "system", "message": "自动恢复成功: database - 服务 database 重启成功", "exception_type": "CustomError", "stack_trace": "  File \"<string>\", line 1, in <module>\n    from multiprocessing.spawn import spawn_main; spawn_main(tracker_fd=5, pipe_handle=7)\n  File \"/opt/homebrew/Cellar/python@3.13/3.13.5/Frameworks/Python.framework/Versions/3.13/lib/python3.13/multiprocessing/spawn.py\", line 122, in spawn_main\n    exitcode = _main(fd, parent_sentinel)\n  File \"/opt/homebrew/Cellar/python@3.13/3.13.5/Frameworks/Python.framework/Versions/3.13/lib/python3.13/multiprocessing/spawn.py\", line 135, in _main\n    return self._bootstrap(parent_sentinel)\n  File \"/opt/homebrew/Cellar/python@3.13/3.13.5/Frameworks/Python.framework/Versions/3.13/lib/python3.13/multiprocessing/process.py\", line 313, in _bootstrap\n    self.run()\n  File \"/opt/homebrew/Cellar/python@3.13/3.13.5/Frameworks/Python.framework/Versions/3.13/lib/python3.13/multiprocessing/process.py\", line 108, in run\n    self._target(*self._args, **self._kwargs)\n  File \"/Users/zhongxuan/Desktop/demo3/qlib-web/backend/venv/lib/python3.13/site-packages/uvicorn/_subprocess.py\", line 80, in subprocess_started\n    target(sockets=sockets)\n  File \"/Users/zhongxuan/Desktop/demo3/qlib-web/backend/venv/lib/python3.13/site-packages/uvicorn/server.py\", line 67, in run\n    return asyncio.run(self.serve(sockets=sockets))\n  File \"/opt/homebrew/Cellar/python@3.13/3.13.5/Frameworks/Python.framework/Versions/3.13/lib/python3.13/asyncio/runners.py\", line 195, in run\n    return runner.run(main)\n  File \"/opt/homebrew/Cellar/python@3.13/3.13.5/Frameworks/Python.framework/Versions/3.13/lib/python3.13/asyncio/runners.py\", line 118, in run\n    return self._loop.run_until_complete(task)\n  File \"/opt/homebrew/Cellar/python@3.13/3.13.5/Frameworks/Python.framework/Versions/3.13/lib/python3.13/asyncio/base_events.py\", line 712, in run_until_complete\n    self.run_forever()\n  File \"/opt/homebrew/Cellar/python@3.13/3.13.5/Frameworks/Python.framework/Versions/3.13/lib/python3.13/asyncio/base_events.py\", line 683, in run_forever\n    self._run_once()\n  File \"/opt/homebrew/Cellar/python@3.13/3.13.5/Frameworks/Python.framework/Versions/3.13/lib/python3.13/asyncio/base_events.py\", line 2042, in _run_once\n    handle._run()\n  File \"/opt/homebrew/Cellar/python@3.13/3.13.5/Frameworks/Python.framework/Versions/3.13/lib/python3.13/asyncio/events.py\", line 89, in _run\n    self._context.run(self._callback, *self._args)\n  File \"/Users/zhongxuan/Desktop/demo3/qlib-web/backend/app/services/fault_recovery_service.py\", line 417, in _monitor_loop\n    await self._apply_recovery_rules()\n  File \"/Users/zhongxuan/Desktop/demo3/qlib-web/backend/app/services/fault_recovery_service.py\", line 462, in _apply_recovery_rules\n    await self._execute_recovery_rule(rule, service_name, health)\n  File \"/Users/zhongxuan/Desktop/demo3/qlib-web/backend/app/services/fault_recovery_service.py\", line 538, in _execute_recovery_rule\n    error_logging_service.log_warning(\n  File \"/Users/zhongxuan/Desktop/demo3/qlib-web/backend/app/services/error_logging_service.py\", line 409, in log_warning\n    return self.collector.collect_custom_error(\n  File \"/Users/zhongxuan/Desktop/demo3/qlib-web/backend/app/services/error_logging_service.py\", line 304, in collect_custom_error\n    stack_trace = ''.join(traceback.format_stack())\n", "request_id": null, "user_id": null, "endpoint": null, "method": null, "user_agent": null, "ip_address": null, "additional_context": {}}
2025-08-15 14:52:29,975 INFO sqlalchemy.engine.Engine BEGIN (implicit)
2025-08-15 14:52:29,975 - sqlalchemy.engine.Engine - INFO - BEGIN (implicit)
2025-08-15 14:52:29,977 INFO sqlalchemy.engine.Engine SELECT 1
2025-08-15 14:52:29,977 - sqlalchemy.engine.Engine - INFO - SELECT 1
2025-08-15 14:52:29,977 INFO sqlalchemy.engine.Engine [cached since 4021s ago] {}
2025-08-15 14:52:29,977 - sqlalchemy.engine.Engine - INFO - [cached since 4021s ago] {}
2025-08-15 14:52:30,981 INFO sqlalchemy.engine.Engine BEGIN (implicit)
2025-08-15 14:52:30,981 - sqlalchemy.engine.Engine - INFO - BEGIN (implicit)
2025-08-15 14:52:30,982 INFO sqlalchemy.engine.Engine SELECT 1
2025-08-15 14:52:30,982 - sqlalchemy.engine.Engine - INFO - SELECT 1
2025-08-15 14:52:30,982 INFO sqlalchemy.engine.Engine [cached since 4022s ago] {}
2025-08-15 14:52:30,982 - sqlalchemy.engine.Engine - INFO - [cached since 4022s ago] {}
2025-08-15 14:52:32,990 INFO sqlalchemy.engine.Engine BEGIN (implicit)
2025-08-15 14:52:32,990 - sqlalchemy.engine.Engine - INFO - BEGIN (implicit)
2025-08-15 14:52:32,990 INFO sqlalchemy.engine.Engine SELECT 1
2025-08-15 14:52:32,990 - sqlalchemy.engine.Engine - INFO - SELECT 1
2025-08-15 14:52:32,990 INFO sqlalchemy.engine.Engine [cached since 4024s ago] {}
2025-08-15 14:52:32,990 - sqlalchemy.engine.Engine - INFO - [cached since 4024s ago] {}
2025-08-15 14:52:33,999 INFO sqlalchemy.engine.Engine BEGIN (implicit)
2025-08-15 14:52:33,999 - sqlalchemy.engine.Engine - INFO - BEGIN (implicit)
2025-08-15 14:52:34,000 INFO sqlalchemy.engine.Engine SELECT 1
2025-08-15 14:52:34,000 - sqlalchemy.engine.Engine - INFO - SELECT 1
2025-08-15 14:52:34,000 INFO sqlalchemy.engine.Engine [cached since 4025s ago] {}
2025-08-15 14:52:34,000 - sqlalchemy.engine.Engine - INFO - [cached since 4025s ago] {}
2025-08-15 14:52:57.542 | INFO     | app.main:add_request_id:151 - Request completed: OPTIONS /api/v1/auth/login Status: 400 Time: 0.003s ID: 1e0749ef-8d9c-4d36-b232-fcd5137693e6
INFO:     127.0.0.1:49700 - "OPTIONS /api/v1/auth/login HTTP/1.1" 400 Bad Request
2025-08-15 14:53:05,015 INFO sqlalchemy.engine.Engine BEGIN (implicit)
2025-08-15 14:53:05,015 - sqlalchemy.engine.Engine - INFO - BEGIN (implicit)
2025-08-15 14:53:05,020 INFO sqlalchemy.engine.Engine SELECT 1
2025-08-15 14:53:05,020 - sqlalchemy.engine.Engine - INFO - SELECT 1
2025-08-15 14:53:05,020 INFO sqlalchemy.engine.Engine [cached since 4056s ago] {}
2025-08-15 14:53:05,020 - sqlalchemy.engine.Engine - INFO - [cached since 4056s ago] {}
2025-08-15 14:53:06,054 INFO sqlalchemy.engine.Engine BEGIN (implicit)
2025-08-15 14:53:06,054 - sqlalchemy.engine.Engine - INFO - BEGIN (implicit)
2025-08-15 14:53:06,054 INFO sqlalchemy.engine.Engine SELECT 1
2025-08-15 14:53:06,054 - sqlalchemy.engine.Engine - INFO - SELECT 1
2025-08-15 14:53:06,054 INFO sqlalchemy.engine.Engine [cached since 4057s ago] {}
2025-08-15 14:53:06,054 - sqlalchemy.engine.Engine - INFO - [cached since 4057s ago] {}
2025-08-15 14:53:08,075 INFO sqlalchemy.engine.Engine BEGIN (implicit)
2025-08-15 14:53:08,075 - sqlalchemy.engine.Engine - INFO - BEGIN (implicit)
2025-08-15 14:53:08,075 INFO sqlalchemy.engine.Engine SELECT 1
2025-08-15 14:53:08,075 - sqlalchemy.engine.Engine - INFO - SELECT 1
2025-08-15 14:53:08,075 INFO sqlalchemy.engine.Engine [cached since 4059s ago] {}
2025-08-15 14:53:08,075 - sqlalchemy.engine.Engine - INFO - [cached since 4059s ago] {}
2025-08-15 14:53:09,094 INFO sqlalchemy.engine.Engine BEGIN (implicit)
2025-08-15 14:53:09,094 - sqlalchemy.engine.Engine - INFO - BEGIN (implicit)
2025-08-15 14:53:09,094 INFO sqlalchemy.engine.Engine SELECT 1
2025-08-15 14:53:09,094 - sqlalchemy.engine.Engine - INFO - SELECT 1
2025-08-15 14:53:09,094 INFO sqlalchemy.engine.Engine [cached since 4060s ago] {}
2025-08-15 14:53:09,094 - sqlalchemy.engine.Engine - INFO - [cached since 4060s ago] {}
2025-08-15 14:53:40,126 INFO sqlalchemy.engine.Engine BEGIN (implicit)
2025-08-15 14:53:40,126 - sqlalchemy.engine.Engine - INFO - BEGIN (implicit)
2025-08-15 14:53:40,128 INFO sqlalchemy.engine.Engine SELECT 1
2025-08-15 14:53:40,128 - sqlalchemy.engine.Engine - INFO - SELECT 1
2025-08-15 14:53:40,128 INFO sqlalchemy.engine.Engine [cached since 4091s ago] {}
2025-08-15 14:53:40,128 - sqlalchemy.engine.Engine - INFO - [cached since 4091s ago] {}
2025-08-15 14:53:41,146 INFO sqlalchemy.engine.Engine BEGIN (implicit)
2025-08-15 14:53:41,146 - sqlalchemy.engine.Engine - INFO - BEGIN (implicit)
2025-08-15 14:53:41,147 INFO sqlalchemy.engine.Engine SELECT 1
2025-08-15 14:53:41,147 - sqlalchemy.engine.Engine - INFO - SELECT 1
2025-08-15 14:53:41,147 INFO sqlalchemy.engine.Engine [cached since 4092s ago] {}
2025-08-15 14:53:41,147 - sqlalchemy.engine.Engine - INFO - [cached since 4092s ago] {}
2025-08-15 14:53:43,166 INFO sqlalchemy.engine.Engine BEGIN (implicit)
2025-08-15 14:53:43,166 - sqlalchemy.engine.Engine - INFO - BEGIN (implicit)
2025-08-15 14:53:43,167 INFO sqlalchemy.engine.Engine SELECT 1
2025-08-15 14:53:43,167 - sqlalchemy.engine.Engine - INFO - SELECT 1
2025-08-15 14:53:43,167 INFO sqlalchemy.engine.Engine [cached since 4094s ago] {}
2025-08-15 14:53:43,167 - sqlalchemy.engine.Engine - INFO - [cached since 4094s ago] {}
2025-08-15 14:53:44,186 INFO sqlalchemy.engine.Engine BEGIN (implicit)
2025-08-15 14:53:44,186 - sqlalchemy.engine.Engine - INFO - BEGIN (implicit)
2025-08-15 14:53:44,187 INFO sqlalchemy.engine.Engine SELECT 1
2025-08-15 14:53:44,187 - sqlalchemy.engine.Engine - INFO - SELECT 1
2025-08-15 14:53:44,187 INFO sqlalchemy.engine.Engine [cached since 4095s ago] {}
2025-08-15 14:53:44,187 - sqlalchemy.engine.Engine - INFO - [cached since 4095s ago] {}
2025-08-15 14:53:44.195 | INFO     | app.main:add_request_id:151 - Request completed: OPTIONS /api/v1/auth/register Status: 400 Time: 0.002s ID: 1aac2bcd-c9df-4eb5-96a5-8e214b5f7cf1
INFO:     127.0.0.1:49922 - "OPTIONS /api/v1/auth/register HTTP/1.1" 400 Bad Request
2025-08-15 14:54:15,203 INFO sqlalchemy.engine.Engine BEGIN (implicit)
2025-08-15 14:54:15,203 - sqlalchemy.engine.Engine - INFO - BEGIN (implicit)
2025-08-15 14:54:15,204 INFO sqlalchemy.engine.Engine SELECT 1
2025-08-15 14:54:15,204 - sqlalchemy.engine.Engine - INFO - SELECT 1
2025-08-15 14:54:15,204 INFO sqlalchemy.engine.Engine [cached since 4126s ago] {}
2025-08-15 14:54:15,204 - sqlalchemy.engine.Engine - INFO - [cached since 4126s ago] {}
2025-08-15 14:54:16,216 INFO sqlalchemy.engine.Engine BEGIN (implicit)
2025-08-15 14:54:16,216 - sqlalchemy.engine.Engine - INFO - BEGIN (implicit)
2025-08-15 14:54:16,216 INFO sqlalchemy.engine.Engine SELECT 1
2025-08-15 14:54:16,216 - sqlalchemy.engine.Engine - INFO - SELECT 1
2025-08-15 14:54:16,217 INFO sqlalchemy.engine.Engine [cached since 4127s ago] {}
2025-08-15 14:54:16,217 - sqlalchemy.engine.Engine - INFO - [cached since 4127s ago] {}
2025-08-15 14:54:18,237 INFO sqlalchemy.engine.Engine BEGIN (implicit)
2025-08-15 14:54:18,237 - sqlalchemy.engine.Engine - INFO - BEGIN (implicit)
2025-08-15 14:54:18,237 INFO sqlalchemy.engine.Engine SELECT 1
2025-08-15 14:54:18,237 - sqlalchemy.engine.Engine - INFO - SELECT 1
2025-08-15 14:54:18,237 INFO sqlalchemy.engine.Engine [cached since 4129s ago] {}
2025-08-15 14:54:18,237 - sqlalchemy.engine.Engine - INFO - [cached since 4129s ago] {}
2025-08-15 14:54:19,250 INFO sqlalchemy.engine.Engine BEGIN (implicit)
2025-08-15 14:54:19,250 - sqlalchemy.engine.Engine - INFO - BEGIN (implicit)
2025-08-15 14:54:19,250 INFO sqlalchemy.engine.Engine SELECT 1
2025-08-15 14:54:19,250 - sqlalchemy.engine.Engine - INFO - SELECT 1
2025-08-15 14:54:19,251 INFO sqlalchemy.engine.Engine [cached since 4130s ago] {}
2025-08-15 14:54:19,251 - sqlalchemy.engine.Engine - INFO - [cached since 4130s ago] {}
2025-08-15 14:54:50,278 INFO sqlalchemy.engine.Engine BEGIN (implicit)
2025-08-15 14:54:50,278 - sqlalchemy.engine.Engine - INFO - BEGIN (implicit)
2025-08-15 14:54:50,280 INFO sqlalchemy.engine.Engine SELECT 1
2025-08-15 14:54:50,280 - sqlalchemy.engine.Engine - INFO - SELECT 1
2025-08-15 14:54:50,280 INFO sqlalchemy.engine.Engine [cached since 4161s ago] {}
2025-08-15 14:54:50,280 - sqlalchemy.engine.Engine - INFO - [cached since 4161s ago] {}
2025-08-15 14:54:51,299 INFO sqlalchemy.engine.Engine BEGIN (implicit)
2025-08-15 14:54:51,299 - sqlalchemy.engine.Engine - INFO - BEGIN (implicit)
2025-08-15 14:54:51,300 INFO sqlalchemy.engine.Engine SELECT 1
2025-08-15 14:54:51,300 - sqlalchemy.engine.Engine - INFO - SELECT 1
2025-08-15 14:54:51,300 INFO sqlalchemy.engine.Engine [cached since 4162s ago] {}
2025-08-15 14:54:51,300 - sqlalchemy.engine.Engine - INFO - [cached since 4162s ago] {}
2025-08-15 14:54:53,353 INFO sqlalchemy.engine.Engine BEGIN (implicit)
2025-08-15 14:54:53,353 - sqlalchemy.engine.Engine - INFO - BEGIN (implicit)
2025-08-15 14:54:53,354 INFO sqlalchemy.engine.Engine SELECT 1
2025-08-15 14:54:53,354 - sqlalchemy.engine.Engine - INFO - SELECT 1
2025-08-15 14:54:53,354 INFO sqlalchemy.engine.Engine [cached since 4164s ago] {}
2025-08-15 14:54:53,354 - sqlalchemy.engine.Engine - INFO - [cached since 4164s ago] {}
2025-08-15 14:54:54,370 INFO sqlalchemy.engine.Engine BEGIN (implicit)
2025-08-15 14:54:54,370 - sqlalchemy.engine.Engine - INFO - BEGIN (implicit)
2025-08-15 14:54:54,370 INFO sqlalchemy.engine.Engine SELECT 1
2025-08-15 14:54:54,370 - sqlalchemy.engine.Engine - INFO - SELECT 1
2025-08-15 14:54:54,370 INFO sqlalchemy.engine.Engine [cached since 4165s ago] {}
2025-08-15 14:54:54,370 - sqlalchemy.engine.Engine - INFO - [cached since 4165s ago] {}
2025-08-15 14:55:21,940 - error_collector - ERROR - {"timestamp": "2025-08-15T14:55:21.939927", "level": "warning", "category": "system", "message": "服务 database 已自动恢复正常", "exception_type": "CustomError", "stack_trace": "  File \"<string>\", line 1, in <module>\n    from multiprocessing.spawn import spawn_main; spawn_main(tracker_fd=5, pipe_handle=7)\n  File \"/opt/homebrew/Cellar/python@3.13/3.13.5/Frameworks/Python.framework/Versions/3.13/lib/python3.13/multiprocessing/spawn.py\", line 122, in spawn_main\n    exitcode = _main(fd, parent_sentinel)\n  File \"/opt/homebrew/Cellar/python@3.13/3.13.5/Frameworks/Python.framework/Versions/3.13/lib/python3.13/multiprocessing/spawn.py\", line 135, in _main\n    return self._bootstrap(parent_sentinel)\n  File \"/opt/homebrew/Cellar/python@3.13/3.13.5/Frameworks/Python.framework/Versions/3.13/lib/python3.13/multiprocessing/process.py\", line 313, in _bootstrap\n    self.run()\n  File \"/opt/homebrew/Cellar/python@3.13/3.13.5/Frameworks/Python.framework/Versions/3.13/lib/python3.13/multiprocessing/process.py\", line 108, in run\n    self._target(*self._args, **self._kwargs)\n  File \"/Users/zhongxuan/Desktop/demo3/qlib-web/backend/venv/lib/python3.13/site-packages/uvicorn/_subprocess.py\", line 80, in subprocess_started\n    target(sockets=sockets)\n  File \"/Users/zhongxuan/Desktop/demo3/qlib-web/backend/venv/lib/python3.13/site-packages/uvicorn/server.py\", line 67, in run\n    return asyncio.run(self.serve(sockets=sockets))\n  File \"/opt/homebrew/Cellar/python@3.13/3.13.5/Frameworks/Python.framework/Versions/3.13/lib/python3.13/asyncio/runners.py\", line 195, in run\n    return runner.run(main)\n  File \"/opt/homebrew/Cellar/python@3.13/3.13.5/Frameworks/Python.framework/Versions/3.13/lib/python3.13/asyncio/runners.py\", line 118, in run\n    return self._loop.run_until_complete(task)\n  File \"/opt/homebrew/Cellar/python@3.13/3.13.5/Frameworks/Python.framework/Versions/3.13/lib/python3.13/asyncio/base_events.py\", line 712, in run_until_complete\n    self.run_forever()\n  File \"/opt/homebrew/Cellar/python@3.13/3.13.5/Frameworks/Python.framework/Versions/3.13/lib/python3.13/asyncio/base_events.py\", line 683, in run_forever\n    self._run_once()\n  File \"/opt/homebrew/Cellar/python@3.13/3.13.5/Frameworks/Python.framework/Versions/3.13/lib/python3.13/asyncio/base_events.py\", line 2042, in _run_once\n    handle._run()\n  File \"/opt/homebrew/Cellar/python@3.13/3.13.5/Frameworks/Python.framework/Versions/3.13/lib/python3.13/asyncio/events.py\", line 89, in _run\n    self._context.run(self._callback, *self._args)\n  File \"/Users/zhongxuan/Desktop/demo3/qlib-web/backend/app/services/graceful_degradation_service.py\", line 344, in _monitoring_loop\n    await self._apply_degradation_rules()\n  File \"/Users/zhongxuan/Desktop/demo3/qlib-web/backend/app/services/graceful_degradation_service.py\", line 418, in _apply_degradation_rules\n    await self._attempt_service_recovery(rule, service_status)\n  File \"/Users/zhongxuan/Desktop/demo3/qlib-web/backend/app/services/graceful_degradation_service.py\", line 502, in _attempt_service_recovery\n    error_logging_service.log_warning(\n  File \"/Users/zhongxuan/Desktop/demo3/qlib-web/backend/app/services/error_logging_service.py\", line 409, in log_warning\n    return self.collector.collect_custom_error(\n  File \"/Users/zhongxuan/Desktop/demo3/qlib-web/backend/app/services/error_logging_service.py\", line 304, in collect_custom_error\n    stack_trace = ''.join(traceback.format_stack())\n", "request_id": null, "user_id": null, "endpoint": null, "method": null, "user_agent": null, "ip_address": null, "additional_context": {}}
2025-08-15 14:57:30,425 - error_collector - ERROR - {"timestamp": "2025-08-15T14:57:30.424230", "level": "warning", "category": "system", "message": "自动恢复成功: redis - 服务 redis 缓存清理成功", "exception_type": "CustomError", "stack_trace": "  File \"<string>\", line 1, in <module>\n    from multiprocessing.spawn import spawn_main; spawn_main(tracker_fd=5, pipe_handle=7)\n  File \"/opt/homebrew/Cellar/python@3.13/3.13.5/Frameworks/Python.framework/Versions/3.13/lib/python3.13/multiprocessing/spawn.py\", line 122, in spawn_main\n    exitcode = _main(fd, parent_sentinel)\n  File \"/opt/homebrew/Cellar/python@3.13/3.13.5/Frameworks/Python.framework/Versions/3.13/lib/python3.13/multiprocessing/spawn.py\", line 135, in _main\n    return self._bootstrap(parent_sentinel)\n  File \"/opt/homebrew/Cellar/python@3.13/3.13.5/Frameworks/Python.framework/Versions/3.13/lib/python3.13/multiprocessing/process.py\", line 313, in _bootstrap\n    self.run()\n  File \"/opt/homebrew/Cellar/python@3.13/3.13.5/Frameworks/Python.framework/Versions/3.13/lib/python3.13/multiprocessing/process.py\", line 108, in run\n    self._target(*self._args, **self._kwargs)\n  File \"/Users/zhongxuan/Desktop/demo3/qlib-web/backend/venv/lib/python3.13/site-packages/uvicorn/_subprocess.py\", line 80, in subprocess_started\n    target(sockets=sockets)\n  File \"/Users/zhongxuan/Desktop/demo3/qlib-web/backend/venv/lib/python3.13/site-packages/uvicorn/server.py\", line 67, in run\n    return asyncio.run(self.serve(sockets=sockets))\n  File \"/opt/homebrew/Cellar/python@3.13/3.13.5/Frameworks/Python.framework/Versions/3.13/lib/python3.13/asyncio/runners.py\", line 195, in run\n    return runner.run(main)\n  File \"/opt/homebrew/Cellar/python@3.13/3.13.5/Frameworks/Python.framework/Versions/3.13/lib/python3.13/asyncio/runners.py\", line 118, in run\n    return self._loop.run_until_complete(task)\n  File \"/opt/homebrew/Cellar/python@3.13/3.13.5/Frameworks/Python.framework/Versions/3.13/lib/python3.13/asyncio/base_events.py\", line 712, in run_until_complete\n    self.run_forever()\n  File \"/opt/homebrew/Cellar/python@3.13/3.13.5/Frameworks/Python.framework/Versions/3.13/lib/python3.13/asyncio/base_events.py\", line 683, in run_forever\n    self._run_once()\n  File \"/opt/homebrew/Cellar/python@3.13/3.13.5/Frameworks/Python.framework/Versions/3.13/lib/python3.13/asyncio/base_events.py\", line 2042, in _run_once\n    handle._run()\n  File \"/opt/homebrew/Cellar/python@3.13/3.13.5/Frameworks/Python.framework/Versions/3.13/lib/python3.13/asyncio/events.py\", line 89, in _run\n    self._context.run(self._callback, *self._args)\n  File \"/Users/zhongxuan/Desktop/demo3/qlib-web/backend/app/services/fault_recovery_service.py\", line 417, in _monitor_loop\n    await self._apply_recovery_rules()\n  File \"/Users/zhongxuan/Desktop/demo3/qlib-web/backend/app/services/fault_recovery_service.py\", line 462, in _apply_recovery_rules\n    await self._execute_recovery_rule(rule, service_name, health)\n  File \"/Users/zhongxuan/Desktop/demo3/qlib-web/backend/app/services/fault_recovery_service.py\", line 538, in _execute_recovery_rule\n    error_logging_service.log_warning(\n  File \"/Users/zhongxuan/Desktop/demo3/qlib-web/backend/app/services/error_logging_service.py\", line 409, in log_warning\n    return self.collector.collect_custom_error(\n  File \"/Users/zhongxuan/Desktop/demo3/qlib-web/backend/app/services/error_logging_service.py\", line 304, in collect_custom_error\n    stack_trace = ''.join(traceback.format_stack())\n", "request_id": null, "user_id": null, "endpoint": null, "method": null, "user_agent": null, "ip_address": null, "additional_context": {}}
WARNING:  WatchFiles detected changes in 'app/api/v1/auth.py'. Reloading...
2025-08-15 15:01:40,525 INFO sqlalchemy.engine.Engine BEGIN (implicit)
2025-08-15 15:01:40,525 - sqlalchemy.engine.Engine - INFO - BEGIN (implicit)
2025-08-15 15:01:40,527 INFO sqlalchemy.engine.Engine SELECT 1
2025-08-15 15:01:40,527 - sqlalchemy.engine.Engine - INFO - SELECT 1
2025-08-15 15:01:40,527 INFO sqlalchemy.engine.Engine [cached since 4571s ago] {}
2025-08-15 15:01:40,527 - sqlalchemy.engine.Engine - INFO - [cached since 4571s ago] {}
2025-08-15 15:01:41,535 INFO sqlalchemy.engine.Engine BEGIN (implicit)
2025-08-15 15:01:41,535 - sqlalchemy.engine.Engine - INFO - BEGIN (implicit)
2025-08-15 15:01:41,536 INFO sqlalchemy.engine.Engine SELECT 1
2025-08-15 15:01:41,536 - sqlalchemy.engine.Engine - INFO - SELECT 1
2025-08-15 15:01:41,536 INFO sqlalchemy.engine.Engine [cached since 4572s ago] {}
2025-08-15 15:01:41,536 - sqlalchemy.engine.Engine - INFO - [cached since 4572s ago] {}
INFO:     Shutting down
INFO:     Waiting for application shutdown.
2025-08-15 15:01:42,549 - error_collector - ERROR - {"timestamp": "2025-08-15T15:01:42.549021", "level": "warning", "category": "system", "message": "自动恢复成功: redis - 服务 redis 缓存清理成功", "exception_type": "CustomError", "stack_trace": "  File \"<string>\", line 1, in <module>\n    from multiprocessing.spawn import spawn_main; spawn_main(tracker_fd=5, pipe_handle=7)\n  File \"/opt/homebrew/Cellar/python@3.13/3.13.5/Frameworks/Python.framework/Versions/3.13/lib/python3.13/multiprocessing/spawn.py\", line 122, in spawn_main\n    exitcode = _main(fd, parent_sentinel)\n  File \"/opt/homebrew/Cellar/python@3.13/3.13.5/Frameworks/Python.framework/Versions/3.13/lib/python3.13/multiprocessing/spawn.py\", line 135, in _main\n    return self._bootstrap(parent_sentinel)\n  File \"/opt/homebrew/Cellar/python@3.13/3.13.5/Frameworks/Python.framework/Versions/3.13/lib/python3.13/multiprocessing/process.py\", line 313, in _bootstrap\n    self.run()\n  File \"/opt/homebrew/Cellar/python@3.13/3.13.5/Frameworks/Python.framework/Versions/3.13/lib/python3.13/multiprocessing/process.py\", line 108, in run\n    self._target(*self._args, **self._kwargs)\n  File \"/Users/zhongxuan/Desktop/demo3/qlib-web/backend/venv/lib/python3.13/site-packages/uvicorn/_subprocess.py\", line 80, in subprocess_started\n    target(sockets=sockets)\n  File \"/Users/zhongxuan/Desktop/demo3/qlib-web/backend/venv/lib/python3.13/site-packages/uvicorn/server.py\", line 67, in run\n    return asyncio.run(self.serve(sockets=sockets))\n  File \"/opt/homebrew/Cellar/python@3.13/3.13.5/Frameworks/Python.framework/Versions/3.13/lib/python3.13/asyncio/runners.py\", line 195, in run\n    return runner.run(main)\n  File \"/opt/homebrew/Cellar/python@3.13/3.13.5/Frameworks/Python.framework/Versions/3.13/lib/python3.13/asyncio/runners.py\", line 118, in run\n    return self._loop.run_until_complete(task)\n  File \"/opt/homebrew/Cellar/python@3.13/3.13.5/Frameworks/Python.framework/Versions/3.13/lib/python3.13/asyncio/base_events.py\", line 712, in run_until_complete\n    self.run_forever()\n  File \"/opt/homebrew/Cellar/python@3.13/3.13.5/Frameworks/Python.framework/Versions/3.13/lib/python3.13/asyncio/base_events.py\", line 683, in run_forever\n    self._run_once()\n  File \"/opt/homebrew/Cellar/python@3.13/3.13.5/Frameworks/Python.framework/Versions/3.13/lib/python3.13/asyncio/base_events.py\", line 2042, in _run_once\n    handle._run()\n  File \"/opt/homebrew/Cellar/python@3.13/3.13.5/Frameworks/Python.framework/Versions/3.13/lib/python3.13/asyncio/events.py\", line 89, in _run\n    self._context.run(self._callback, *self._args)\n  File \"/Users/zhongxuan/Desktop/demo3/qlib-web/backend/app/services/fault_recovery_service.py\", line 417, in _monitor_loop\n    await self._apply_recovery_rules()\n  File \"/Users/zhongxuan/Desktop/demo3/qlib-web/backend/app/services/fault_recovery_service.py\", line 462, in _apply_recovery_rules\n    await self._execute_recovery_rule(rule, service_name, health)\n  File \"/Users/zhongxuan/Desktop/demo3/qlib-web/backend/app/services/fault_recovery_service.py\", line 538, in _execute_recovery_rule\n    error_logging_service.log_warning(\n  File \"/Users/zhongxuan/Desktop/demo3/qlib-web/backend/app/services/error_logging_service.py\", line 409, in log_warning\n    return self.collector.collect_custom_error(\n  File \"/Users/zhongxuan/Desktop/demo3/qlib-web/backend/app/services/error_logging_service.py\", line 304, in collect_custom_error\n    stack_trace = ''.join(traceback.format_stack())\n", "request_id": null, "user_id": null, "endpoint": null, "method": null, "user_agent": null, "ip_address": null, "additional_context": {}}
2025-08-15 15:01:42.552 | INFO     | app.main:lifespan:62 - Shutting down APM service...
2025-08-15 15:01:42.553 | INFO     | app.main:lifespan:65 - Shutting down fault recovery service...
2025-08-15 15:01:42.553 | INFO     | app.main:lifespan:68 - Shutting down graceful degradation service...
2025-08-15 15:01:42.553 | INFO     | app.main:lifespan:71 - Application shutdown complete
INFO:     Application shutdown complete.
INFO:     Finished server process [46232]
WARNING:  WatchFiles detected changes in 'app/services/auth.py'. Reloading...
INFO:     Started server process [38130]
INFO:     Waiting for application startup.
2025-08-15 15:01:44.758 | INFO     | app.main:lifespan:27 - Starting Qlib Web Console API v1.0.0
2025-08-15 15:01:44.758 | INFO     | app.main:lifespan:30 - Initializing database...
2025-08-15 15:01:44,770 INFO sqlalchemy.engine.Engine SELECT DATABASE()
2025-08-15 15:01:44,770 - sqlalchemy.engine.Engine - INFO - SELECT DATABASE()
2025-08-15 15:01:44,770 INFO sqlalchemy.engine.Engine [raw sql] {}
2025-08-15 15:01:44,770 - sqlalchemy.engine.Engine - INFO - [raw sql] {}
2025-08-15 15:01:44,771 INFO sqlalchemy.engine.Engine SELECT @@sql_mode
2025-08-15 15:01:44,771 - sqlalchemy.engine.Engine - INFO - SELECT @@sql_mode
2025-08-15 15:01:44,771 INFO sqlalchemy.engine.Engine [raw sql] {}
2025-08-15 15:01:44,771 - sqlalchemy.engine.Engine - INFO - [raw sql] {}
2025-08-15 15:01:44,772 INFO sqlalchemy.engine.Engine SELECT @@lower_case_table_names
2025-08-15 15:01:44,772 - sqlalchemy.engine.Engine - INFO - SELECT @@lower_case_table_names
2025-08-15 15:01:44,772 INFO sqlalchemy.engine.Engine [raw sql] {}
2025-08-15 15:01:44,772 - sqlalchemy.engine.Engine - INFO - [raw sql] {}
2025-08-15 15:01:44,773 INFO sqlalchemy.engine.Engine BEGIN (implicit)
2025-08-15 15:01:44,773 - sqlalchemy.engine.Engine - INFO - BEGIN (implicit)
2025-08-15 15:01:44,773 INFO sqlalchemy.engine.Engine DESCRIBE `qlib_web`.`qlib_experiments`
2025-08-15 15:01:44,773 - sqlalchemy.engine.Engine - INFO - DESCRIBE `qlib_web`.`qlib_experiments`
2025-08-15 15:01:44,773 INFO sqlalchemy.engine.Engine [raw sql] {}
2025-08-15 15:01:44,773 - sqlalchemy.engine.Engine - INFO - [raw sql] {}
2025-08-15 15:01:44,777 INFO sqlalchemy.engine.Engine DESCRIBE `qlib_web`.`qlib_tasks`
2025-08-15 15:01:44,777 - sqlalchemy.engine.Engine - INFO - DESCRIBE `qlib_web`.`qlib_tasks`
2025-08-15 15:01:44,777 INFO sqlalchemy.engine.Engine [raw sql] {}
2025-08-15 15:01:44,777 - sqlalchemy.engine.Engine - INFO - [raw sql] {}
2025-08-15 15:01:44,778 INFO sqlalchemy.engine.Engine DESCRIBE `qlib_web`.`user_team_association`
2025-08-15 15:01:44,778 - sqlalchemy.engine.Engine - INFO - DESCRIBE `qlib_web`.`user_team_association`
2025-08-15 15:01:44,778 INFO sqlalchemy.engine.Engine [raw sql] {}
2025-08-15 15:01:44,778 - sqlalchemy.engine.Engine - INFO - [raw sql] {}
2025-08-15 15:01:44,778 INFO sqlalchemy.engine.Engine DESCRIBE `qlib_web`.`users`
2025-08-15 15:01:44,778 - sqlalchemy.engine.Engine - INFO - DESCRIBE `qlib_web`.`users`
2025-08-15 15:01:44,779 INFO sqlalchemy.engine.Engine [raw sql] {}
2025-08-15 15:01:44,779 - sqlalchemy.engine.Engine - INFO - [raw sql] {}
2025-08-15 15:01:44,779 INFO sqlalchemy.engine.Engine DESCRIBE `qlib_web`.`teams`
2025-08-15 15:01:44,779 - sqlalchemy.engine.Engine - INFO - DESCRIBE `qlib_web`.`teams`
2025-08-15 15:01:44,779 INFO sqlalchemy.engine.Engine [raw sql] {}
2025-08-15 15:01:44,779 - sqlalchemy.engine.Engine - INFO - [raw sql] {}
2025-08-15 15:01:44,781 INFO sqlalchemy.engine.Engine DESCRIBE `qlib_web`.`user_sessions`
2025-08-15 15:01:44,781 - sqlalchemy.engine.Engine - INFO - DESCRIBE `qlib_web`.`user_sessions`
2025-08-15 15:01:44,781 INFO sqlalchemy.engine.Engine [raw sql] {}
2025-08-15 15:01:44,781 - sqlalchemy.engine.Engine - INFO - [raw sql] {}
2025-08-15 15:01:44,782 INFO sqlalchemy.engine.Engine DESCRIBE `qlib_web`.`password_reset_tokens`
2025-08-15 15:01:44,782 - sqlalchemy.engine.Engine - INFO - DESCRIBE `qlib_web`.`password_reset_tokens`
2025-08-15 15:01:44,782 INFO sqlalchemy.engine.Engine [raw sql] {}
2025-08-15 15:01:44,782 - sqlalchemy.engine.Engine - INFO - [raw sql] {}
2025-08-15 15:01:44,783 INFO sqlalchemy.engine.Engine DESCRIBE `qlib_web`.`email_verification_tokens`
2025-08-15 15:01:44,783 - sqlalchemy.engine.Engine - INFO - DESCRIBE `qlib_web`.`email_verification_tokens`
2025-08-15 15:01:44,783 INFO sqlalchemy.engine.Engine [raw sql] {}
2025-08-15 15:01:44,783 - sqlalchemy.engine.Engine - INFO - [raw sql] {}
2025-08-15 15:01:44,783 INFO sqlalchemy.engine.Engine DESCRIBE `qlib_web`.`experiment_templates`
2025-08-15 15:01:44,783 - sqlalchemy.engine.Engine - INFO - DESCRIBE `qlib_web`.`experiment_templates`
2025-08-15 15:01:44,783 INFO sqlalchemy.engine.Engine [raw sql] {}
2025-08-15 15:01:44,783 - sqlalchemy.engine.Engine - INFO - [raw sql] {}
2025-08-15 15:01:44,784 INFO sqlalchemy.engine.Engine DESCRIBE `qlib_web`.`template_usage`
2025-08-15 15:01:44,784 - sqlalchemy.engine.Engine - INFO - DESCRIBE `qlib_web`.`template_usage`
2025-08-15 15:01:44,784 INFO sqlalchemy.engine.Engine [raw sql] {}
2025-08-15 15:01:44,784 - sqlalchemy.engine.Engine - INFO - [raw sql] {}
2025-08-15 15:01:44,785 INFO sqlalchemy.engine.Engine DESCRIBE `qlib_web`.`template_categories`
2025-08-15 15:01:44,785 - sqlalchemy.engine.Engine - INFO - DESCRIBE `qlib_web`.`template_categories`
2025-08-15 15:01:44,785 INFO sqlalchemy.engine.Engine [raw sql] {}
2025-08-15 15:01:44,785 - sqlalchemy.engine.Engine - INFO - [raw sql] {}
2025-08-15 15:01:44,786 INFO sqlalchemy.engine.Engine DESCRIBE `qlib_web`.`experiment_shares`
2025-08-15 15:01:44,786 - sqlalchemy.engine.Engine - INFO - DESCRIBE `qlib_web`.`experiment_shares`
2025-08-15 15:01:44,786 INFO sqlalchemy.engine.Engine [raw sql] {}
2025-08-15 15:01:44,786 - sqlalchemy.engine.Engine - INFO - [raw sql] {}
2025-08-15 15:01:44,787 INFO sqlalchemy.engine.Engine DESCRIBE `qlib_web`.`share_access_logs`
2025-08-15 15:01:44,787 - sqlalchemy.engine.Engine - INFO - DESCRIBE `qlib_web`.`share_access_logs`
2025-08-15 15:01:44,787 INFO sqlalchemy.engine.Engine [raw sql] {}
2025-08-15 15:01:44,787 - sqlalchemy.engine.Engine - INFO - [raw sql] {}
2025-08-15 15:01:44,788 INFO sqlalchemy.engine.Engine DESCRIBE `qlib_web`.`share_invitations`
2025-08-15 15:01:44,788 - sqlalchemy.engine.Engine - INFO - DESCRIBE `qlib_web`.`share_invitations`
2025-08-15 15:01:44,788 INFO sqlalchemy.engine.Engine [raw sql] {}
2025-08-15 15:01:44,788 - sqlalchemy.engine.Engine - INFO - [raw sql] {}
2025-08-15 15:01:44,789 INFO sqlalchemy.engine.Engine DESCRIBE `qlib_web`.`experiment_comments`
2025-08-15 15:01:44,789 - sqlalchemy.engine.Engine - INFO - DESCRIBE `qlib_web`.`experiment_comments`
2025-08-15 15:01:44,789 INFO sqlalchemy.engine.Engine [raw sql] {}
2025-08-15 15:01:44,789 - sqlalchemy.engine.Engine - INFO - [raw sql] {}
2025-08-15 15:01:44,790 INFO sqlalchemy.engine.Engine DESCRIBE `qlib_web`.`comment_likes`
2025-08-15 15:01:44,790 - sqlalchemy.engine.Engine - INFO - DESCRIBE `qlib_web`.`comment_likes`
2025-08-15 15:01:44,790 INFO sqlalchemy.engine.Engine [raw sql] {}
2025-08-15 15:01:44,790 - sqlalchemy.engine.Engine - INFO - [raw sql] {}
2025-08-15 15:01:44,791 INFO sqlalchemy.engine.Engine DESCRIBE `qlib_web`.`experiment_likes`
2025-08-15 15:01:44,791 - sqlalchemy.engine.Engine - INFO - DESCRIBE `qlib_web`.`experiment_likes`
2025-08-15 15:01:44,791 INFO sqlalchemy.engine.Engine [raw sql] {}
2025-08-15 15:01:44,791 - sqlalchemy.engine.Engine - INFO - [raw sql] {}
2025-08-15 15:01:44,792 INFO sqlalchemy.engine.Engine DESCRIBE `qlib_web`.`experiment_favorites`
2025-08-15 15:01:44,792 - sqlalchemy.engine.Engine - INFO - DESCRIBE `qlib_web`.`experiment_favorites`
2025-08-15 15:01:44,792 INFO sqlalchemy.engine.Engine [raw sql] {}
2025-08-15 15:01:44,792 - sqlalchemy.engine.Engine - INFO - [raw sql] {}
2025-08-15 15:01:44,792 INFO sqlalchemy.engine.Engine DESCRIBE `qlib_web`.`team_activities`
2025-08-15 15:01:44,792 - sqlalchemy.engine.Engine - INFO - DESCRIBE `qlib_web`.`team_activities`
2025-08-15 15:01:44,792 INFO sqlalchemy.engine.Engine [raw sql] {}
2025-08-15 15:01:44,792 - sqlalchemy.engine.Engine - INFO - [raw sql] {}
2025-08-15 15:01:44,793 INFO sqlalchemy.engine.Engine DESCRIBE `qlib_web`.`experiment_ratings`
2025-08-15 15:01:44,793 - sqlalchemy.engine.Engine - INFO - DESCRIBE `qlib_web`.`experiment_ratings`
2025-08-15 15:01:44,793 INFO sqlalchemy.engine.Engine [raw sql] {}
2025-08-15 15:01:44,793 - sqlalchemy.engine.Engine - INFO - [raw sql] {}
2025-08-15 15:01:44,794 INFO sqlalchemy.engine.Engine COMMIT
2025-08-15 15:01:44,794 - sqlalchemy.engine.Engine - INFO - COMMIT
2025-08-15 15:01:44.795 | INFO     | app.main:lifespan:34 - Starting APM service...
2025-08-15 15:01:44.795 | SUCCESS  | app.main:lifespan:36 - APM service started successfully
2025-08-15 15:01:44.795 | INFO     | app.main:lifespan:39 - Starting fault recovery service...
2025-08-15 15:01:44.795 | SUCCESS  | app.main:lifespan:41 - Fault recovery service started successfully
2025-08-15 15:01:44.795 | INFO     | app.main:lifespan:44 - Starting graceful degradation service...
2025-08-15 15:01:44.795 | SUCCESS  | app.main:lifespan:46 - Graceful degradation service started successfully
2025-08-15 15:01:44.795 | INFO     | app.main:lifespan:49 - Initializing Qlib...
[38130:MainThread](2025-08-15 15:01:44,796) INFO - qlib.Initialization - [config.py:452] - default_conf: client.
[38130:MainThread](2025-08-15 15:01:45,114) INFO - qlib.Initialization - [__init__.py:75] - qlib successfully initialized based on client settings.
[38130:MainThread](2025-08-15 15:01:45,114) INFO - qlib.Initialization - [__init__.py:77] - data_path={'__DEFAULT_FREQ': PosixPath('/Users/zhongxuan/.qlib/qlib_data/cn_data')}
2025-08-15 15:01:45.115 | SUCCESS  | app.utils.qlib_manager:init_qlib:42 - Qlib initialized successfully
2025-08-15 15:01:45.115 | WARNING  | app.utils.qlib_manager:init_qlib:49 - Data validation failed: slice(None, 5, None)
2025-08-15 15:01:45.115 | SUCCESS  | app.main:lifespan:53 - Qlib initialized successfully
2025-08-15 15:01:45.115 | SUCCESS  | app.main:lifespan:57 - Application startup complete
2025-08-15 15:01:47,129 INFO sqlalchemy.engine.Engine BEGIN (implicit)
2025-08-15 15:01:47,129 - sqlalchemy.engine.Engine - INFO - BEGIN (implicit)
2025-08-15 15:01:47,131 INFO sqlalchemy.engine.Engine SELECT 1
2025-08-15 15:01:47,131 - sqlalchemy.engine.Engine - INFO - SELECT 1
2025-08-15 15:01:47,131 INFO sqlalchemy.engine.Engine [generated in 0.00048s] {}
2025-08-15 15:01:47,131 - sqlalchemy.engine.Engine - INFO - [generated in 0.00048s] {}
2025-08-15 15:01:48,151 INFO sqlalchemy.engine.Engine BEGIN (implicit)
2025-08-15 15:01:48,151 - sqlalchemy.engine.Engine - INFO - BEGIN (implicit)
2025-08-15 15:01:48,151 INFO sqlalchemy.engine.Engine SELECT 1
2025-08-15 15:01:48,151 - sqlalchemy.engine.Engine - INFO - SELECT 1
2025-08-15 15:01:48,151 INFO sqlalchemy.engine.Engine [cached since 1.021s ago] {}
2025-08-15 15:01:48,151 - sqlalchemy.engine.Engine - INFO - [cached since 1.021s ago] {}
2025-08-15 15:01:50,165 INFO sqlalchemy.engine.Engine BEGIN (implicit)
2025-08-15 15:01:50,165 - sqlalchemy.engine.Engine - INFO - BEGIN (implicit)
2025-08-15 15:01:50,165 INFO sqlalchemy.engine.Engine SELECT 1
2025-08-15 15:01:50,165 - sqlalchemy.engine.Engine - INFO - SELECT 1
2025-08-15 15:01:50,165 INFO sqlalchemy.engine.Engine [cached since 3.035s ago] {}
2025-08-15 15:01:50,165 - sqlalchemy.engine.Engine - INFO - [cached since 3.035s ago] {}
2025-08-15 15:01:51,184 INFO sqlalchemy.engine.Engine BEGIN (implicit)
2025-08-15 15:01:51,184 - sqlalchemy.engine.Engine - INFO - BEGIN (implicit)
2025-08-15 15:01:51,184 INFO sqlalchemy.engine.Engine SELECT 1
2025-08-15 15:01:51,184 - sqlalchemy.engine.Engine - INFO - SELECT 1
2025-08-15 15:01:51,184 INFO sqlalchemy.engine.Engine [cached since 4.054s ago] {}
2025-08-15 15:01:51,184 - sqlalchemy.engine.Engine - INFO - [cached since 4.054s ago] {}
2025-08-15 15:01:51,193 - error_collector - ERROR - {"timestamp": "2025-08-15T15:01:51.193362", "level": "warning", "category": "system", "message": "服务 database 已降级至 moderate 级别", "exception_type": "CustomError", "stack_trace": "  File \"<string>\", line 1, in <module>\n    from multiprocessing.spawn import spawn_main; spawn_main(tracker_fd=5, pipe_handle=7)\n  File \"/opt/homebrew/Cellar/python@3.13/3.13.5/Frameworks/Python.framework/Versions/3.13/lib/python3.13/multiprocessing/spawn.py\", line 122, in spawn_main\n    exitcode = _main(fd, parent_sentinel)\n  File \"/opt/homebrew/Cellar/python@3.13/3.13.5/Frameworks/Python.framework/Versions/3.13/lib/python3.13/multiprocessing/spawn.py\", line 135, in _main\n    return self._bootstrap(parent_sentinel)\n  File \"/opt/homebrew/Cellar/python@3.13/3.13.5/Frameworks/Python.framework/Versions/3.13/lib/python3.13/multiprocessing/process.py\", line 313, in _bootstrap\n    self.run()\n  File \"/opt/homebrew/Cellar/python@3.13/3.13.5/Frameworks/Python.framework/Versions/3.13/lib/python3.13/multiprocessing/process.py\", line 108, in run\n    self._target(*self._args, **self._kwargs)\n  File \"/Users/zhongxuan/Desktop/demo3/qlib-web/backend/venv/lib/python3.13/site-packages/uvicorn/_subprocess.py\", line 80, in subprocess_started\n    target(sockets=sockets)\n  File \"/Users/zhongxuan/Desktop/demo3/qlib-web/backend/venv/lib/python3.13/site-packages/uvicorn/server.py\", line 67, in run\n    return asyncio.run(self.serve(sockets=sockets))\n  File \"/opt/homebrew/Cellar/python@3.13/3.13.5/Frameworks/Python.framework/Versions/3.13/lib/python3.13/asyncio/runners.py\", line 195, in run\n    return runner.run(main)\n  File \"/opt/homebrew/Cellar/python@3.13/3.13.5/Frameworks/Python.framework/Versions/3.13/lib/python3.13/asyncio/runners.py\", line 118, in run\n    return self._loop.run_until_complete(task)\n  File \"/opt/homebrew/Cellar/python@3.13/3.13.5/Frameworks/Python.framework/Versions/3.13/lib/python3.13/asyncio/base_events.py\", line 712, in run_until_complete\n    self.run_forever()\n  File \"/opt/homebrew/Cellar/python@3.13/3.13.5/Frameworks/Python.framework/Versions/3.13/lib/python3.13/asyncio/base_events.py\", line 683, in run_forever\n    self._run_once()\n  File \"/opt/homebrew/Cellar/python@3.13/3.13.5/Frameworks/Python.framework/Versions/3.13/lib/python3.13/asyncio/base_events.py\", line 2042, in _run_once\n    handle._run()\n  File \"/opt/homebrew/Cellar/python@3.13/3.13.5/Frameworks/Python.framework/Versions/3.13/lib/python3.13/asyncio/events.py\", line 89, in _run\n    self._context.run(self._callback, *self._args)\n  File \"/Users/zhongxuan/Desktop/demo3/qlib-web/backend/app/services/graceful_degradation_service.py\", line 344, in _monitoring_loop\n    await self._apply_degradation_rules()\n  File \"/Users/zhongxuan/Desktop/demo3/qlib-web/backend/app/services/graceful_degradation_service.py\", line 414, in _apply_degradation_rules\n    await self._apply_degradation(rule, service_status)\n  File \"/Users/zhongxuan/Desktop/demo3/qlib-web/backend/app/services/graceful_degradation_service.py\", line 461, in _apply_degradation\n    error_logging_service.log_warning(\n  File \"/Users/zhongxuan/Desktop/demo3/qlib-web/backend/app/services/error_logging_service.py\", line 409, in log_warning\n    return self.collector.collect_custom_error(\n  File \"/Users/zhongxuan/Desktop/demo3/qlib-web/backend/app/services/error_logging_service.py\", line 304, in collect_custom_error\n    stack_trace = ''.join(traceback.format_stack())\n", "request_id": null, "user_id": null, "endpoint": null, "method": null, "user_agent": null, "ip_address": null, "additional_context": {}}
INFO:     Application startup complete.
INFO:     Started server process [38358]
INFO:     Waiting for application startup.
2025-08-15 15:01:52.365 | INFO     | app.main:lifespan:27 - Starting Qlib Web Console API v1.0.0
2025-08-15 15:01:52.365 | INFO     | app.main:lifespan:30 - Initializing database...
2025-08-15 15:01:52,376 INFO sqlalchemy.engine.Engine SELECT DATABASE()
2025-08-15 15:01:52,376 - sqlalchemy.engine.Engine - INFO - SELECT DATABASE()
2025-08-15 15:01:52,376 INFO sqlalchemy.engine.Engine [raw sql] {}
2025-08-15 15:01:52,376 - sqlalchemy.engine.Engine - INFO - [raw sql] {}
2025-08-15 15:01:52,378 INFO sqlalchemy.engine.Engine SELECT @@sql_mode
2025-08-15 15:01:52,378 - sqlalchemy.engine.Engine - INFO - SELECT @@sql_mode
2025-08-15 15:01:52,378 INFO sqlalchemy.engine.Engine [raw sql] {}
2025-08-15 15:01:52,378 - sqlalchemy.engine.Engine - INFO - [raw sql] {}
2025-08-15 15:01:52,379 INFO sqlalchemy.engine.Engine SELECT @@lower_case_table_names
2025-08-15 15:01:52,379 - sqlalchemy.engine.Engine - INFO - SELECT @@lower_case_table_names
2025-08-15 15:01:52,379 INFO sqlalchemy.engine.Engine [raw sql] {}
2025-08-15 15:01:52,379 - sqlalchemy.engine.Engine - INFO - [raw sql] {}
2025-08-15 15:01:52,379 INFO sqlalchemy.engine.Engine BEGIN (implicit)
2025-08-15 15:01:52,379 - sqlalchemy.engine.Engine - INFO - BEGIN (implicit)
2025-08-15 15:01:52,380 INFO sqlalchemy.engine.Engine DESCRIBE `qlib_web`.`qlib_experiments`
2025-08-15 15:01:52,380 - sqlalchemy.engine.Engine - INFO - DESCRIBE `qlib_web`.`qlib_experiments`
2025-08-15 15:01:52,380 INFO sqlalchemy.engine.Engine [raw sql] {}
2025-08-15 15:01:52,380 - sqlalchemy.engine.Engine - INFO - [raw sql] {}
2025-08-15 15:01:52,382 INFO sqlalchemy.engine.Engine DESCRIBE `qlib_web`.`qlib_tasks`
2025-08-15 15:01:52,382 - sqlalchemy.engine.Engine - INFO - DESCRIBE `qlib_web`.`qlib_tasks`
2025-08-15 15:01:52,382 INFO sqlalchemy.engine.Engine [raw sql] {}
2025-08-15 15:01:52,382 - sqlalchemy.engine.Engine - INFO - [raw sql] {}
2025-08-15 15:01:52,383 INFO sqlalchemy.engine.Engine DESCRIBE `qlib_web`.`user_team_association`
2025-08-15 15:01:52,383 - sqlalchemy.engine.Engine - INFO - DESCRIBE `qlib_web`.`user_team_association`
2025-08-15 15:01:52,383 INFO sqlalchemy.engine.Engine [raw sql] {}
2025-08-15 15:01:52,383 - sqlalchemy.engine.Engine - INFO - [raw sql] {}
2025-08-15 15:01:52,384 INFO sqlalchemy.engine.Engine DESCRIBE `qlib_web`.`users`
2025-08-15 15:01:52,384 - sqlalchemy.engine.Engine - INFO - DESCRIBE `qlib_web`.`users`
2025-08-15 15:01:52,384 INFO sqlalchemy.engine.Engine [raw sql] {}
2025-08-15 15:01:52,384 - sqlalchemy.engine.Engine - INFO - [raw sql] {}
2025-08-15 15:01:52,385 INFO sqlalchemy.engine.Engine DESCRIBE `qlib_web`.`teams`
2025-08-15 15:01:52,385 - sqlalchemy.engine.Engine - INFO - DESCRIBE `qlib_web`.`teams`
2025-08-15 15:01:52,385 INFO sqlalchemy.engine.Engine [raw sql] {}
2025-08-15 15:01:52,385 - sqlalchemy.engine.Engine - INFO - [raw sql] {}
2025-08-15 15:01:52,386 INFO sqlalchemy.engine.Engine DESCRIBE `qlib_web`.`user_sessions`
2025-08-15 15:01:52,386 - sqlalchemy.engine.Engine - INFO - DESCRIBE `qlib_web`.`user_sessions`
2025-08-15 15:01:52,386 INFO sqlalchemy.engine.Engine [raw sql] {}
2025-08-15 15:01:52,386 - sqlalchemy.engine.Engine - INFO - [raw sql] {}
2025-08-15 15:01:52,387 INFO sqlalchemy.engine.Engine DESCRIBE `qlib_web`.`password_reset_tokens`
2025-08-15 15:01:52,387 - sqlalchemy.engine.Engine - INFO - DESCRIBE `qlib_web`.`password_reset_tokens`
2025-08-15 15:01:52,387 INFO sqlalchemy.engine.Engine [raw sql] {}
2025-08-15 15:01:52,387 - sqlalchemy.engine.Engine - INFO - [raw sql] {}
2025-08-15 15:01:52,388 INFO sqlalchemy.engine.Engine DESCRIBE `qlib_web`.`email_verification_tokens`
2025-08-15 15:01:52,388 - sqlalchemy.engine.Engine - INFO - DESCRIBE `qlib_web`.`email_verification_tokens`
2025-08-15 15:01:52,388 INFO sqlalchemy.engine.Engine [raw sql] {}
2025-08-15 15:01:52,388 - sqlalchemy.engine.Engine - INFO - [raw sql] {}
2025-08-15 15:01:52,389 INFO sqlalchemy.engine.Engine DESCRIBE `qlib_web`.`experiment_templates`
2025-08-15 15:01:52,389 - sqlalchemy.engine.Engine - INFO - DESCRIBE `qlib_web`.`experiment_templates`
2025-08-15 15:01:52,389 INFO sqlalchemy.engine.Engine [raw sql] {}
2025-08-15 15:01:52,389 - sqlalchemy.engine.Engine - INFO - [raw sql] {}
2025-08-15 15:01:52,390 INFO sqlalchemy.engine.Engine DESCRIBE `qlib_web`.`template_usage`
2025-08-15 15:01:52,390 - sqlalchemy.engine.Engine - INFO - DESCRIBE `qlib_web`.`template_usage`
2025-08-15 15:01:52,390 INFO sqlalchemy.engine.Engine [raw sql] {}
2025-08-15 15:01:52,390 - sqlalchemy.engine.Engine - INFO - [raw sql] {}
2025-08-15 15:01:52,392 INFO sqlalchemy.engine.Engine DESCRIBE `qlib_web`.`template_categories`
2025-08-15 15:01:52,392 - sqlalchemy.engine.Engine - INFO - DESCRIBE `qlib_web`.`template_categories`
2025-08-15 15:01:52,392 INFO sqlalchemy.engine.Engine [raw sql] {}
2025-08-15 15:01:52,392 - sqlalchemy.engine.Engine - INFO - [raw sql] {}
2025-08-15 15:01:52,393 INFO sqlalchemy.engine.Engine DESCRIBE `qlib_web`.`experiment_shares`
2025-08-15 15:01:52,393 - sqlalchemy.engine.Engine - INFO - DESCRIBE `qlib_web`.`experiment_shares`
2025-08-15 15:01:52,393 INFO sqlalchemy.engine.Engine [raw sql] {}
2025-08-15 15:01:52,393 - sqlalchemy.engine.Engine - INFO - [raw sql] {}
2025-08-15 15:01:52,394 INFO sqlalchemy.engine.Engine DESCRIBE `qlib_web`.`share_access_logs`
2025-08-15 15:01:52,394 - sqlalchemy.engine.Engine - INFO - DESCRIBE `qlib_web`.`share_access_logs`
2025-08-15 15:01:52,394 INFO sqlalchemy.engine.Engine [raw sql] {}
2025-08-15 15:01:52,394 - sqlalchemy.engine.Engine - INFO - [raw sql] {}
2025-08-15 15:01:52,394 INFO sqlalchemy.engine.Engine DESCRIBE `qlib_web`.`share_invitations`
2025-08-15 15:01:52,394 - sqlalchemy.engine.Engine - INFO - DESCRIBE `qlib_web`.`share_invitations`
2025-08-15 15:01:52,395 INFO sqlalchemy.engine.Engine [raw sql] {}
2025-08-15 15:01:52,395 - sqlalchemy.engine.Engine - INFO - [raw sql] {}
2025-08-15 15:01:52,396 INFO sqlalchemy.engine.Engine DESCRIBE `qlib_web`.`experiment_comments`
2025-08-15 15:01:52,396 - sqlalchemy.engine.Engine - INFO - DESCRIBE `qlib_web`.`experiment_comments`
2025-08-15 15:01:52,396 INFO sqlalchemy.engine.Engine [raw sql] {}
2025-08-15 15:01:52,396 - sqlalchemy.engine.Engine - INFO - [raw sql] {}
2025-08-15 15:01:52,397 INFO sqlalchemy.engine.Engine DESCRIBE `qlib_web`.`comment_likes`
2025-08-15 15:01:52,397 - sqlalchemy.engine.Engine - INFO - DESCRIBE `qlib_web`.`comment_likes`
2025-08-15 15:01:52,397 INFO sqlalchemy.engine.Engine [raw sql] {}
2025-08-15 15:01:52,397 - sqlalchemy.engine.Engine - INFO - [raw sql] {}
2025-08-15 15:01:52,398 INFO sqlalchemy.engine.Engine DESCRIBE `qlib_web`.`experiment_likes`
2025-08-15 15:01:52,398 - sqlalchemy.engine.Engine - INFO - DESCRIBE `qlib_web`.`experiment_likes`
2025-08-15 15:01:52,398 INFO sqlalchemy.engine.Engine [raw sql] {}
2025-08-15 15:01:52,398 - sqlalchemy.engine.Engine - INFO - [raw sql] {}
2025-08-15 15:01:52,399 INFO sqlalchemy.engine.Engine DESCRIBE `qlib_web`.`experiment_favorites`
2025-08-15 15:01:52,399 - sqlalchemy.engine.Engine - INFO - DESCRIBE `qlib_web`.`experiment_favorites`
2025-08-15 15:01:52,399 INFO sqlalchemy.engine.Engine [raw sql] {}
2025-08-15 15:01:52,399 - sqlalchemy.engine.Engine - INFO - [raw sql] {}
2025-08-15 15:01:52,400 INFO sqlalchemy.engine.Engine DESCRIBE `qlib_web`.`team_activities`
2025-08-15 15:01:52,400 - sqlalchemy.engine.Engine - INFO - DESCRIBE `qlib_web`.`team_activities`
2025-08-15 15:01:52,400 INFO sqlalchemy.engine.Engine [raw sql] {}
2025-08-15 15:01:52,400 - sqlalchemy.engine.Engine - INFO - [raw sql] {}
2025-08-15 15:01:52,401 INFO sqlalchemy.engine.Engine DESCRIBE `qlib_web`.`experiment_ratings`
2025-08-15 15:01:52,401 - sqlalchemy.engine.Engine - INFO - DESCRIBE `qlib_web`.`experiment_ratings`
2025-08-15 15:01:52,401 INFO sqlalchemy.engine.Engine [raw sql] {}
2025-08-15 15:01:52,401 - sqlalchemy.engine.Engine - INFO - [raw sql] {}
2025-08-15 15:01:52,402 INFO sqlalchemy.engine.Engine COMMIT
2025-08-15 15:01:52,402 - sqlalchemy.engine.Engine - INFO - COMMIT
2025-08-15 15:01:52.403 | INFO     | app.main:lifespan:34 - Starting APM service...
2025-08-15 15:01:52.403 | SUCCESS  | app.main:lifespan:36 - APM service started successfully
2025-08-15 15:01:52.403 | INFO     | app.main:lifespan:39 - Starting fault recovery service...
2025-08-15 15:01:52.403 | SUCCESS  | app.main:lifespan:41 - Fault recovery service started successfully
2025-08-15 15:01:52.403 | INFO     | app.main:lifespan:44 - Starting graceful degradation service...
2025-08-15 15:01:52.403 | SUCCESS  | app.main:lifespan:46 - Graceful degradation service started successfully
2025-08-15 15:01:52.403 | INFO     | app.main:lifespan:49 - Initializing Qlib...
[38358:MainThread](2025-08-15 15:01:52,404) INFO - qlib.Initialization - [config.py:452] - default_conf: client.
[38358:MainThread](2025-08-15 15:01:52,597) INFO - qlib.Initialization - [__init__.py:75] - qlib successfully initialized based on client settings.
[38358:MainThread](2025-08-15 15:01:52,597) INFO - qlib.Initialization - [__init__.py:77] - data_path={'__DEFAULT_FREQ': PosixPath('/Users/zhongxuan/.qlib/qlib_data/cn_data')}
2025-08-15 15:01:52.597 | SUCCESS  | app.utils.qlib_manager:init_qlib:42 - Qlib initialized successfully
2025-08-15 15:01:52.597 | WARNING  | app.utils.qlib_manager:init_qlib:49 - Data validation failed: slice(None, 5, None)
2025-08-15 15:01:52.597 | SUCCESS  | app.main:lifespan:53 - Qlib initialized successfully
2025-08-15 15:01:52.597 | SUCCESS  | app.main:lifespan:57 - Application startup complete
2025-08-15 15:01:54,612 INFO sqlalchemy.engine.Engine BEGIN (implicit)
2025-08-15 15:01:54,612 - sqlalchemy.engine.Engine - INFO - BEGIN (implicit)
2025-08-15 15:01:54,614 INFO sqlalchemy.engine.Engine SELECT 1
2025-08-15 15:01:54,614 - sqlalchemy.engine.Engine - INFO - SELECT 1
2025-08-15 15:01:54,614 INFO sqlalchemy.engine.Engine [generated in 0.00025s] {}
2025-08-15 15:01:54,614 - sqlalchemy.engine.Engine - INFO - [generated in 0.00025s] {}
2025-08-15 15:01:55,631 INFO sqlalchemy.engine.Engine BEGIN (implicit)
2025-08-15 15:01:55,631 - sqlalchemy.engine.Engine - INFO - BEGIN (implicit)
2025-08-15 15:01:55,631 INFO sqlalchemy.engine.Engine SELECT 1
2025-08-15 15:01:55,631 - sqlalchemy.engine.Engine - INFO - SELECT 1
2025-08-15 15:01:55,631 INFO sqlalchemy.engine.Engine [cached since 1.018s ago] {}
2025-08-15 15:01:55,631 - sqlalchemy.engine.Engine - INFO - [cached since 1.018s ago] {}
2025-08-15 15:01:57,651 INFO sqlalchemy.engine.Engine BEGIN (implicit)
2025-08-15 15:01:57,651 - sqlalchemy.engine.Engine - INFO - BEGIN (implicit)
2025-08-15 15:01:57,651 INFO sqlalchemy.engine.Engine SELECT 1
2025-08-15 15:01:57,651 - sqlalchemy.engine.Engine - INFO - SELECT 1
2025-08-15 15:01:57,651 INFO sqlalchemy.engine.Engine [cached since 3.038s ago] {}
2025-08-15 15:01:57,651 - sqlalchemy.engine.Engine - INFO - [cached since 3.038s ago] {}
2025-08-15 15:01:58,671 INFO sqlalchemy.engine.Engine BEGIN (implicit)
2025-08-15 15:01:58,671 - sqlalchemy.engine.Engine - INFO - BEGIN (implicit)
2025-08-15 15:01:58,671 INFO sqlalchemy.engine.Engine SELECT 1
2025-08-15 15:01:58,671 - sqlalchemy.engine.Engine - INFO - SELECT 1
2025-08-15 15:01:58,671 INFO sqlalchemy.engine.Engine [cached since 4.058s ago] {}
2025-08-15 15:01:58,671 - sqlalchemy.engine.Engine - INFO - [cached since 4.058s ago] {}
2025-08-15 15:01:58,674 - error_collector - ERROR - {"timestamp": "2025-08-15T15:01:58.674548", "level": "warning", "category": "system", "message": "服务 database 已降级至 moderate 级别", "exception_type": "CustomError", "stack_trace": "  File \"<string>\", line 1, in <module>\n    from multiprocessing.spawn import spawn_main; spawn_main(tracker_fd=5, pipe_handle=7)\n  File \"/opt/homebrew/Cellar/python@3.13/3.13.5/Frameworks/Python.framework/Versions/3.13/lib/python3.13/multiprocessing/spawn.py\", line 122, in spawn_main\n    exitcode = _main(fd, parent_sentinel)\n  File \"/opt/homebrew/Cellar/python@3.13/3.13.5/Frameworks/Python.framework/Versions/3.13/lib/python3.13/multiprocessing/spawn.py\", line 135, in _main\n    return self._bootstrap(parent_sentinel)\n  File \"/opt/homebrew/Cellar/python@3.13/3.13.5/Frameworks/Python.framework/Versions/3.13/lib/python3.13/multiprocessing/process.py\", line 313, in _bootstrap\n    self.run()\n  File \"/opt/homebrew/Cellar/python@3.13/3.13.5/Frameworks/Python.framework/Versions/3.13/lib/python3.13/multiprocessing/process.py\", line 108, in run\n    self._target(*self._args, **self._kwargs)\n  File \"/Users/zhongxuan/Desktop/demo3/qlib-web/backend/venv/lib/python3.13/site-packages/uvicorn/_subprocess.py\", line 80, in subprocess_started\n    target(sockets=sockets)\n  File \"/Users/zhongxuan/Desktop/demo3/qlib-web/backend/venv/lib/python3.13/site-packages/uvicorn/server.py\", line 67, in run\n    return asyncio.run(self.serve(sockets=sockets))\n  File \"/opt/homebrew/Cellar/python@3.13/3.13.5/Frameworks/Python.framework/Versions/3.13/lib/python3.13/asyncio/runners.py\", line 195, in run\n    return runner.run(main)\n  File \"/opt/homebrew/Cellar/python@3.13/3.13.5/Frameworks/Python.framework/Versions/3.13/lib/python3.13/asyncio/runners.py\", line 118, in run\n    return self._loop.run_until_complete(task)\n  File \"/opt/homebrew/Cellar/python@3.13/3.13.5/Frameworks/Python.framework/Versions/3.13/lib/python3.13/asyncio/base_events.py\", line 712, in run_until_complete\n    self.run_forever()\n  File \"/opt/homebrew/Cellar/python@3.13/3.13.5/Frameworks/Python.framework/Versions/3.13/lib/python3.13/asyncio/base_events.py\", line 683, in run_forever\n    self._run_once()\n  File \"/opt/homebrew/Cellar/python@3.13/3.13.5/Frameworks/Python.framework/Versions/3.13/lib/python3.13/asyncio/base_events.py\", line 2042, in _run_once\n    handle._run()\n  File \"/opt/homebrew/Cellar/python@3.13/3.13.5/Frameworks/Python.framework/Versions/3.13/lib/python3.13/asyncio/events.py\", line 89, in _run\n    self._context.run(self._callback, *self._args)\n  File \"/Users/zhongxuan/Desktop/demo3/qlib-web/backend/app/services/graceful_degradation_service.py\", line 344, in _monitoring_loop\n    await self._apply_degradation_rules()\n  File \"/Users/zhongxuan/Desktop/demo3/qlib-web/backend/app/services/graceful_degradation_service.py\", line 414, in _apply_degradation_rules\n    await self._apply_degradation(rule, service_status)\n  File \"/Users/zhongxuan/Desktop/demo3/qlib-web/backend/app/services/graceful_degradation_service.py\", line 461, in _apply_degradation\n    error_logging_service.log_warning(\n  File \"/Users/zhongxuan/Desktop/demo3/qlib-web/backend/app/services/error_logging_service.py\", line 409, in log_warning\n    return self.collector.collect_custom_error(\n  File \"/Users/zhongxuan/Desktop/demo3/qlib-web/backend/app/services/error_logging_service.py\", line 304, in collect_custom_error\n    stack_trace = ''.join(traceback.format_stack())\n", "request_id": null, "user_id": null, "endpoint": null, "method": null, "user_agent": null, "ip_address": null, "additional_context": {}}
INFO:     Application startup complete.
2025-08-15 15:01:59,677 - error_collector - ERROR - {"timestamp": "2025-08-15T15:01:59.676782", "level": "warning", "category": "system", "message": "自动恢复成功: database - 服务 database 重启成功", "exception_type": "CustomError", "stack_trace": "  File \"<string>\", line 1, in <module>\n    from multiprocessing.spawn import spawn_main; spawn_main(tracker_fd=5, pipe_handle=7)\n  File \"/opt/homebrew/Cellar/python@3.13/3.13.5/Frameworks/Python.framework/Versions/3.13/lib/python3.13/multiprocessing/spawn.py\", line 122, in spawn_main\n    exitcode = _main(fd, parent_sentinel)\n  File \"/opt/homebrew/Cellar/python@3.13/3.13.5/Frameworks/Python.framework/Versions/3.13/lib/python3.13/multiprocessing/spawn.py\", line 135, in _main\n    return self._bootstrap(parent_sentinel)\n  File \"/opt/homebrew/Cellar/python@3.13/3.13.5/Frameworks/Python.framework/Versions/3.13/lib/python3.13/multiprocessing/process.py\", line 313, in _bootstrap\n    self.run()\n  File \"/opt/homebrew/Cellar/python@3.13/3.13.5/Frameworks/Python.framework/Versions/3.13/lib/python3.13/multiprocessing/process.py\", line 108, in run\n    self._target(*self._args, **self._kwargs)\n  File \"/Users/zhongxuan/Desktop/demo3/qlib-web/backend/venv/lib/python3.13/site-packages/uvicorn/_subprocess.py\", line 80, in subprocess_started\n    target(sockets=sockets)\n  File \"/Users/zhongxuan/Desktop/demo3/qlib-web/backend/venv/lib/python3.13/site-packages/uvicorn/server.py\", line 67, in run\n    return asyncio.run(self.serve(sockets=sockets))\n  File \"/opt/homebrew/Cellar/python@3.13/3.13.5/Frameworks/Python.framework/Versions/3.13/lib/python3.13/asyncio/runners.py\", line 195, in run\n    return runner.run(main)\n  File \"/opt/homebrew/Cellar/python@3.13/3.13.5/Frameworks/Python.framework/Versions/3.13/lib/python3.13/asyncio/runners.py\", line 118, in run\n    return self._loop.run_until_complete(task)\n  File \"/opt/homebrew/Cellar/python@3.13/3.13.5/Frameworks/Python.framework/Versions/3.13/lib/python3.13/asyncio/base_events.py\", line 712, in run_until_complete\n    self.run_forever()\n  File \"/opt/homebrew/Cellar/python@3.13/3.13.5/Frameworks/Python.framework/Versions/3.13/lib/python3.13/asyncio/base_events.py\", line 683, in run_forever\n    self._run_once()\n  File \"/opt/homebrew/Cellar/python@3.13/3.13.5/Frameworks/Python.framework/Versions/3.13/lib/python3.13/asyncio/base_events.py\", line 2042, in _run_once\n    handle._run()\n  File \"/opt/homebrew/Cellar/python@3.13/3.13.5/Frameworks/Python.framework/Versions/3.13/lib/python3.13/asyncio/events.py\", line 89, in _run\n    self._context.run(self._callback, *self._args)\n  File \"/Users/zhongxuan/Desktop/demo3/qlib-web/backend/app/services/fault_recovery_service.py\", line 417, in _monitor_loop\n    await self._apply_recovery_rules()\n  File \"/Users/zhongxuan/Desktop/demo3/qlib-web/backend/app/services/fault_recovery_service.py\", line 462, in _apply_recovery_rules\n    await self._execute_recovery_rule(rule, service_name, health)\n  File \"/Users/zhongxuan/Desktop/demo3/qlib-web/backend/app/services/fault_recovery_service.py\", line 538, in _execute_recovery_rule\n    error_logging_service.log_warning(\n  File \"/Users/zhongxuan/Desktop/demo3/qlib-web/backend/app/services/error_logging_service.py\", line 409, in log_warning\n    return self.collector.collect_custom_error(\n  File \"/Users/zhongxuan/Desktop/demo3/qlib-web/backend/app/services/error_logging_service.py\", line 304, in collect_custom_error\n    stack_trace = ''.join(traceback.format_stack())\n", "request_id": null, "user_id": null, "endpoint": null, "method": null, "user_agent": null, "ip_address": null, "additional_context": {}}
2025-08-15 15:02:09.011 | INFO     | app.main:add_request_id:151 - Request completed: HEAD /api/v1/auth/register Status: 405 Time: 0.001s ID: 3a50acc5-e398-4bda-a680-15673dad6af1
INFO:     127.0.0.1:52995 - "HEAD /api/v1/auth/register HTTP/1.1" 405 Method Not Allowed
2025-08-15 15:02:18,975 - error_collector - ERROR - {"timestamp": "2025-08-15T15:02:18.975241", "level": "warning", "category": "validation", "message": "输入验证失败: ['input.email: 检测到不安全的文件类型']", "exception_type": "CustomError", "stack_trace": "  File \"<string>\", line 1, in <module>\n    from multiprocessing.spawn import spawn_main; spawn_main(tracker_fd=5, pipe_handle=7)\n  File \"/opt/homebrew/Cellar/python@3.13/3.13.5/Frameworks/Python.framework/Versions/3.13/lib/python3.13/multiprocessing/spawn.py\", line 122, in spawn_main\n    exitcode = _main(fd, parent_sentinel)\n  File \"/opt/homebrew/Cellar/python@3.13/3.13.5/Frameworks/Python.framework/Versions/3.13/lib/python3.13/multiprocessing/spawn.py\", line 135, in _main\n    return self._bootstrap(parent_sentinel)\n  File \"/opt/homebrew/Cellar/python@3.13/3.13.5/Frameworks/Python.framework/Versions/3.13/lib/python3.13/multiprocessing/process.py\", line 313, in _bootstrap\n    self.run()\n  File \"/opt/homebrew/Cellar/python@3.13/3.13.5/Frameworks/Python.framework/Versions/3.13/lib/python3.13/multiprocessing/process.py\", line 108, in run\n    self._target(*self._args, **self._kwargs)\n  File \"/Users/zhongxuan/Desktop/demo3/qlib-web/backend/venv/lib/python3.13/site-packages/uvicorn/_subprocess.py\", line 80, in subprocess_started\n    target(sockets=sockets)\n  File \"/Users/zhongxuan/Desktop/demo3/qlib-web/backend/venv/lib/python3.13/site-packages/uvicorn/server.py\", line 67, in run\n    return asyncio.run(self.serve(sockets=sockets))\n  File \"/opt/homebrew/Cellar/python@3.13/3.13.5/Frameworks/Python.framework/Versions/3.13/lib/python3.13/asyncio/runners.py\", line 195, in run\n    return runner.run(main)\n  File \"/opt/homebrew/Cellar/python@3.13/3.13.5/Frameworks/Python.framework/Versions/3.13/lib/python3.13/asyncio/runners.py\", line 118, in run\n    return self._loop.run_until_complete(task)\n  File \"/opt/homebrew/Cellar/python@3.13/3.13.5/Frameworks/Python.framework/Versions/3.13/lib/python3.13/asyncio/base_events.py\", line 712, in run_until_complete\n    self.run_forever()\n  File \"/opt/homebrew/Cellar/python@3.13/3.13.5/Frameworks/Python.framework/Versions/3.13/lib/python3.13/asyncio/base_events.py\", line 683, in run_forever\n    self._run_once()\n  File \"/opt/homebrew/Cellar/python@3.13/3.13.5/Frameworks/Python.framework/Versions/3.13/lib/python3.13/asyncio/base_events.py\", line 2042, in _run_once\n    handle._run()\n  File \"/opt/homebrew/Cellar/python@3.13/3.13.5/Frameworks/Python.framework/Versions/3.13/lib/python3.13/asyncio/events.py\", line 89, in _run\n    self._context.run(self._callback, *self._args)\n  File \"/Users/zhongxuan/Desktop/demo3/qlib-web/backend/venv/lib/python3.13/site-packages/starlette/middleware/base.py\", line 144, in coro\n    await self.app(scope, receive_or_disconnect, send_no_error)\n  File \"/Users/zhongxuan/Desktop/demo3/qlib-web/backend/venv/lib/python3.13/site-packages/starlette/middleware/base.py\", line 184, in __call__\n    response = await self.dispatch_func(request, call_next)\n  File \"/Users/zhongxuan/Desktop/demo3/qlib-web/backend/app/middleware/security_middleware.py\", line 259, in dispatch\n    error_logging_service.log_warning(\n  File \"/Users/zhongxuan/Desktop/demo3/qlib-web/backend/app/services/error_logging_service.py\", line 409, in log_warning\n    return self.collector.collect_custom_error(\n  File \"/Users/zhongxuan/Desktop/demo3/qlib-web/backend/app/services/error_logging_service.py\", line 304, in collect_custom_error\n    stack_trace = ''.join(traceback.format_stack())\n", "request_id": null, "user_id": null, "endpoint": null, "method": null, "user_agent": null, "ip_address": null, "additional_context": {}}
2025-08-15 15:02:18.975 | INFO     | app.main:add_request_id:151 - Request completed: POST /api/v1/auth/register Status: 400 Time: 0.003s ID: a6b13514-4d1a-4ffd-8834-0f2a60c033af
INFO:     127.0.0.1:53068 - "POST /api/v1/auth/register HTTP/1.1" 400 Bad Request
2025-08-15 15:02:30,682 INFO sqlalchemy.engine.Engine BEGIN (implicit)
2025-08-15 15:02:30,682 - sqlalchemy.engine.Engine - INFO - BEGIN (implicit)
2025-08-15 15:02:30,683 INFO sqlalchemy.engine.Engine SELECT 1
2025-08-15 15:02:30,683 - sqlalchemy.engine.Engine - INFO - SELECT 1
2025-08-15 15:02:30,684 INFO sqlalchemy.engine.Engine [cached since 36.07s ago] {}
2025-08-15 15:02:30,684 - sqlalchemy.engine.Engine - INFO - [cached since 36.07s ago] {}
2025-08-15 15:02:31,689 INFO sqlalchemy.engine.Engine BEGIN (implicit)
2025-08-15 15:02:31,689 - sqlalchemy.engine.Engine - INFO - BEGIN (implicit)
2025-08-15 15:02:31,689 INFO sqlalchemy.engine.Engine SELECT 1
2025-08-15 15:02:31,689 - sqlalchemy.engine.Engine - INFO - SELECT 1
2025-08-15 15:02:31,690 INFO sqlalchemy.engine.Engine [cached since 37.08s ago] {}
2025-08-15 15:02:31,690 - sqlalchemy.engine.Engine - INFO - [cached since 37.08s ago] {}
2025-08-15 15:02:33,699 INFO sqlalchemy.engine.Engine BEGIN (implicit)
2025-08-15 15:02:33,699 - sqlalchemy.engine.Engine - INFO - BEGIN (implicit)
2025-08-15 15:02:33,700 INFO sqlalchemy.engine.Engine SELECT 1
2025-08-15 15:02:33,700 - sqlalchemy.engine.Engine - INFO - SELECT 1
2025-08-15 15:02:33,700 INFO sqlalchemy.engine.Engine [cached since 39.09s ago] {}
2025-08-15 15:02:33,700 - sqlalchemy.engine.Engine - INFO - [cached since 39.09s ago] {}
2025-08-15 15:02:34,709 INFO sqlalchemy.engine.Engine BEGIN (implicit)
2025-08-15 15:02:34,709 - sqlalchemy.engine.Engine - INFO - BEGIN (implicit)
2025-08-15 15:02:34,709 INFO sqlalchemy.engine.Engine SELECT 1
2025-08-15 15:02:34,709 - sqlalchemy.engine.Engine - INFO - SELECT 1
2025-08-15 15:02:34,710 INFO sqlalchemy.engine.Engine [cached since 40.1s ago] {}
2025-08-15 15:02:34,710 - sqlalchemy.engine.Engine - INFO - [cached since 40.1s ago] {}
2025-08-15 15:02:35,876 - error_collector - ERROR - {"timestamp": "2025-08-15T15:02:35.876227", "level": "warning", "category": "validation", "message": "输入验证失败: ['input.email: 检测到不安全的文件类型']", "exception_type": "CustomError", "stack_trace": "  File \"<string>\", line 1, in <module>\n    from multiprocessing.spawn import spawn_main; spawn_main(tracker_fd=5, pipe_handle=7)\n  File \"/opt/homebrew/Cellar/python@3.13/3.13.5/Frameworks/Python.framework/Versions/3.13/lib/python3.13/multiprocessing/spawn.py\", line 122, in spawn_main\n    exitcode = _main(fd, parent_sentinel)\n  File \"/opt/homebrew/Cellar/python@3.13/3.13.5/Frameworks/Python.framework/Versions/3.13/lib/python3.13/multiprocessing/spawn.py\", line 135, in _main\n    return self._bootstrap(parent_sentinel)\n  File \"/opt/homebrew/Cellar/python@3.13/3.13.5/Frameworks/Python.framework/Versions/3.13/lib/python3.13/multiprocessing/process.py\", line 313, in _bootstrap\n    self.run()\n  File \"/opt/homebrew/Cellar/python@3.13/3.13.5/Frameworks/Python.framework/Versions/3.13/lib/python3.13/multiprocessing/process.py\", line 108, in run\n    self._target(*self._args, **self._kwargs)\n  File \"/Users/zhongxuan/Desktop/demo3/qlib-web/backend/venv/lib/python3.13/site-packages/uvicorn/_subprocess.py\", line 80, in subprocess_started\n    target(sockets=sockets)\n  File \"/Users/zhongxuan/Desktop/demo3/qlib-web/backend/venv/lib/python3.13/site-packages/uvicorn/server.py\", line 67, in run\n    return asyncio.run(self.serve(sockets=sockets))\n  File \"/opt/homebrew/Cellar/python@3.13/3.13.5/Frameworks/Python.framework/Versions/3.13/lib/python3.13/asyncio/runners.py\", line 195, in run\n    return runner.run(main)\n  File \"/opt/homebrew/Cellar/python@3.13/3.13.5/Frameworks/Python.framework/Versions/3.13/lib/python3.13/asyncio/runners.py\", line 118, in run\n    return self._loop.run_until_complete(task)\n  File \"/opt/homebrew/Cellar/python@3.13/3.13.5/Frameworks/Python.framework/Versions/3.13/lib/python3.13/asyncio/base_events.py\", line 712, in run_until_complete\n    self.run_forever()\n  File \"/opt/homebrew/Cellar/python@3.13/3.13.5/Frameworks/Python.framework/Versions/3.13/lib/python3.13/asyncio/base_events.py\", line 683, in run_forever\n    self._run_once()\n  File \"/opt/homebrew/Cellar/python@3.13/3.13.5/Frameworks/Python.framework/Versions/3.13/lib/python3.13/asyncio/base_events.py\", line 2042, in _run_once\n    handle._run()\n  File \"/opt/homebrew/Cellar/python@3.13/3.13.5/Frameworks/Python.framework/Versions/3.13/lib/python3.13/asyncio/events.py\", line 89, in _run\n    self._context.run(self._callback, *self._args)\n  File \"/Users/zhongxuan/Desktop/demo3/qlib-web/backend/venv/lib/python3.13/site-packages/starlette/middleware/base.py\", line 144, in coro\n    await self.app(scope, receive_or_disconnect, send_no_error)\n  File \"/Users/zhongxuan/Desktop/demo3/qlib-web/backend/venv/lib/python3.13/site-packages/starlette/middleware/base.py\", line 184, in __call__\n    response = await self.dispatch_func(request, call_next)\n  File \"/Users/zhongxuan/Desktop/demo3/qlib-web/backend/app/middleware/security_middleware.py\", line 259, in dispatch\n    error_logging_service.log_warning(\n  File \"/Users/zhongxuan/Desktop/demo3/qlib-web/backend/app/services/error_logging_service.py\", line 409, in log_warning\n    return self.collector.collect_custom_error(\n  File \"/Users/zhongxuan/Desktop/demo3/qlib-web/backend/app/services/error_logging_service.py\", line 304, in collect_custom_error\n    stack_trace = ''.join(traceback.format_stack())\n", "request_id": null, "user_id": null, "endpoint": null, "method": null, "user_agent": null, "ip_address": null, "additional_context": {}}
2025-08-15 15:02:35.876 | INFO     | app.main:add_request_id:151 - Request completed: POST /api/v1/auth/register Status: 400 Time: 0.001s ID: 6febe1b3-e8e8-4468-8118-5480b5e9f0bc
INFO:     127.0.0.1:53174 - "POST /api/v1/auth/register HTTP/1.1" 400 Bad Request
2025-08-15 15:03:05,734 INFO sqlalchemy.engine.Engine BEGIN (implicit)
2025-08-15 15:03:05,734 - sqlalchemy.engine.Engine - INFO - BEGIN (implicit)
2025-08-15 15:03:05,735 INFO sqlalchemy.engine.Engine SELECT 1
2025-08-15 15:03:05,735 - sqlalchemy.engine.Engine - INFO - SELECT 1
2025-08-15 15:03:05,735 INFO sqlalchemy.engine.Engine [cached since 71.12s ago] {}
2025-08-15 15:03:05,735 - sqlalchemy.engine.Engine - INFO - [cached since 71.12s ago] {}
2025-08-15 15:03:06,751 INFO sqlalchemy.engine.Engine BEGIN (implicit)
2025-08-15 15:03:06,751 - sqlalchemy.engine.Engine - INFO - BEGIN (implicit)
2025-08-15 15:03:06,752 INFO sqlalchemy.engine.Engine SELECT 1
2025-08-15 15:03:06,752 - sqlalchemy.engine.Engine - INFO - SELECT 1
2025-08-15 15:03:06,752 INFO sqlalchemy.engine.Engine [cached since 72.14s ago] {}
2025-08-15 15:03:06,752 - sqlalchemy.engine.Engine - INFO - [cached since 72.14s ago] {}
2025-08-15 15:03:08,766 INFO sqlalchemy.engine.Engine BEGIN (implicit)
2025-08-15 15:03:08,766 - sqlalchemy.engine.Engine - INFO - BEGIN (implicit)
2025-08-15 15:03:08,766 INFO sqlalchemy.engine.Engine SELECT 1
2025-08-15 15:03:08,766 - sqlalchemy.engine.Engine - INFO - SELECT 1
2025-08-15 15:03:08,767 INFO sqlalchemy.engine.Engine [cached since 74.15s ago] {}
2025-08-15 15:03:08,767 - sqlalchemy.engine.Engine - INFO - [cached since 74.15s ago] {}
2025-08-15 15:03:09,784 INFO sqlalchemy.engine.Engine BEGIN (implicit)
2025-08-15 15:03:09,784 - sqlalchemy.engine.Engine - INFO - BEGIN (implicit)
2025-08-15 15:03:09,784 INFO sqlalchemy.engine.Engine SELECT 1
2025-08-15 15:03:09,784 - sqlalchemy.engine.Engine - INFO - SELECT 1
2025-08-15 15:03:09,784 INFO sqlalchemy.engine.Engine [cached since 75.17s ago] {}
2025-08-15 15:03:09,784 - sqlalchemy.engine.Engine - INFO - [cached since 75.17s ago] {}
WARNING:  WatchFiles detected changes in 'app/middleware/security_middleware.py'. Reloading...
INFO:     Shutting down
INFO:     Waiting for application shutdown.
2025-08-15 15:03:19.693 | INFO     | app.main:lifespan:62 - Shutting down APM service...
2025-08-15 15:03:19.694 | INFO     | app.main:lifespan:65 - Shutting down fault recovery service...
2025-08-15 15:03:19.694 | INFO     | app.main:lifespan:68 - Shutting down graceful degradation service...
2025-08-15 15:03:19.694 | INFO     | app.main:lifespan:71 - Application shutdown complete
INFO:     Application shutdown complete.
INFO:     Finished server process [38358]
INFO:     Started server process [40523]
INFO:     Waiting for application startup.
2025-08-15 15:03:21.309 | INFO     | app.main:lifespan:27 - Starting Qlib Web Console API v1.0.0
2025-08-15 15:03:21.309 | INFO     | app.main:lifespan:30 - Initializing database...
2025-08-15 15:03:21,317 INFO sqlalchemy.engine.Engine SELECT DATABASE()
2025-08-15 15:03:21,317 - sqlalchemy.engine.Engine - INFO - SELECT DATABASE()
2025-08-15 15:03:21,317 INFO sqlalchemy.engine.Engine [raw sql] {}
2025-08-15 15:03:21,317 - sqlalchemy.engine.Engine - INFO - [raw sql] {}
2025-08-15 15:03:21,319 INFO sqlalchemy.engine.Engine SELECT @@sql_mode
2025-08-15 15:03:21,319 - sqlalchemy.engine.Engine - INFO - SELECT @@sql_mode
2025-08-15 15:03:21,319 INFO sqlalchemy.engine.Engine [raw sql] {}
2025-08-15 15:03:21,319 - sqlalchemy.engine.Engine - INFO - [raw sql] {}
2025-08-15 15:03:21,320 INFO sqlalchemy.engine.Engine SELECT @@lower_case_table_names
2025-08-15 15:03:21,320 - sqlalchemy.engine.Engine - INFO - SELECT @@lower_case_table_names
2025-08-15 15:03:21,320 INFO sqlalchemy.engine.Engine [raw sql] {}
2025-08-15 15:03:21,320 - sqlalchemy.engine.Engine - INFO - [raw sql] {}
2025-08-15 15:03:21,322 INFO sqlalchemy.engine.Engine BEGIN (implicit)
2025-08-15 15:03:21,322 - sqlalchemy.engine.Engine - INFO - BEGIN (implicit)
2025-08-15 15:03:21,322 INFO sqlalchemy.engine.Engine DESCRIBE `qlib_web`.`qlib_experiments`
2025-08-15 15:03:21,322 - sqlalchemy.engine.Engine - INFO - DESCRIBE `qlib_web`.`qlib_experiments`
2025-08-15 15:03:21,322 INFO sqlalchemy.engine.Engine [raw sql] {}
2025-08-15 15:03:21,322 - sqlalchemy.engine.Engine - INFO - [raw sql] {}
2025-08-15 15:03:21,330 INFO sqlalchemy.engine.Engine DESCRIBE `qlib_web`.`qlib_tasks`
2025-08-15 15:03:21,330 - sqlalchemy.engine.Engine - INFO - DESCRIBE `qlib_web`.`qlib_tasks`
2025-08-15 15:03:21,330 INFO sqlalchemy.engine.Engine [raw sql] {}
2025-08-15 15:03:21,330 - sqlalchemy.engine.Engine - INFO - [raw sql] {}
2025-08-15 15:03:21,331 INFO sqlalchemy.engine.Engine DESCRIBE `qlib_web`.`user_team_association`
2025-08-15 15:03:21,331 - sqlalchemy.engine.Engine - INFO - DESCRIBE `qlib_web`.`user_team_association`
2025-08-15 15:03:21,331 INFO sqlalchemy.engine.Engine [raw sql] {}
2025-08-15 15:03:21,331 - sqlalchemy.engine.Engine - INFO - [raw sql] {}
2025-08-15 15:03:21,332 INFO sqlalchemy.engine.Engine DESCRIBE `qlib_web`.`users`
2025-08-15 15:03:21,332 - sqlalchemy.engine.Engine - INFO - DESCRIBE `qlib_web`.`users`
2025-08-15 15:03:21,332 INFO sqlalchemy.engine.Engine [raw sql] {}
2025-08-15 15:03:21,332 - sqlalchemy.engine.Engine - INFO - [raw sql] {}
2025-08-15 15:03:21,333 INFO sqlalchemy.engine.Engine DESCRIBE `qlib_web`.`teams`
2025-08-15 15:03:21,333 - sqlalchemy.engine.Engine - INFO - DESCRIBE `qlib_web`.`teams`
2025-08-15 15:03:21,333 INFO sqlalchemy.engine.Engine [raw sql] {}
2025-08-15 15:03:21,333 - sqlalchemy.engine.Engine - INFO - [raw sql] {}
2025-08-15 15:03:21,334 INFO sqlalchemy.engine.Engine DESCRIBE `qlib_web`.`user_sessions`
2025-08-15 15:03:21,334 - sqlalchemy.engine.Engine - INFO - DESCRIBE `qlib_web`.`user_sessions`
2025-08-15 15:03:21,335 INFO sqlalchemy.engine.Engine [raw sql] {}
2025-08-15 15:03:21,335 - sqlalchemy.engine.Engine - INFO - [raw sql] {}
2025-08-15 15:03:21,336 INFO sqlalchemy.engine.Engine DESCRIBE `qlib_web`.`password_reset_tokens`
2025-08-15 15:03:21,336 - sqlalchemy.engine.Engine - INFO - DESCRIBE `qlib_web`.`password_reset_tokens`
2025-08-15 15:03:21,336 INFO sqlalchemy.engine.Engine [raw sql] {}
2025-08-15 15:03:21,336 - sqlalchemy.engine.Engine - INFO - [raw sql] {}
2025-08-15 15:03:21,337 INFO sqlalchemy.engine.Engine DESCRIBE `qlib_web`.`email_verification_tokens`
2025-08-15 15:03:21,337 - sqlalchemy.engine.Engine - INFO - DESCRIBE `qlib_web`.`email_verification_tokens`
2025-08-15 15:03:21,337 INFO sqlalchemy.engine.Engine [raw sql] {}
2025-08-15 15:03:21,337 - sqlalchemy.engine.Engine - INFO - [raw sql] {}
2025-08-15 15:03:21,338 INFO sqlalchemy.engine.Engine DESCRIBE `qlib_web`.`experiment_templates`
2025-08-15 15:03:21,338 - sqlalchemy.engine.Engine - INFO - DESCRIBE `qlib_web`.`experiment_templates`
2025-08-15 15:03:21,338 INFO sqlalchemy.engine.Engine [raw sql] {}
2025-08-15 15:03:21,338 - sqlalchemy.engine.Engine - INFO - [raw sql] {}
2025-08-15 15:03:21,339 INFO sqlalchemy.engine.Engine DESCRIBE `qlib_web`.`template_usage`
2025-08-15 15:03:21,339 - sqlalchemy.engine.Engine - INFO - DESCRIBE `qlib_web`.`template_usage`
2025-08-15 15:03:21,339 INFO sqlalchemy.engine.Engine [raw sql] {}
2025-08-15 15:03:21,339 - sqlalchemy.engine.Engine - INFO - [raw sql] {}
2025-08-15 15:03:21,340 INFO sqlalchemy.engine.Engine DESCRIBE `qlib_web`.`template_categories`
2025-08-15 15:03:21,340 - sqlalchemy.engine.Engine - INFO - DESCRIBE `qlib_web`.`template_categories`
2025-08-15 15:03:21,340 INFO sqlalchemy.engine.Engine [raw sql] {}
2025-08-15 15:03:21,340 - sqlalchemy.engine.Engine - INFO - [raw sql] {}
2025-08-15 15:03:21,341 INFO sqlalchemy.engine.Engine DESCRIBE `qlib_web`.`experiment_shares`
2025-08-15 15:03:21,341 - sqlalchemy.engine.Engine - INFO - DESCRIBE `qlib_web`.`experiment_shares`
2025-08-15 15:03:21,341 INFO sqlalchemy.engine.Engine [raw sql] {}
2025-08-15 15:03:21,341 - sqlalchemy.engine.Engine - INFO - [raw sql] {}
2025-08-15 15:03:21,342 INFO sqlalchemy.engine.Engine DESCRIBE `qlib_web`.`share_access_logs`
2025-08-15 15:03:21,342 - sqlalchemy.engine.Engine - INFO - DESCRIBE `qlib_web`.`share_access_logs`
2025-08-15 15:03:21,342 INFO sqlalchemy.engine.Engine [raw sql] {}
2025-08-15 15:03:21,342 - sqlalchemy.engine.Engine - INFO - [raw sql] {}
2025-08-15 15:03:21,343 INFO sqlalchemy.engine.Engine DESCRIBE `qlib_web`.`share_invitations`
2025-08-15 15:03:21,343 - sqlalchemy.engine.Engine - INFO - DESCRIBE `qlib_web`.`share_invitations`
2025-08-15 15:03:21,343 INFO sqlalchemy.engine.Engine [raw sql] {}
2025-08-15 15:03:21,343 - sqlalchemy.engine.Engine - INFO - [raw sql] {}
2025-08-15 15:03:21,344 INFO sqlalchemy.engine.Engine DESCRIBE `qlib_web`.`experiment_comments`
2025-08-15 15:03:21,344 - sqlalchemy.engine.Engine - INFO - DESCRIBE `qlib_web`.`experiment_comments`
2025-08-15 15:03:21,344 INFO sqlalchemy.engine.Engine [raw sql] {}
2025-08-15 15:03:21,344 - sqlalchemy.engine.Engine - INFO - [raw sql] {}
2025-08-15 15:03:21,345 INFO sqlalchemy.engine.Engine DESCRIBE `qlib_web`.`comment_likes`
2025-08-15 15:03:21,345 - sqlalchemy.engine.Engine - INFO - DESCRIBE `qlib_web`.`comment_likes`
2025-08-15 15:03:21,346 INFO sqlalchemy.engine.Engine [raw sql] {}
2025-08-15 15:03:21,346 - sqlalchemy.engine.Engine - INFO - [raw sql] {}
2025-08-15 15:03:21,346 INFO sqlalchemy.engine.Engine DESCRIBE `qlib_web`.`experiment_likes`
2025-08-15 15:03:21,346 - sqlalchemy.engine.Engine - INFO - DESCRIBE `qlib_web`.`experiment_likes`
2025-08-15 15:03:21,347 INFO sqlalchemy.engine.Engine [raw sql] {}
2025-08-15 15:03:21,347 - sqlalchemy.engine.Engine - INFO - [raw sql] {}
2025-08-15 15:03:21,347 INFO sqlalchemy.engine.Engine DESCRIBE `qlib_web`.`experiment_favorites`
2025-08-15 15:03:21,347 - sqlalchemy.engine.Engine - INFO - DESCRIBE `qlib_web`.`experiment_favorites`
2025-08-15 15:03:21,348 INFO sqlalchemy.engine.Engine [raw sql] {}
2025-08-15 15:03:21,348 - sqlalchemy.engine.Engine - INFO - [raw sql] {}
2025-08-15 15:03:21,349 INFO sqlalchemy.engine.Engine DESCRIBE `qlib_web`.`team_activities`
2025-08-15 15:03:21,349 - sqlalchemy.engine.Engine - INFO - DESCRIBE `qlib_web`.`team_activities`
2025-08-15 15:03:21,349 INFO sqlalchemy.engine.Engine [raw sql] {}
2025-08-15 15:03:21,349 - sqlalchemy.engine.Engine - INFO - [raw sql] {}
2025-08-15 15:03:21,350 INFO sqlalchemy.engine.Engine DESCRIBE `qlib_web`.`experiment_ratings`
2025-08-15 15:03:21,350 - sqlalchemy.engine.Engine - INFO - DESCRIBE `qlib_web`.`experiment_ratings`
2025-08-15 15:03:21,350 INFO sqlalchemy.engine.Engine [raw sql] {}
2025-08-15 15:03:21,350 - sqlalchemy.engine.Engine - INFO - [raw sql] {}
2025-08-15 15:03:21,351 INFO sqlalchemy.engine.Engine COMMIT
2025-08-15 15:03:21,351 - sqlalchemy.engine.Engine - INFO - COMMIT
2025-08-15 15:03:21.353 | INFO     | app.main:lifespan:34 - Starting APM service...
2025-08-15 15:03:21.353 | SUCCESS  | app.main:lifespan:36 - APM service started successfully
2025-08-15 15:03:21.353 | INFO     | app.main:lifespan:39 - Starting fault recovery service...
2025-08-15 15:03:21.353 | SUCCESS  | app.main:lifespan:41 - Fault recovery service started successfully
2025-08-15 15:03:21.353 | INFO     | app.main:lifespan:44 - Starting graceful degradation service...
2025-08-15 15:03:21.353 | SUCCESS  | app.main:lifespan:46 - Graceful degradation service started successfully
2025-08-15 15:03:21.353 | INFO     | app.main:lifespan:49 - Initializing Qlib...
[40523:MainThread](2025-08-15 15:03:21,353) INFO - qlib.Initialization - [config.py:452] - default_conf: client.
[40523:MainThread](2025-08-15 15:03:21,623) INFO - qlib.Initialization - [__init__.py:75] - qlib successfully initialized based on client settings.
[40523:MainThread](2025-08-15 15:03:21,623) INFO - qlib.Initialization - [__init__.py:77] - data_path={'__DEFAULT_FREQ': PosixPath('/Users/zhongxuan/.qlib/qlib_data/cn_data')}
2025-08-15 15:03:21.623 | SUCCESS  | app.utils.qlib_manager:init_qlib:42 - Qlib initialized successfully
2025-08-15 15:03:21.623 | WARNING  | app.utils.qlib_manager:init_qlib:49 - Data validation failed: slice(None, 5, None)
2025-08-15 15:03:21.623 | SUCCESS  | app.main:lifespan:53 - Qlib initialized successfully
2025-08-15 15:03:21.624 | SUCCESS  | app.main:lifespan:57 - Application startup complete
2025-08-15 15:03:23,638 INFO sqlalchemy.engine.Engine BEGIN (implicit)
2025-08-15 15:03:23,638 - sqlalchemy.engine.Engine - INFO - BEGIN (implicit)
2025-08-15 15:03:23,639 INFO sqlalchemy.engine.Engine SELECT 1
2025-08-15 15:03:23,639 - sqlalchemy.engine.Engine - INFO - SELECT 1
2025-08-15 15:03:23,639 INFO sqlalchemy.engine.Engine [generated in 0.00040s] {}
2025-08-15 15:03:23,639 - sqlalchemy.engine.Engine - INFO - [generated in 0.00040s] {}
2025-08-15 15:03:24,656 INFO sqlalchemy.engine.Engine BEGIN (implicit)
2025-08-15 15:03:24,656 - sqlalchemy.engine.Engine - INFO - BEGIN (implicit)
2025-08-15 15:03:24,657 INFO sqlalchemy.engine.Engine SELECT 1
2025-08-15 15:03:24,657 - sqlalchemy.engine.Engine - INFO - SELECT 1
2025-08-15 15:03:24,657 INFO sqlalchemy.engine.Engine [cached since 1.018s ago] {}
2025-08-15 15:03:24,657 - sqlalchemy.engine.Engine - INFO - [cached since 1.018s ago] {}
2025-08-15 15:03:26,671 INFO sqlalchemy.engine.Engine BEGIN (implicit)
2025-08-15 15:03:26,671 - sqlalchemy.engine.Engine - INFO - BEGIN (implicit)
2025-08-15 15:03:26,671 INFO sqlalchemy.engine.Engine SELECT 1
2025-08-15 15:03:26,671 - sqlalchemy.engine.Engine - INFO - SELECT 1
2025-08-15 15:03:26,671 INFO sqlalchemy.engine.Engine [cached since 3.032s ago] {}
2025-08-15 15:03:26,671 - sqlalchemy.engine.Engine - INFO - [cached since 3.032s ago] {}
2025-08-15 15:03:27,687 INFO sqlalchemy.engine.Engine BEGIN (implicit)
2025-08-15 15:03:27,687 - sqlalchemy.engine.Engine - INFO - BEGIN (implicit)
2025-08-15 15:03:27,687 INFO sqlalchemy.engine.Engine SELECT 1
2025-08-15 15:03:27,687 - sqlalchemy.engine.Engine - INFO - SELECT 1
2025-08-15 15:03:27,687 INFO sqlalchemy.engine.Engine [cached since 4.048s ago] {}
2025-08-15 15:03:27,687 - sqlalchemy.engine.Engine - INFO - [cached since 4.048s ago] {}
INFO:     Application startup complete.
2025-08-15 15:03:28,699 - error_collector - ERROR - {"timestamp": "2025-08-15T15:03:28.699398", "level": "warning", "category": "system", "message": "自动恢复成功: database - 服务 database 重启成功", "exception_type": "CustomError", "stack_trace": "  File \"<string>\", line 1, in <module>\n    from multiprocessing.spawn import spawn_main; spawn_main(tracker_fd=5, pipe_handle=7)\n  File \"/opt/homebrew/Cellar/python@3.13/3.13.5/Frameworks/Python.framework/Versions/3.13/lib/python3.13/multiprocessing/spawn.py\", line 122, in spawn_main\n    exitcode = _main(fd, parent_sentinel)\n  File \"/opt/homebrew/Cellar/python@3.13/3.13.5/Frameworks/Python.framework/Versions/3.13/lib/python3.13/multiprocessing/spawn.py\", line 135, in _main\n    return self._bootstrap(parent_sentinel)\n  File \"/opt/homebrew/Cellar/python@3.13/3.13.5/Frameworks/Python.framework/Versions/3.13/lib/python3.13/multiprocessing/process.py\", line 313, in _bootstrap\n    self.run()\n  File \"/opt/homebrew/Cellar/python@3.13/3.13.5/Frameworks/Python.framework/Versions/3.13/lib/python3.13/multiprocessing/process.py\", line 108, in run\n    self._target(*self._args, **self._kwargs)\n  File \"/Users/zhongxuan/Desktop/demo3/qlib-web/backend/venv/lib/python3.13/site-packages/uvicorn/_subprocess.py\", line 80, in subprocess_started\n    target(sockets=sockets)\n  File \"/Users/zhongxuan/Desktop/demo3/qlib-web/backend/venv/lib/python3.13/site-packages/uvicorn/server.py\", line 67, in run\n    return asyncio.run(self.serve(sockets=sockets))\n  File \"/opt/homebrew/Cellar/python@3.13/3.13.5/Frameworks/Python.framework/Versions/3.13/lib/python3.13/asyncio/runners.py\", line 195, in run\n    return runner.run(main)\n  File \"/opt/homebrew/Cellar/python@3.13/3.13.5/Frameworks/Python.framework/Versions/3.13/lib/python3.13/asyncio/runners.py\", line 118, in run\n    return self._loop.run_until_complete(task)\n  File \"/opt/homebrew/Cellar/python@3.13/3.13.5/Frameworks/Python.framework/Versions/3.13/lib/python3.13/asyncio/base_events.py\", line 712, in run_until_complete\n    self.run_forever()\n  File \"/opt/homebrew/Cellar/python@3.13/3.13.5/Frameworks/Python.framework/Versions/3.13/lib/python3.13/asyncio/base_events.py\", line 683, in run_forever\n    self._run_once()\n  File \"/opt/homebrew/Cellar/python@3.13/3.13.5/Frameworks/Python.framework/Versions/3.13/lib/python3.13/asyncio/base_events.py\", line 2042, in _run_once\n    handle._run()\n  File \"/opt/homebrew/Cellar/python@3.13/3.13.5/Frameworks/Python.framework/Versions/3.13/lib/python3.13/asyncio/events.py\", line 89, in _run\n    self._context.run(self._callback, *self._args)\n  File \"/Users/zhongxuan/Desktop/demo3/qlib-web/backend/app/services/fault_recovery_service.py\", line 417, in _monitor_loop\n    await self._apply_recovery_rules()\n  File \"/Users/zhongxuan/Desktop/demo3/qlib-web/backend/app/services/fault_recovery_service.py\", line 462, in _apply_recovery_rules\n    await self._execute_recovery_rule(rule, service_name, health)\n  File \"/Users/zhongxuan/Desktop/demo3/qlib-web/backend/app/services/fault_recovery_service.py\", line 538, in _execute_recovery_rule\n    error_logging_service.log_warning(\n  File \"/Users/zhongxuan/Desktop/demo3/qlib-web/backend/app/services/error_logging_service.py\", line 409, in log_warning\n    return self.collector.collect_custom_error(\n  File \"/Users/zhongxuan/Desktop/demo3/qlib-web/backend/app/services/error_logging_service.py\", line 304, in collect_custom_error\n    stack_trace = ''.join(traceback.format_stack())\n", "request_id": null, "user_id": null, "endpoint": null, "method": null, "user_agent": null, "ip_address": null, "additional_context": {}}
2025-08-15 15:03:59,920 INFO sqlalchemy.engine.Engine BEGIN (implicit)
2025-08-15 15:03:59,920 - sqlalchemy.engine.Engine - INFO - BEGIN (implicit)
2025-08-15 15:03:59,921 INFO sqlalchemy.engine.Engine SELECT 1
2025-08-15 15:03:59,921 - sqlalchemy.engine.Engine - INFO - SELECT 1
2025-08-15 15:03:59,921 INFO sqlalchemy.engine.Engine [cached since 36.08s ago] {}
2025-08-15 15:03:59,921 - sqlalchemy.engine.Engine - INFO - [cached since 36.08s ago] {}
2025-08-15 15:04:00,937 INFO sqlalchemy.engine.Engine BEGIN (implicit)
2025-08-15 15:04:00,937 - sqlalchemy.engine.Engine - INFO - BEGIN (implicit)
2025-08-15 15:04:00,938 INFO sqlalchemy.engine.Engine SELECT 1
2025-08-15 15:04:00,938 - sqlalchemy.engine.Engine - INFO - SELECT 1
2025-08-15 15:04:00,938 INFO sqlalchemy.engine.Engine [cached since 37.1s ago] {}
2025-08-15 15:04:00,938 - sqlalchemy.engine.Engine - INFO - [cached since 37.1s ago] {}
2025-08-15 15:04:02,956 INFO sqlalchemy.engine.Engine BEGIN (implicit)
2025-08-15 15:04:02,956 - sqlalchemy.engine.Engine - INFO - BEGIN (implicit)
2025-08-15 15:04:02,957 INFO sqlalchemy.engine.Engine SELECT 1
2025-08-15 15:04:02,957 - sqlalchemy.engine.Engine - INFO - SELECT 1
2025-08-15 15:04:02,957 INFO sqlalchemy.engine.Engine [cached since 39.12s ago] {}
2025-08-15 15:04:02,957 - sqlalchemy.engine.Engine - INFO - [cached since 39.12s ago] {}
2025-08-15 15:04:03,973 INFO sqlalchemy.engine.Engine BEGIN (implicit)
2025-08-15 15:04:03,973 - sqlalchemy.engine.Engine - INFO - BEGIN (implicit)
2025-08-15 15:04:03,973 INFO sqlalchemy.engine.Engine SELECT 1
2025-08-15 15:04:03,973 - sqlalchemy.engine.Engine - INFO - SELECT 1
2025-08-15 15:04:03,973 INFO sqlalchemy.engine.Engine [cached since 40.13s ago] {}
2025-08-15 15:04:03,973 - sqlalchemy.engine.Engine - INFO - [cached since 40.13s ago] {}
2025-08-15 15:04:35,003 INFO sqlalchemy.engine.Engine BEGIN (implicit)
2025-08-15 15:04:35,003 - sqlalchemy.engine.Engine - INFO - BEGIN (implicit)
2025-08-15 15:04:35,005 INFO sqlalchemy.engine.Engine SELECT 1
2025-08-15 15:04:35,005 - sqlalchemy.engine.Engine - INFO - SELECT 1
2025-08-15 15:04:35,006 INFO sqlalchemy.engine.Engine [cached since 71.16s ago] {}
2025-08-15 15:04:35,006 - sqlalchemy.engine.Engine - INFO - [cached since 71.16s ago] {}
2025-08-15 15:04:36,024 INFO sqlalchemy.engine.Engine BEGIN (implicit)
2025-08-15 15:04:36,024 - sqlalchemy.engine.Engine - INFO - BEGIN (implicit)
2025-08-15 15:04:36,024 INFO sqlalchemy.engine.Engine SELECT 1
2025-08-15 15:04:36,024 - sqlalchemy.engine.Engine - INFO - SELECT 1
2025-08-15 15:04:36,024 INFO sqlalchemy.engine.Engine [cached since 72.18s ago] {}
2025-08-15 15:04:36,024 - sqlalchemy.engine.Engine - INFO - [cached since 72.18s ago] {}
2025-08-15 15:04:38,043 INFO sqlalchemy.engine.Engine BEGIN (implicit)
2025-08-15 15:04:38,043 - sqlalchemy.engine.Engine - INFO - BEGIN (implicit)
2025-08-15 15:04:38,044 INFO sqlalchemy.engine.Engine SELECT 1
2025-08-15 15:04:38,044 - sqlalchemy.engine.Engine - INFO - SELECT 1
2025-08-15 15:04:38,044 INFO sqlalchemy.engine.Engine [cached since 74.2s ago] {}
2025-08-15 15:04:38,044 - sqlalchemy.engine.Engine - INFO - [cached since 74.2s ago] {}
2025-08-15 15:04:39,061 INFO sqlalchemy.engine.Engine BEGIN (implicit)
2025-08-15 15:04:39,061 - sqlalchemy.engine.Engine - INFO - BEGIN (implicit)
2025-08-15 15:04:39,062 INFO sqlalchemy.engine.Engine SELECT 1
2025-08-15 15:04:39,062 - sqlalchemy.engine.Engine - INFO - SELECT 1
2025-08-15 15:04:39,062 INFO sqlalchemy.engine.Engine [cached since 75.22s ago] {}
2025-08-15 15:04:39,062 - sqlalchemy.engine.Engine - INFO - [cached since 75.22s ago] {}
2025-08-15 15:05:10,082 INFO sqlalchemy.engine.Engine BEGIN (implicit)
2025-08-15 15:05:10,082 - sqlalchemy.engine.Engine - INFO - BEGIN (implicit)
2025-08-15 15:05:10,084 INFO sqlalchemy.engine.Engine SELECT 1
2025-08-15 15:05:10,084 - sqlalchemy.engine.Engine - INFO - SELECT 1
2025-08-15 15:05:10,084 INFO sqlalchemy.engine.Engine [cached since 106.2s ago] {}
2025-08-15 15:05:10,084 - sqlalchemy.engine.Engine - INFO - [cached since 106.2s ago] {}
2025-08-15 15:05:11,096 INFO sqlalchemy.engine.Engine BEGIN (implicit)
2025-08-15 15:05:11,096 - sqlalchemy.engine.Engine - INFO - BEGIN (implicit)
2025-08-15 15:05:11,096 INFO sqlalchemy.engine.Engine SELECT 1
2025-08-15 15:05:11,096 - sqlalchemy.engine.Engine - INFO - SELECT 1
2025-08-15 15:05:11,097 INFO sqlalchemy.engine.Engine [cached since 107.3s ago] {}
2025-08-15 15:05:11,097 - sqlalchemy.engine.Engine - INFO - [cached since 107.3s ago] {}
2025-08-15 15:05:13,115 INFO sqlalchemy.engine.Engine BEGIN (implicit)
2025-08-15 15:05:13,115 - sqlalchemy.engine.Engine - INFO - BEGIN (implicit)
2025-08-15 15:05:13,115 INFO sqlalchemy.engine.Engine SELECT 1
2025-08-15 15:05:13,115 - sqlalchemy.engine.Engine - INFO - SELECT 1
2025-08-15 15:05:13,115 INFO sqlalchemy.engine.Engine [cached since 109.3s ago] {}
2025-08-15 15:05:13,115 - sqlalchemy.engine.Engine - INFO - [cached since 109.3s ago] {}
2025-08-15 15:05:14,134 INFO sqlalchemy.engine.Engine BEGIN (implicit)
2025-08-15 15:05:14,134 - sqlalchemy.engine.Engine - INFO - BEGIN (implicit)
2025-08-15 15:05:14,135 INFO sqlalchemy.engine.Engine SELECT 1
2025-08-15 15:05:14,135 - sqlalchemy.engine.Engine - INFO - SELECT 1
2025-08-15 15:05:14,135 INFO sqlalchemy.engine.Engine [cached since 110.3s ago] {}
2025-08-15 15:05:14,135 - sqlalchemy.engine.Engine - INFO - [cached since 110.3s ago] {}
2025-08-15 15:05:16.154 | INFO     | app.main:add_request_id:151 - Request completed: POST /api/v1/auth/register Status: 500 Time: 0.018s ID: bd6e58a4-5e7a-4db8-acec-3202b1a6577c
INFO:     127.0.0.1:54171 - "POST /api/v1/auth/register HTTP/1.1" 500 Internal Server Error
WARNING:  WatchFiles detected changes in 'app/models/user.py'. Reloading...
INFO:     Shutting down
INFO:     Waiting for application shutdown.
2025-08-15 15:05:42.928 | INFO     | app.main:lifespan:62 - Shutting down APM service...
2025-08-15 15:05:42.929 | INFO     | app.main:lifespan:65 - Shutting down fault recovery service...
2025-08-15 15:05:42.929 | INFO     | app.main:lifespan:68 - Shutting down graceful degradation service...
2025-08-15 15:05:42.929 | INFO     | app.main:lifespan:71 - Application shutdown complete
INFO:     Application shutdown complete.
INFO:     Finished server process [40523]
INFO:     Started server process [43414]
INFO:     Waiting for application startup.
2025-08-15 15:05:44.514 | INFO     | app.main:lifespan:27 - Starting Qlib Web Console API v1.0.0
2025-08-15 15:05:44.514 | INFO     | app.main:lifespan:30 - Initializing database...
2025-08-15 15:05:44,525 INFO sqlalchemy.engine.Engine SELECT DATABASE()
2025-08-15 15:05:44,525 - sqlalchemy.engine.Engine - INFO - SELECT DATABASE()
2025-08-15 15:05:44,525 INFO sqlalchemy.engine.Engine [raw sql] {}
2025-08-15 15:05:44,525 - sqlalchemy.engine.Engine - INFO - [raw sql] {}
2025-08-15 15:05:44,527 INFO sqlalchemy.engine.Engine SELECT @@sql_mode
2025-08-15 15:05:44,527 - sqlalchemy.engine.Engine - INFO - SELECT @@sql_mode
2025-08-15 15:05:44,527 INFO sqlalchemy.engine.Engine [raw sql] {}
2025-08-15 15:05:44,527 - sqlalchemy.engine.Engine - INFO - [raw sql] {}
2025-08-15 15:05:44,528 INFO sqlalchemy.engine.Engine SELECT @@lower_case_table_names
2025-08-15 15:05:44,528 - sqlalchemy.engine.Engine - INFO - SELECT @@lower_case_table_names
2025-08-15 15:05:44,528 INFO sqlalchemy.engine.Engine [raw sql] {}
2025-08-15 15:05:44,528 - sqlalchemy.engine.Engine - INFO - [raw sql] {}
2025-08-15 15:05:44,530 INFO sqlalchemy.engine.Engine BEGIN (implicit)
2025-08-15 15:05:44,530 - sqlalchemy.engine.Engine - INFO - BEGIN (implicit)
2025-08-15 15:05:44,530 INFO sqlalchemy.engine.Engine DESCRIBE `qlib_web`.`qlib_experiments`
2025-08-15 15:05:44,530 - sqlalchemy.engine.Engine - INFO - DESCRIBE `qlib_web`.`qlib_experiments`
2025-08-15 15:05:44,530 INFO sqlalchemy.engine.Engine [raw sql] {}
2025-08-15 15:05:44,530 - sqlalchemy.engine.Engine - INFO - [raw sql] {}
2025-08-15 15:05:44,534 INFO sqlalchemy.engine.Engine DESCRIBE `qlib_web`.`qlib_tasks`
2025-08-15 15:05:44,534 - sqlalchemy.engine.Engine - INFO - DESCRIBE `qlib_web`.`qlib_tasks`
2025-08-15 15:05:44,534 INFO sqlalchemy.engine.Engine [raw sql] {}
2025-08-15 15:05:44,534 - sqlalchemy.engine.Engine - INFO - [raw sql] {}
2025-08-15 15:05:44,535 INFO sqlalchemy.engine.Engine DESCRIBE `qlib_web`.`user_team_association`
2025-08-15 15:05:44,535 - sqlalchemy.engine.Engine - INFO - DESCRIBE `qlib_web`.`user_team_association`
2025-08-15 15:05:44,535 INFO sqlalchemy.engine.Engine [raw sql] {}
2025-08-15 15:05:44,535 - sqlalchemy.engine.Engine - INFO - [raw sql] {}
2025-08-15 15:05:44,536 INFO sqlalchemy.engine.Engine DESCRIBE `qlib_web`.`users`
2025-08-15 15:05:44,536 - sqlalchemy.engine.Engine - INFO - DESCRIBE `qlib_web`.`users`
2025-08-15 15:05:44,536 INFO sqlalchemy.engine.Engine [raw sql] {}
2025-08-15 15:05:44,536 - sqlalchemy.engine.Engine - INFO - [raw sql] {}
2025-08-15 15:05:44,537 INFO sqlalchemy.engine.Engine DESCRIBE `qlib_web`.`teams`
2025-08-15 15:05:44,537 - sqlalchemy.engine.Engine - INFO - DESCRIBE `qlib_web`.`teams`
2025-08-15 15:05:44,538 INFO sqlalchemy.engine.Engine [raw sql] {}
2025-08-15 15:05:44,538 - sqlalchemy.engine.Engine - INFO - [raw sql] {}
2025-08-15 15:05:44,538 INFO sqlalchemy.engine.Engine DESCRIBE `qlib_web`.`user_sessions`
2025-08-15 15:05:44,538 - sqlalchemy.engine.Engine - INFO - DESCRIBE `qlib_web`.`user_sessions`
2025-08-15 15:05:44,538 INFO sqlalchemy.engine.Engine [raw sql] {}
2025-08-15 15:05:44,538 - sqlalchemy.engine.Engine - INFO - [raw sql] {}
2025-08-15 15:05:44,540 INFO sqlalchemy.engine.Engine DESCRIBE `qlib_web`.`password_reset_tokens`
2025-08-15 15:05:44,540 - sqlalchemy.engine.Engine - INFO - DESCRIBE `qlib_web`.`password_reset_tokens`
2025-08-15 15:05:44,540 INFO sqlalchemy.engine.Engine [raw sql] {}
2025-08-15 15:05:44,540 - sqlalchemy.engine.Engine - INFO - [raw sql] {}
2025-08-15 15:05:44,541 INFO sqlalchemy.engine.Engine DESCRIBE `qlib_web`.`email_verification_tokens`
2025-08-15 15:05:44,541 - sqlalchemy.engine.Engine - INFO - DESCRIBE `qlib_web`.`email_verification_tokens`
2025-08-15 15:05:44,541 INFO sqlalchemy.engine.Engine [raw sql] {}
2025-08-15 15:05:44,541 - sqlalchemy.engine.Engine - INFO - [raw sql] {}
2025-08-15 15:05:44,542 INFO sqlalchemy.engine.Engine DESCRIBE `qlib_web`.`experiment_templates`
2025-08-15 15:05:44,542 - sqlalchemy.engine.Engine - INFO - DESCRIBE `qlib_web`.`experiment_templates`
2025-08-15 15:05:44,542 INFO sqlalchemy.engine.Engine [raw sql] {}
2025-08-15 15:05:44,542 - sqlalchemy.engine.Engine - INFO - [raw sql] {}
2025-08-15 15:05:44,543 INFO sqlalchemy.engine.Engine DESCRIBE `qlib_web`.`template_usage`
2025-08-15 15:05:44,543 - sqlalchemy.engine.Engine - INFO - DESCRIBE `qlib_web`.`template_usage`
2025-08-15 15:05:44,543 INFO sqlalchemy.engine.Engine [raw sql] {}
2025-08-15 15:05:44,543 - sqlalchemy.engine.Engine - INFO - [raw sql] {}
2025-08-15 15:05:44,544 INFO sqlalchemy.engine.Engine DESCRIBE `qlib_web`.`template_categories`
2025-08-15 15:05:44,544 - sqlalchemy.engine.Engine - INFO - DESCRIBE `qlib_web`.`template_categories`
2025-08-15 15:05:44,544 INFO sqlalchemy.engine.Engine [raw sql] {}
2025-08-15 15:05:44,544 - sqlalchemy.engine.Engine - INFO - [raw sql] {}
2025-08-15 15:05:44,545 INFO sqlalchemy.engine.Engine DESCRIBE `qlib_web`.`experiment_shares`
2025-08-15 15:05:44,545 - sqlalchemy.engine.Engine - INFO - DESCRIBE `qlib_web`.`experiment_shares`
2025-08-15 15:05:44,545 INFO sqlalchemy.engine.Engine [raw sql] {}
2025-08-15 15:05:44,545 - sqlalchemy.engine.Engine - INFO - [raw sql] {}
2025-08-15 15:05:44,547 INFO sqlalchemy.engine.Engine DESCRIBE `qlib_web`.`share_access_logs`
2025-08-15 15:05:44,547 - sqlalchemy.engine.Engine - INFO - DESCRIBE `qlib_web`.`share_access_logs`
2025-08-15 15:05:44,547 INFO sqlalchemy.engine.Engine [raw sql] {}
2025-08-15 15:05:44,547 - sqlalchemy.engine.Engine - INFO - [raw sql] {}
2025-08-15 15:05:44,548 INFO sqlalchemy.engine.Engine DESCRIBE `qlib_web`.`share_invitations`
2025-08-15 15:05:44,548 - sqlalchemy.engine.Engine - INFO - DESCRIBE `qlib_web`.`share_invitations`
2025-08-15 15:05:44,549 INFO sqlalchemy.engine.Engine [raw sql] {}
2025-08-15 15:05:44,549 - sqlalchemy.engine.Engine - INFO - [raw sql] {}
2025-08-15 15:05:44,550 INFO sqlalchemy.engine.Engine DESCRIBE `qlib_web`.`experiment_comments`
2025-08-15 15:05:44,550 - sqlalchemy.engine.Engine - INFO - DESCRIBE `qlib_web`.`experiment_comments`
2025-08-15 15:05:44,550 INFO sqlalchemy.engine.Engine [raw sql] {}
2025-08-15 15:05:44,550 - sqlalchemy.engine.Engine - INFO - [raw sql] {}
2025-08-15 15:05:44,552 INFO sqlalchemy.engine.Engine DESCRIBE `qlib_web`.`comment_likes`
2025-08-15 15:05:44,552 - sqlalchemy.engine.Engine - INFO - DESCRIBE `qlib_web`.`comment_likes`
2025-08-15 15:05:44,552 INFO sqlalchemy.engine.Engine [raw sql] {}
2025-08-15 15:05:44,552 - sqlalchemy.engine.Engine - INFO - [raw sql] {}
2025-08-15 15:05:44,553 INFO sqlalchemy.engine.Engine DESCRIBE `qlib_web`.`experiment_likes`
2025-08-15 15:05:44,553 - sqlalchemy.engine.Engine - INFO - DESCRIBE `qlib_web`.`experiment_likes`
2025-08-15 15:05:44,553 INFO sqlalchemy.engine.Engine [raw sql] {}
2025-08-15 15:05:44,553 - sqlalchemy.engine.Engine - INFO - [raw sql] {}
2025-08-15 15:05:44,555 INFO sqlalchemy.engine.Engine DESCRIBE `qlib_web`.`experiment_favorites`
2025-08-15 15:05:44,555 - sqlalchemy.engine.Engine - INFO - DESCRIBE `qlib_web`.`experiment_favorites`
2025-08-15 15:05:44,555 INFO sqlalchemy.engine.Engine [raw sql] {}
2025-08-15 15:05:44,555 - sqlalchemy.engine.Engine - INFO - [raw sql] {}
2025-08-15 15:05:44,557 INFO sqlalchemy.engine.Engine DESCRIBE `qlib_web`.`team_activities`
2025-08-15 15:05:44,557 - sqlalchemy.engine.Engine - INFO - DESCRIBE `qlib_web`.`team_activities`
2025-08-15 15:05:44,557 INFO sqlalchemy.engine.Engine [raw sql] {}
2025-08-15 15:05:44,557 - sqlalchemy.engine.Engine - INFO - [raw sql] {}
2025-08-15 15:05:44,558 INFO sqlalchemy.engine.Engine DESCRIBE `qlib_web`.`experiment_ratings`
2025-08-15 15:05:44,558 - sqlalchemy.engine.Engine - INFO - DESCRIBE `qlib_web`.`experiment_ratings`
2025-08-15 15:05:44,558 INFO sqlalchemy.engine.Engine [raw sql] {}
2025-08-15 15:05:44,558 - sqlalchemy.engine.Engine - INFO - [raw sql] {}
2025-08-15 15:05:44,559 INFO sqlalchemy.engine.Engine COMMIT
2025-08-15 15:05:44,559 - sqlalchemy.engine.Engine - INFO - COMMIT
2025-08-15 15:05:44.560 | INFO     | app.main:lifespan:34 - Starting APM service...
2025-08-15 15:05:44.560 | SUCCESS  | app.main:lifespan:36 - APM service started successfully
2025-08-15 15:05:44.560 | INFO     | app.main:lifespan:39 - Starting fault recovery service...
2025-08-15 15:05:44.560 | SUCCESS  | app.main:lifespan:41 - Fault recovery service started successfully
2025-08-15 15:05:44.560 | INFO     | app.main:lifespan:44 - Starting graceful degradation service...
2025-08-15 15:05:44.560 | SUCCESS  | app.main:lifespan:46 - Graceful degradation service started successfully
2025-08-15 15:05:44.560 | INFO     | app.main:lifespan:49 - Initializing Qlib...
[43414:MainThread](2025-08-15 15:05:44,560) INFO - qlib.Initialization - [config.py:452] - default_conf: client.
[43414:MainThread](2025-08-15 15:05:44,905) INFO - qlib.Initialization - [__init__.py:75] - qlib successfully initialized based on client settings.
[43414:MainThread](2025-08-15 15:05:44,906) INFO - qlib.Initialization - [__init__.py:77] - data_path={'__DEFAULT_FREQ': PosixPath('/Users/zhongxuan/.qlib/qlib_data/cn_data')}
2025-08-15 15:05:44.906 | SUCCESS  | app.utils.qlib_manager:init_qlib:42 - Qlib initialized successfully
2025-08-15 15:05:44.906 | WARNING  | app.utils.qlib_manager:init_qlib:49 - Data validation failed: slice(None, 5, None)
2025-08-15 15:05:44.906 | SUCCESS  | app.main:lifespan:53 - Qlib initialized successfully
2025-08-15 15:05:44.906 | SUCCESS  | app.main:lifespan:57 - Application startup complete
2025-08-15 15:05:46,918 INFO sqlalchemy.engine.Engine BEGIN (implicit)
2025-08-15 15:05:46,918 - sqlalchemy.engine.Engine - INFO - BEGIN (implicit)
2025-08-15 15:05:46,919 INFO sqlalchemy.engine.Engine SELECT 1
2025-08-15 15:05:46,919 - sqlalchemy.engine.Engine - INFO - SELECT 1
2025-08-15 15:05:46,920 INFO sqlalchemy.engine.Engine [generated in 0.00068s] {}
2025-08-15 15:05:46,920 - sqlalchemy.engine.Engine - INFO - [generated in 0.00068s] {}
2025-08-15 15:05:47,940 INFO sqlalchemy.engine.Engine BEGIN (implicit)
2025-08-15 15:05:47,940 - sqlalchemy.engine.Engine - INFO - BEGIN (implicit)
2025-08-15 15:05:47,940 INFO sqlalchemy.engine.Engine SELECT 1
2025-08-15 15:05:47,940 - sqlalchemy.engine.Engine - INFO - SELECT 1
2025-08-15 15:05:47,941 INFO sqlalchemy.engine.Engine [cached since 1.021s ago] {}
2025-08-15 15:05:47,941 - sqlalchemy.engine.Engine - INFO - [cached since 1.021s ago] {}
2025-08-15 15:05:49,962 INFO sqlalchemy.engine.Engine BEGIN (implicit)
2025-08-15 15:05:49,962 - sqlalchemy.engine.Engine - INFO - BEGIN (implicit)
2025-08-15 15:05:49,962 INFO sqlalchemy.engine.Engine SELECT 1
2025-08-15 15:05:49,962 - sqlalchemy.engine.Engine - INFO - SELECT 1
2025-08-15 15:05:49,962 INFO sqlalchemy.engine.Engine [cached since 3.043s ago] {}
2025-08-15 15:05:49,962 - sqlalchemy.engine.Engine - INFO - [cached since 3.043s ago] {}
2025-08-15 15:05:50,977 INFO sqlalchemy.engine.Engine BEGIN (implicit)
2025-08-15 15:05:50,977 - sqlalchemy.engine.Engine - INFO - BEGIN (implicit)
2025-08-15 15:05:50,977 INFO sqlalchemy.engine.Engine SELECT 1
2025-08-15 15:05:50,977 - sqlalchemy.engine.Engine - INFO - SELECT 1
2025-08-15 15:05:50,977 INFO sqlalchemy.engine.Engine [cached since 4.058s ago] {}
2025-08-15 15:05:50,977 - sqlalchemy.engine.Engine - INFO - [cached since 4.058s ago] {}
INFO:     Application startup complete.
2025-08-15 15:05:51,986 - error_collector - ERROR - {"timestamp": "2025-08-15T15:05:51.985914", "level": "warning", "category": "system", "message": "自动恢复成功: database - 服务 database 重启成功", "exception_type": "CustomError", "stack_trace": "  File \"<string>\", line 1, in <module>\n    from multiprocessing.spawn import spawn_main; spawn_main(tracker_fd=5, pipe_handle=7)\n  File \"/opt/homebrew/Cellar/python@3.13/3.13.5/Frameworks/Python.framework/Versions/3.13/lib/python3.13/multiprocessing/spawn.py\", line 122, in spawn_main\n    exitcode = _main(fd, parent_sentinel)\n  File \"/opt/homebrew/Cellar/python@3.13/3.13.5/Frameworks/Python.framework/Versions/3.13/lib/python3.13/multiprocessing/spawn.py\", line 135, in _main\n    return self._bootstrap(parent_sentinel)\n  File \"/opt/homebrew/Cellar/python@3.13/3.13.5/Frameworks/Python.framework/Versions/3.13/lib/python3.13/multiprocessing/process.py\", line 313, in _bootstrap\n    self.run()\n  File \"/opt/homebrew/Cellar/python@3.13/3.13.5/Frameworks/Python.framework/Versions/3.13/lib/python3.13/multiprocessing/process.py\", line 108, in run\n    self._target(*self._args, **self._kwargs)\n  File \"/Users/zhongxuan/Desktop/demo3/qlib-web/backend/venv/lib/python3.13/site-packages/uvicorn/_subprocess.py\", line 80, in subprocess_started\n    target(sockets=sockets)\n  File \"/Users/zhongxuan/Desktop/demo3/qlib-web/backend/venv/lib/python3.13/site-packages/uvicorn/server.py\", line 67, in run\n    return asyncio.run(self.serve(sockets=sockets))\n  File \"/opt/homebrew/Cellar/python@3.13/3.13.5/Frameworks/Python.framework/Versions/3.13/lib/python3.13/asyncio/runners.py\", line 195, in run\n    return runner.run(main)\n  File \"/opt/homebrew/Cellar/python@3.13/3.13.5/Frameworks/Python.framework/Versions/3.13/lib/python3.13/asyncio/runners.py\", line 118, in run\n    return self._loop.run_until_complete(task)\n  File \"/opt/homebrew/Cellar/python@3.13/3.13.5/Frameworks/Python.framework/Versions/3.13/lib/python3.13/asyncio/base_events.py\", line 712, in run_until_complete\n    self.run_forever()\n  File \"/opt/homebrew/Cellar/python@3.13/3.13.5/Frameworks/Python.framework/Versions/3.13/lib/python3.13/asyncio/base_events.py\", line 683, in run_forever\n    self._run_once()\n  File \"/opt/homebrew/Cellar/python@3.13/3.13.5/Frameworks/Python.framework/Versions/3.13/lib/python3.13/asyncio/base_events.py\", line 2042, in _run_once\n    handle._run()\n  File \"/opt/homebrew/Cellar/python@3.13/3.13.5/Frameworks/Python.framework/Versions/3.13/lib/python3.13/asyncio/events.py\", line 89, in _run\n    self._context.run(self._callback, *self._args)\n  File \"/Users/zhongxuan/Desktop/demo3/qlib-web/backend/app/services/fault_recovery_service.py\", line 417, in _monitor_loop\n    await self._apply_recovery_rules()\n  File \"/Users/zhongxuan/Desktop/demo3/qlib-web/backend/app/services/fault_recovery_service.py\", line 462, in _apply_recovery_rules\n    await self._execute_recovery_rule(rule, service_name, health)\n  File \"/Users/zhongxuan/Desktop/demo3/qlib-web/backend/app/services/fault_recovery_service.py\", line 538, in _execute_recovery_rule\n    error_logging_service.log_warning(\n  File \"/Users/zhongxuan/Desktop/demo3/qlib-web/backend/app/services/error_logging_service.py\", line 409, in log_warning\n    return self.collector.collect_custom_error(\n  File \"/Users/zhongxuan/Desktop/demo3/qlib-web/backend/app/services/error_logging_service.py\", line 304, in collect_custom_error\n    stack_trace = ''.join(traceback.format_stack())\n", "request_id": null, "user_id": null, "endpoint": null, "method": null, "user_agent": null, "ip_address": null, "additional_context": {}}
2025-08-15 15:05:53,417 INFO sqlalchemy.engine.Engine BEGIN (implicit)
2025-08-15 15:05:53,417 - sqlalchemy.engine.Engine - INFO - BEGIN (implicit)
2025-08-15 15:05:53,418 INFO sqlalchemy.engine.Engine SELECT users.id AS users_id, users.username AS users_username, users.email AS users_email, users.full_name AS users_full_name, users.hashed_password AS users_hashed_password, users.avatar_url AS users_avatar_url, users.bio AS users_bio, users.company AS users_company, users.department AS users_department, users.position AS users_position, users.`role` AS users_role, users.status AS users_status, users.is_email_verified AS users_is_email_verified, users.created_at AS users_created_at, users.updated_at AS users_updated_at, users.last_login_at AS users_last_login_at, users.email_verified_at AS users_email_verified_at 
FROM users 
WHERE users.username = %(username_1)s 
 LIMIT %(param_1)s
2025-08-15 15:05:53,418 - sqlalchemy.engine.Engine - INFO - SELECT users.id AS users_id, users.username AS users_username, users.email AS users_email, users.full_name AS users_full_name, users.hashed_password AS users_hashed_password, users.avatar_url AS users_avatar_url, users.bio AS users_bio, users.company AS users_company, users.department AS users_department, users.position AS users_position, users.`role` AS users_role, users.status AS users_status, users.is_email_verified AS users_is_email_verified, users.created_at AS users_created_at, users.updated_at AS users_updated_at, users.last_login_at AS users_last_login_at, users.email_verified_at AS users_email_verified_at 
FROM users 
WHERE users.username = %(username_1)s 
 LIMIT %(param_1)s
2025-08-15 15:05:53,418 INFO sqlalchemy.engine.Engine [generated in 0.00030s] {'username_1': 'testuser126', 'param_1': 1}
2025-08-15 15:05:53,418 - sqlalchemy.engine.Engine - INFO - [generated in 0.00030s] {'username_1': 'testuser126', 'param_1': 1}
2025-08-15 15:05:53,433 INFO sqlalchemy.engine.Engine SELECT users.id AS users_id, users.username AS users_username, users.email AS users_email, users.full_name AS users_full_name, users.hashed_password AS users_hashed_password, users.avatar_url AS users_avatar_url, users.bio AS users_bio, users.company AS users_company, users.department AS users_department, users.position AS users_position, users.`role` AS users_role, users.status AS users_status, users.is_email_verified AS users_is_email_verified, users.created_at AS users_created_at, users.updated_at AS users_updated_at, users.last_login_at AS users_last_login_at, users.email_verified_at AS users_email_verified_at 
FROM users 
WHERE users.email = %(email_1)s 
 LIMIT %(param_1)s
2025-08-15 15:05:53,433 - sqlalchemy.engine.Engine - INFO - SELECT users.id AS users_id, users.username AS users_username, users.email AS users_email, users.full_name AS users_full_name, users.hashed_password AS users_hashed_password, users.avatar_url AS users_avatar_url, users.bio AS users_bio, users.company AS users_company, users.department AS users_department, users.position AS users_position, users.`role` AS users_role, users.status AS users_status, users.is_email_verified AS users_is_email_verified, users.created_at AS users_created_at, users.updated_at AS users_updated_at, users.last_login_at AS users_last_login_at, users.email_verified_at AS users_email_verified_at 
FROM users 
WHERE users.email = %(email_1)s 
 LIMIT %(param_1)s
2025-08-15 15:05:53,433 INFO sqlalchemy.engine.Engine [generated in 0.00014s] {'email_1': 'testuser@gmail.com', 'param_1': 1}
2025-08-15 15:05:53,433 - sqlalchemy.engine.Engine - INFO - [generated in 0.00014s] {'email_1': 'testuser@gmail.com', 'param_1': 1}
2025-08-15 15:05:53,435 - passlib.handlers.bcrypt - WARNING - (trapped) error reading bcrypt version
Traceback (most recent call last):
  File "/Users/zhongxuan/Desktop/demo3/qlib-web/backend/venv/lib/python3.13/site-packages/passlib/handlers/bcrypt.py", line 620, in _load_backend_mixin
    version = _bcrypt.__about__.__version__
              ^^^^^^^^^^^^^^^^^
AttributeError: module 'bcrypt' has no attribute '__about__'
2025-08-15 15:05:53,708 INFO sqlalchemy.engine.Engine INSERT INTO users (username, email, full_name, hashed_password, avatar_url, bio, company, department, position, `role`, status, is_email_verified, created_at, updated_at, last_login_at, email_verified_at) VALUES (%(username)s, %(email)s, %(full_name)s, %(hashed_password)s, %(avatar_url)s, %(bio)s, %(company)s, %(department)s, %(position)s, %(role)s, %(status)s, %(is_email_verified)s, %(created_at)s, %(updated_at)s, %(last_login_at)s, %(email_verified_at)s)
2025-08-15 15:05:53,708 - sqlalchemy.engine.Engine - INFO - INSERT INTO users (username, email, full_name, hashed_password, avatar_url, bio, company, department, position, `role`, status, is_email_verified, created_at, updated_at, last_login_at, email_verified_at) VALUES (%(username)s, %(email)s, %(full_name)s, %(hashed_password)s, %(avatar_url)s, %(bio)s, %(company)s, %(department)s, %(position)s, %(role)s, %(status)s, %(is_email_verified)s, %(created_at)s, %(updated_at)s, %(last_login_at)s, %(email_verified_at)s)
2025-08-15 15:05:53,708 INFO sqlalchemy.engine.Engine [generated in 0.00018s] {'username': 'testuser126', 'email': 'testuser@gmail.com', 'full_name': '测试用户', 'hashed_password': '$2b$12$xMLuyB7z6KTnhVXTyPfJue8Jx77JcEUxobOE3lzLKABX9Xhxxv5DW', 'avatar_url': None, 'bio': None, 'company': '测试公司', 'department': '开发部', 'position': None, 'role': 'ANALYST', 'status': 'ACTIVE', 'is_email_verified': 1, 'created_at': datetime.datetime(2025, 8, 15, 7, 5, 53, 708355, tzinfo=datetime.timezone.utc), 'updated_at': datetime.datetime(2025, 8, 15, 7, 5, 53, 708356, tzinfo=datetime.timezone.utc), 'last_login_at': None, 'email_verified_at': datetime.datetime(2025, 8, 15, 7, 5, 53, 707303, tzinfo=datetime.timezone.utc)}
2025-08-15 15:05:53,708 - sqlalchemy.engine.Engine - INFO - [generated in 0.00018s] {'username': 'testuser126', 'email': 'testuser@gmail.com', 'full_name': '测试用户', 'hashed_password': '$2b$12$xMLuyB7z6KTnhVXTyPfJue8Jx77JcEUxobOE3lzLKABX9Xhxxv5DW', 'avatar_url': None, 'bio': None, 'company': '测试公司', 'department': '开发部', 'position': None, 'role': 'ANALYST', 'status': 'ACTIVE', 'is_email_verified': 1, 'created_at': datetime.datetime(2025, 8, 15, 7, 5, 53, 708355, tzinfo=datetime.timezone.utc), 'updated_at': datetime.datetime(2025, 8, 15, 7, 5, 53, 708356, tzinfo=datetime.timezone.utc), 'last_login_at': None, 'email_verified_at': datetime.datetime(2025, 8, 15, 7, 5, 53, 707303, tzinfo=datetime.timezone.utc)}
2025-08-15 15:05:53,719 INFO sqlalchemy.engine.Engine COMMIT
2025-08-15 15:05:53,719 - sqlalchemy.engine.Engine - INFO - COMMIT
2025-08-15 15:05:53,723 INFO sqlalchemy.engine.Engine BEGIN (implicit)
2025-08-15 15:05:53,723 - sqlalchemy.engine.Engine - INFO - BEGIN (implicit)
2025-08-15 15:05:53,724 INFO sqlalchemy.engine.Engine SELECT users.id, users.username, users.email, users.full_name, users.hashed_password, users.avatar_url, users.bio, users.company, users.department, users.position, users.`role`, users.status, users.is_email_verified, users.created_at, users.updated_at, users.last_login_at, users.email_verified_at 
FROM users 
WHERE users.id = %(pk_1)s
2025-08-15 15:05:53,724 - sqlalchemy.engine.Engine - INFO - SELECT users.id, users.username, users.email, users.full_name, users.hashed_password, users.avatar_url, users.bio, users.company, users.department, users.position, users.`role`, users.status, users.is_email_verified, users.created_at, users.updated_at, users.last_login_at, users.email_verified_at 
FROM users 
WHERE users.id = %(pk_1)s
2025-08-15 15:05:53,724 INFO sqlalchemy.engine.Engine [generated in 0.00007s] {'pk_1': 1}
2025-08-15 15:05:53,724 - sqlalchemy.engine.Engine - INFO - [generated in 0.00007s] {'pk_1': 1}
2025-08-15 15:05:53,726 INFO sqlalchemy.engine.Engine ROLLBACK
2025-08-15 15:05:53,726 - sqlalchemy.engine.Engine - INFO - ROLLBACK
2025-08-15 15:05:53.727 | INFO     | app.main:add_request_id:151 - Request completed: POST /api/v1/auth/register Status: 201 Time: 0.342s ID: 7f3771aa-eddf-4ea6-95ca-fb95e22dc85c
INFO:     127.0.0.1:54418 - "POST /api/v1/auth/register HTTP/1.1" 201 Created
2025-08-15 15:06:05,299 INFO sqlalchemy.engine.Engine BEGIN (implicit)
2025-08-15 15:06:05,299 - sqlalchemy.engine.Engine - INFO - BEGIN (implicit)
2025-08-15 15:06:05,300 INFO sqlalchemy.engine.Engine SELECT users.id AS users_id, users.username AS users_username, users.email AS users_email, users.full_name AS users_full_name, users.hashed_password AS users_hashed_password, users.avatar_url AS users_avatar_url, users.bio AS users_bio, users.company AS users_company, users.department AS users_department, users.position AS users_position, users.`role` AS users_role, users.status AS users_status, users.is_email_verified AS users_is_email_verified, users.created_at AS users_created_at, users.updated_at AS users_updated_at, users.last_login_at AS users_last_login_at, users.email_verified_at AS users_email_verified_at 
FROM users 
WHERE users.username = %(username_1)s OR users.email = %(email_1)s 
 LIMIT %(param_1)s
2025-08-15 15:06:05,300 - sqlalchemy.engine.Engine - INFO - SELECT users.id AS users_id, users.username AS users_username, users.email AS users_email, users.full_name AS users_full_name, users.hashed_password AS users_hashed_password, users.avatar_url AS users_avatar_url, users.bio AS users_bio, users.company AS users_company, users.department AS users_department, users.position AS users_position, users.`role` AS users_role, users.status AS users_status, users.is_email_verified AS users_is_email_verified, users.created_at AS users_created_at, users.updated_at AS users_updated_at, users.last_login_at AS users_last_login_at, users.email_verified_at AS users_email_verified_at 
FROM users 
WHERE users.username = %(username_1)s OR users.email = %(email_1)s 
 LIMIT %(param_1)s
2025-08-15 15:06:05,300 INFO sqlalchemy.engine.Engine [generated in 0.00010s] {'username_1': 'testuser126', 'email_1': 'testuser126', 'param_1': 1}
2025-08-15 15:06:05,300 - sqlalchemy.engine.Engine - INFO - [generated in 0.00010s] {'username_1': 'testuser126', 'email_1': 'testuser126', 'param_1': 1}
2025-08-15 15:06:05,557 INFO sqlalchemy.engine.Engine UPDATE users SET updated_at=%(updated_at)s, last_login_at=%(last_login_at)s WHERE users.id = %(users_id)s
2025-08-15 15:06:05,557 - sqlalchemy.engine.Engine - INFO - UPDATE users SET updated_at=%(updated_at)s, last_login_at=%(last_login_at)s WHERE users.id = %(users_id)s
2025-08-15 15:06:05,558 INFO sqlalchemy.engine.Engine [generated in 0.00015s] {'updated_at': datetime.datetime(2025, 8, 15, 7, 6, 5, 557959, tzinfo=datetime.timezone.utc), 'last_login_at': datetime.datetime(2025, 8, 15, 7, 6, 5, 557141, tzinfo=datetime.timezone.utc), 'users_id': 1}
2025-08-15 15:06:05,558 - sqlalchemy.engine.Engine - INFO - [generated in 0.00015s] {'updated_at': datetime.datetime(2025, 8, 15, 7, 6, 5, 557959, tzinfo=datetime.timezone.utc), 'last_login_at': datetime.datetime(2025, 8, 15, 7, 6, 5, 557141, tzinfo=datetime.timezone.utc), 'users_id': 1}
2025-08-15 15:06:05,562 INFO sqlalchemy.engine.Engine COMMIT
2025-08-15 15:06:05,562 - sqlalchemy.engine.Engine - INFO - COMMIT
2025-08-15 15:06:05,566 INFO sqlalchemy.engine.Engine BEGIN (implicit)
2025-08-15 15:06:05,566 - sqlalchemy.engine.Engine - INFO - BEGIN (implicit)
2025-08-15 15:06:05,567 INFO sqlalchemy.engine.Engine SELECT users.id AS users_id, users.username AS users_username, users.email AS users_email, users.full_name AS users_full_name, users.hashed_password AS users_hashed_password, users.avatar_url AS users_avatar_url, users.bio AS users_bio, users.company AS users_company, users.department AS users_department, users.position AS users_position, users.`role` AS users_role, users.status AS users_status, users.is_email_verified AS users_is_email_verified, users.created_at AS users_created_at, users.updated_at AS users_updated_at, users.last_login_at AS users_last_login_at, users.email_verified_at AS users_email_verified_at 
FROM users 
WHERE users.id = %(pk_1)s
2025-08-15 15:06:05,567 - sqlalchemy.engine.Engine - INFO - SELECT users.id AS users_id, users.username AS users_username, users.email AS users_email, users.full_name AS users_full_name, users.hashed_password AS users_hashed_password, users.avatar_url AS users_avatar_url, users.bio AS users_bio, users.company AS users_company, users.department AS users_department, users.position AS users_position, users.`role` AS users_role, users.status AS users_status, users.is_email_verified AS users_is_email_verified, users.created_at AS users_created_at, users.updated_at AS users_updated_at, users.last_login_at AS users_last_login_at, users.email_verified_at AS users_email_verified_at 
FROM users 
WHERE users.id = %(pk_1)s
2025-08-15 15:06:05,567 INFO sqlalchemy.engine.Engine [generated in 0.00007s] {'pk_1': 1}
2025-08-15 15:06:05,567 - sqlalchemy.engine.Engine - INFO - [generated in 0.00007s] {'pk_1': 1}
2025-08-15 15:06:05,569 INFO sqlalchemy.engine.Engine INSERT INTO user_sessions (user_id, session_token, ip_address, user_agent, device_info, created_at, expires_at, last_used_at, is_active) VALUES (%(user_id)s, %(session_token)s, %(ip_address)s, %(user_agent)s, %(device_info)s, %(created_at)s, %(expires_at)s, %(last_used_at)s, %(is_active)s)
2025-08-15 15:06:05,569 - sqlalchemy.engine.Engine - INFO - INSERT INTO user_sessions (user_id, session_token, ip_address, user_agent, device_info, created_at, expires_at, last_used_at, is_active) VALUES (%(user_id)s, %(session_token)s, %(ip_address)s, %(user_agent)s, %(device_info)s, %(created_at)s, %(expires_at)s, %(last_used_at)s, %(is_active)s)
2025-08-15 15:06:05,569 INFO sqlalchemy.engine.Engine [generated in 0.00011s] {'user_id': 1, 'session_token': 'hhyFiW9JkjrmjMt0tPjbe2gznv2sGDjW8pSUyl0UKZwOjkxIYNzz8RSq7dKzNNuoDTEWpVfG2fXYQpJNjrgCug', 'ip_address': '127.0.0.1', 'user_agent': 'curl/8.6.0', 'device_info': None, 'created_at': datetime.datetime(2025, 8, 15, 7, 6, 5, 569108, tzinfo=datetime.timezone.utc), 'expires_at': datetime.datetime(2025, 8, 22, 7, 6, 5, 568571, tzinfo=datetime.timezone.utc), 'last_used_at': datetime.datetime(2025, 8, 15, 7, 6, 5, 569109, tzinfo=datetime.timezone.utc), 'is_active': 1}
2025-08-15 15:06:05,569 - sqlalchemy.engine.Engine - INFO - [generated in 0.00011s] {'user_id': 1, 'session_token': 'hhyFiW9JkjrmjMt0tPjbe2gznv2sGDjW8pSUyl0UKZwOjkxIYNzz8RSq7dKzNNuoDTEWpVfG2fXYQpJNjrgCug', 'ip_address': '127.0.0.1', 'user_agent': 'curl/8.6.0', 'device_info': None, 'created_at': datetime.datetime(2025, 8, 15, 7, 6, 5, 569108, tzinfo=datetime.timezone.utc), 'expires_at': datetime.datetime(2025, 8, 22, 7, 6, 5, 568571, tzinfo=datetime.timezone.utc), 'last_used_at': datetime.datetime(2025, 8, 15, 7, 6, 5, 569109, tzinfo=datetime.timezone.utc), 'is_active': 1}
2025-08-15 15:06:05,571 INFO sqlalchemy.engine.Engine COMMIT
2025-08-15 15:06:05,571 - sqlalchemy.engine.Engine - INFO - COMMIT
2025-08-15 15:06:05.573 | INFO     | app.main:add_request_id:151 - Request completed: POST /api/v1/auth/login Status: 200 Time: 0.275s ID: 6b1f60e5-5ad3-4e5f-8a9d-70efce89b701
INFO:     127.0.0.1:54508 - "POST /api/v1/auth/login HTTP/1.1" 200 OK
2025-08-15 15:06:22,994 INFO sqlalchemy.engine.Engine BEGIN (implicit)
2025-08-15 15:06:22,994 - sqlalchemy.engine.Engine - INFO - BEGIN (implicit)
2025-08-15 15:06:22,996 INFO sqlalchemy.engine.Engine SELECT 1
2025-08-15 15:06:22,996 - sqlalchemy.engine.Engine - INFO - SELECT 1
2025-08-15 15:06:22,996 INFO sqlalchemy.engine.Engine [cached since 36.08s ago] {}
2025-08-15 15:06:22,996 - sqlalchemy.engine.Engine - INFO - [cached since 36.08s ago] {}
2025-08-15 15:06:24,002 INFO sqlalchemy.engine.Engine BEGIN (implicit)
2025-08-15 15:06:24,002 - sqlalchemy.engine.Engine - INFO - BEGIN (implicit)
2025-08-15 15:06:24,002 INFO sqlalchemy.engine.Engine SELECT 1
2025-08-15 15:06:24,002 - sqlalchemy.engine.Engine - INFO - SELECT 1
2025-08-15 15:06:24,003 INFO sqlalchemy.engine.Engine [cached since 37.08s ago] {}
2025-08-15 15:06:24,003 - sqlalchemy.engine.Engine - INFO - [cached since 37.08s ago] {}
2025-08-15 15:06:26,011 INFO sqlalchemy.engine.Engine BEGIN (implicit)
2025-08-15 15:06:26,011 - sqlalchemy.engine.Engine - INFO - BEGIN (implicit)
2025-08-15 15:06:26,012 INFO sqlalchemy.engine.Engine SELECT 1
2025-08-15 15:06:26,012 - sqlalchemy.engine.Engine - INFO - SELECT 1
2025-08-15 15:06:26,012 INFO sqlalchemy.engine.Engine [cached since 39.09s ago] {}
2025-08-15 15:06:26,012 - sqlalchemy.engine.Engine - INFO - [cached since 39.09s ago] {}
2025-08-15 15:06:27,018 INFO sqlalchemy.engine.Engine BEGIN (implicit)
2025-08-15 15:06:27,018 - sqlalchemy.engine.Engine - INFO - BEGIN (implicit)
2025-08-15 15:06:27,018 INFO sqlalchemy.engine.Engine SELECT 1
2025-08-15 15:06:27,018 - sqlalchemy.engine.Engine - INFO - SELECT 1
2025-08-15 15:06:27,018 INFO sqlalchemy.engine.Engine [cached since 40.1s ago] {}
2025-08-15 15:06:27,018 - sqlalchemy.engine.Engine - INFO - [cached since 40.1s ago] {}
2025-08-15 15:06:50,986 - error_collector - ERROR - {"timestamp": "2025-08-15T15:06:50.985617", "level": "warning", "category": "system", "message": "服务 database 已降级至 moderate 级别", "exception_type": "CustomError", "stack_trace": "  File \"<string>\", line 1, in <module>\n    from multiprocessing.spawn import spawn_main; spawn_main(tracker_fd=5, pipe_handle=7)\n  File \"/opt/homebrew/Cellar/python@3.13/3.13.5/Frameworks/Python.framework/Versions/3.13/lib/python3.13/multiprocessing/spawn.py\", line 122, in spawn_main\n    exitcode = _main(fd, parent_sentinel)\n  File \"/opt/homebrew/Cellar/python@3.13/3.13.5/Frameworks/Python.framework/Versions/3.13/lib/python3.13/multiprocessing/spawn.py\", line 135, in _main\n    return self._bootstrap(parent_sentinel)\n  File \"/opt/homebrew/Cellar/python@3.13/3.13.5/Frameworks/Python.framework/Versions/3.13/lib/python3.13/multiprocessing/process.py\", line 313, in _bootstrap\n    self.run()\n  File \"/opt/homebrew/Cellar/python@3.13/3.13.5/Frameworks/Python.framework/Versions/3.13/lib/python3.13/multiprocessing/process.py\", line 108, in run\n    self._target(*self._args, **self._kwargs)\n  File \"/Users/zhongxuan/Desktop/demo3/qlib-web/backend/venv/lib/python3.13/site-packages/uvicorn/_subprocess.py\", line 80, in subprocess_started\n    target(sockets=sockets)\n  File \"/Users/zhongxuan/Desktop/demo3/qlib-web/backend/venv/lib/python3.13/site-packages/uvicorn/server.py\", line 67, in run\n    return asyncio.run(self.serve(sockets=sockets))\n  File \"/opt/homebrew/Cellar/python@3.13/3.13.5/Frameworks/Python.framework/Versions/3.13/lib/python3.13/asyncio/runners.py\", line 195, in run\n    return runner.run(main)\n  File \"/opt/homebrew/Cellar/python@3.13/3.13.5/Frameworks/Python.framework/Versions/3.13/lib/python3.13/asyncio/runners.py\", line 118, in run\n    return self._loop.run_until_complete(task)\n  File \"/opt/homebrew/Cellar/python@3.13/3.13.5/Frameworks/Python.framework/Versions/3.13/lib/python3.13/asyncio/base_events.py\", line 712, in run_until_complete\n    self.run_forever()\n  File \"/opt/homebrew/Cellar/python@3.13/3.13.5/Frameworks/Python.framework/Versions/3.13/lib/python3.13/asyncio/base_events.py\", line 683, in run_forever\n    self._run_once()\n  File \"/opt/homebrew/Cellar/python@3.13/3.13.5/Frameworks/Python.framework/Versions/3.13/lib/python3.13/asyncio/base_events.py\", line 2042, in _run_once\n    handle._run()\n  File \"/opt/homebrew/Cellar/python@3.13/3.13.5/Frameworks/Python.framework/Versions/3.13/lib/python3.13/asyncio/events.py\", line 89, in _run\n    self._context.run(self._callback, *self._args)\n  File \"/Users/zhongxuan/Desktop/demo3/qlib-web/backend/app/services/graceful_degradation_service.py\", line 344, in _monitoring_loop\n    await self._apply_degradation_rules()\n  File \"/Users/zhongxuan/Desktop/demo3/qlib-web/backend/app/services/graceful_degradation_service.py\", line 414, in _apply_degradation_rules\n    await self._apply_degradation(rule, service_status)\n  File \"/Users/zhongxuan/Desktop/demo3/qlib-web/backend/app/services/graceful_degradation_service.py\", line 461, in _apply_degradation\n    error_logging_service.log_warning(\n  File \"/Users/zhongxuan/Desktop/demo3/qlib-web/backend/app/services/error_logging_service.py\", line 409, in log_warning\n    return self.collector.collect_custom_error(\n  File \"/Users/zhongxuan/Desktop/demo3/qlib-web/backend/app/services/error_logging_service.py\", line 304, in collect_custom_error\n    stack_trace = ''.join(traceback.format_stack())\n", "request_id": null, "user_id": null, "endpoint": null, "method": null, "user_agent": null, "ip_address": null, "additional_context": {}}
2025-08-15 15:06:58,051 INFO sqlalchemy.engine.Engine BEGIN (implicit)
2025-08-15 15:06:58,051 - sqlalchemy.engine.Engine - INFO - BEGIN (implicit)
2025-08-15 15:06:58,052 INFO sqlalchemy.engine.Engine SELECT 1
2025-08-15 15:06:58,052 - sqlalchemy.engine.Engine - INFO - SELECT 1
2025-08-15 15:06:58,052 INFO sqlalchemy.engine.Engine [cached since 71.13s ago] {}
2025-08-15 15:06:58,052 - sqlalchemy.engine.Engine - INFO - [cached since 71.13s ago] {}
2025-08-15 15:06:59,064 INFO sqlalchemy.engine.Engine BEGIN (implicit)
2025-08-15 15:06:59,064 - sqlalchemy.engine.Engine - INFO - BEGIN (implicit)
2025-08-15 15:06:59,065 INFO sqlalchemy.engine.Engine SELECT 1
2025-08-15 15:06:59,065 - sqlalchemy.engine.Engine - INFO - SELECT 1
2025-08-15 15:06:59,065 INFO sqlalchemy.engine.Engine [cached since 72.14s ago] {}
2025-08-15 15:06:59,065 - sqlalchemy.engine.Engine - INFO - [cached since 72.14s ago] {}
2025-08-15 15:07:01,085 INFO sqlalchemy.engine.Engine BEGIN (implicit)
2025-08-15 15:07:01,085 - sqlalchemy.engine.Engine - INFO - BEGIN (implicit)
2025-08-15 15:07:01,085 INFO sqlalchemy.engine.Engine SELECT 1
2025-08-15 15:07:01,085 - sqlalchemy.engine.Engine - INFO - SELECT 1
2025-08-15 15:07:01,085 INFO sqlalchemy.engine.Engine [cached since 74.16s ago] {}
2025-08-15 15:07:01,085 - sqlalchemy.engine.Engine - INFO - [cached since 74.16s ago] {}
2025-08-15 15:07:02,099 INFO sqlalchemy.engine.Engine BEGIN (implicit)
2025-08-15 15:07:02,099 - sqlalchemy.engine.Engine - INFO - BEGIN (implicit)
2025-08-15 15:07:02,099 INFO sqlalchemy.engine.Engine SELECT 1
2025-08-15 15:07:02,099 - sqlalchemy.engine.Engine - INFO - SELECT 1
2025-08-15 15:07:02,100 INFO sqlalchemy.engine.Engine [cached since 75.18s ago] {}
2025-08-15 15:07:02,100 - sqlalchemy.engine.Engine - INFO - [cached since 75.18s ago] {}
2025-08-15 15:07:15.481 | INFO     | app.main:add_request_id:151 - Request completed: OPTIONS /api/v1/auth/register Status: 400 Time: 0.002s ID: ec819ebd-7178-43ae-8fd1-64a9b57a0b72
INFO:     127.0.0.1:54872 - "OPTIONS /api/v1/auth/register HTTP/1.1" 400 Bad Request
2025-08-15 15:07:20.923 | INFO     | app.main:add_request_id:151 - Request completed: OPTIONS /api/v1/auth/register Status: 400 Time: 0.001s ID: 45ded275-91d1-4819-960b-97dadef01b23
INFO:     127.0.0.1:54898 - "OPTIONS /api/v1/auth/register HTTP/1.1" 400 Bad Request
2025-08-15 15:07:33,123 INFO sqlalchemy.engine.Engine BEGIN (implicit)
2025-08-15 15:07:33,123 - sqlalchemy.engine.Engine - INFO - BEGIN (implicit)
2025-08-15 15:07:33,125 INFO sqlalchemy.engine.Engine SELECT 1
2025-08-15 15:07:33,125 - sqlalchemy.engine.Engine - INFO - SELECT 1
2025-08-15 15:07:33,125 INFO sqlalchemy.engine.Engine [cached since 106.2s ago] {}
2025-08-15 15:07:33,125 - sqlalchemy.engine.Engine - INFO - [cached since 106.2s ago] {}
2025-08-15 15:07:34,140 INFO sqlalchemy.engine.Engine BEGIN (implicit)
2025-08-15 15:07:34,140 - sqlalchemy.engine.Engine - INFO - BEGIN (implicit)
2025-08-15 15:07:34,140 INFO sqlalchemy.engine.Engine SELECT 1
2025-08-15 15:07:34,140 - sqlalchemy.engine.Engine - INFO - SELECT 1
2025-08-15 15:07:34,140 INFO sqlalchemy.engine.Engine [cached since 107.2s ago] {}
2025-08-15 15:07:34,140 - sqlalchemy.engine.Engine - INFO - [cached since 107.2s ago] {}
2025-08-15 15:07:36,162 INFO sqlalchemy.engine.Engine BEGIN (implicit)
2025-08-15 15:07:36,162 - sqlalchemy.engine.Engine - INFO - BEGIN (implicit)
2025-08-15 15:07:36,163 INFO sqlalchemy.engine.Engine SELECT 1
2025-08-15 15:07:36,163 - sqlalchemy.engine.Engine - INFO - SELECT 1
2025-08-15 15:07:36,163 INFO sqlalchemy.engine.Engine [cached since 109.2s ago] {}
2025-08-15 15:07:36,163 - sqlalchemy.engine.Engine - INFO - [cached since 109.2s ago] {}
2025-08-15 15:07:37,176 INFO sqlalchemy.engine.Engine BEGIN (implicit)
2025-08-15 15:07:37,176 - sqlalchemy.engine.Engine - INFO - BEGIN (implicit)
2025-08-15 15:07:37,176 INFO sqlalchemy.engine.Engine SELECT 1
2025-08-15 15:07:37,176 - sqlalchemy.engine.Engine - INFO - SELECT 1
2025-08-15 15:07:37,176 INFO sqlalchemy.engine.Engine [cached since 110.3s ago] {}
2025-08-15 15:07:37,176 - sqlalchemy.engine.Engine - INFO - [cached since 110.3s ago] {}
2025-08-15 15:07:50,994 - error_collector - ERROR - {"timestamp": "2025-08-15T15:07:50.993587", "level": "warning", "category": "system", "message": "服务 database 已自动恢复正常", "exception_type": "CustomError", "stack_trace": "  File \"<string>\", line 1, in <module>\n    from multiprocessing.spawn import spawn_main; spawn_main(tracker_fd=5, pipe_handle=7)\n  File \"/opt/homebrew/Cellar/python@3.13/3.13.5/Frameworks/Python.framework/Versions/3.13/lib/python3.13/multiprocessing/spawn.py\", line 122, in spawn_main\n    exitcode = _main(fd, parent_sentinel)\n  File \"/opt/homebrew/Cellar/python@3.13/3.13.5/Frameworks/Python.framework/Versions/3.13/lib/python3.13/multiprocessing/spawn.py\", line 135, in _main\n    return self._bootstrap(parent_sentinel)\n  File \"/opt/homebrew/Cellar/python@3.13/3.13.5/Frameworks/Python.framework/Versions/3.13/lib/python3.13/multiprocessing/process.py\", line 313, in _bootstrap\n    self.run()\n  File \"/opt/homebrew/Cellar/python@3.13/3.13.5/Frameworks/Python.framework/Versions/3.13/lib/python3.13/multiprocessing/process.py\", line 108, in run\n    self._target(*self._args, **self._kwargs)\n  File \"/Users/zhongxuan/Desktop/demo3/qlib-web/backend/venv/lib/python3.13/site-packages/uvicorn/_subprocess.py\", line 80, in subprocess_started\n    target(sockets=sockets)\n  File \"/Users/zhongxuan/Desktop/demo3/qlib-web/backend/venv/lib/python3.13/site-packages/uvicorn/server.py\", line 67, in run\n    return asyncio.run(self.serve(sockets=sockets))\n  File \"/opt/homebrew/Cellar/python@3.13/3.13.5/Frameworks/Python.framework/Versions/3.13/lib/python3.13/asyncio/runners.py\", line 195, in run\n    return runner.run(main)\n  File \"/opt/homebrew/Cellar/python@3.13/3.13.5/Frameworks/Python.framework/Versions/3.13/lib/python3.13/asyncio/runners.py\", line 118, in run\n    return self._loop.run_until_complete(task)\n  File \"/opt/homebrew/Cellar/python@3.13/3.13.5/Frameworks/Python.framework/Versions/3.13/lib/python3.13/asyncio/base_events.py\", line 712, in run_until_complete\n    self.run_forever()\n  File \"/opt/homebrew/Cellar/python@3.13/3.13.5/Frameworks/Python.framework/Versions/3.13/lib/python3.13/asyncio/base_events.py\", line 683, in run_forever\n    self._run_once()\n  File \"/opt/homebrew/Cellar/python@3.13/3.13.5/Frameworks/Python.framework/Versions/3.13/lib/python3.13/asyncio/base_events.py\", line 2042, in _run_once\n    handle._run()\n  File \"/opt/homebrew/Cellar/python@3.13/3.13.5/Frameworks/Python.framework/Versions/3.13/lib/python3.13/asyncio/events.py\", line 89, in _run\n    self._context.run(self._callback, *self._args)\n  File \"/Users/zhongxuan/Desktop/demo3/qlib-web/backend/app/services/graceful_degradation_service.py\", line 344, in _monitoring_loop\n    await self._apply_degradation_rules()\n  File \"/Users/zhongxuan/Desktop/demo3/qlib-web/backend/app/services/graceful_degradation_service.py\", line 418, in _apply_degradation_rules\n    await self._attempt_service_recovery(rule, service_status)\n  File \"/Users/zhongxuan/Desktop/demo3/qlib-web/backend/app/services/graceful_degradation_service.py\", line 502, in _attempt_service_recovery\n    error_logging_service.log_warning(\n  File \"/Users/zhongxuan/Desktop/demo3/qlib-web/backend/app/services/error_logging_service.py\", line 409, in log_warning\n    return self.collector.collect_custom_error(\n  File \"/Users/zhongxuan/Desktop/demo3/qlib-web/backend/app/services/error_logging_service.py\", line 304, in collect_custom_error\n    stack_trace = ''.join(traceback.format_stack())\n", "request_id": null, "user_id": null, "endpoint": null, "method": null, "user_agent": null, "ip_address": null, "additional_context": {}}
2025-08-15 15:08:08,201 INFO sqlalchemy.engine.Engine BEGIN (implicit)
2025-08-15 15:08:08,201 - sqlalchemy.engine.Engine - INFO - BEGIN (implicit)
2025-08-15 15:08:08,202 INFO sqlalchemy.engine.Engine SELECT 1
2025-08-15 15:08:08,202 - sqlalchemy.engine.Engine - INFO - SELECT 1
2025-08-15 15:08:08,202 INFO sqlalchemy.engine.Engine [cached since 141.3s ago] {}
2025-08-15 15:08:08,202 - sqlalchemy.engine.Engine - INFO - [cached since 141.3s ago] {}
2025-08-15 15:08:09,221 INFO sqlalchemy.engine.Engine BEGIN (implicit)
2025-08-15 15:08:09,221 - sqlalchemy.engine.Engine - INFO - BEGIN (implicit)
2025-08-15 15:08:09,221 INFO sqlalchemy.engine.Engine SELECT 1
2025-08-15 15:08:09,221 - sqlalchemy.engine.Engine - INFO - SELECT 1
2025-08-15 15:08:09,221 INFO sqlalchemy.engine.Engine [cached since 142.3s ago] {}
2025-08-15 15:08:09,221 - sqlalchemy.engine.Engine - INFO - [cached since 142.3s ago] {}
2025-08-15 15:08:11,241 INFO sqlalchemy.engine.Engine BEGIN (implicit)
2025-08-15 15:08:11,241 - sqlalchemy.engine.Engine - INFO - BEGIN (implicit)
2025-08-15 15:08:11,242 INFO sqlalchemy.engine.Engine SELECT 1
2025-08-15 15:08:11,242 - sqlalchemy.engine.Engine - INFO - SELECT 1
2025-08-15 15:08:11,242 INFO sqlalchemy.engine.Engine [cached since 144.3s ago] {}
2025-08-15 15:08:11,242 - sqlalchemy.engine.Engine - INFO - [cached since 144.3s ago] {}
2025-08-15 15:08:12,259 INFO sqlalchemy.engine.Engine BEGIN (implicit)
2025-08-15 15:08:12,259 - sqlalchemy.engine.Engine - INFO - BEGIN (implicit)
2025-08-15 15:08:12,260 INFO sqlalchemy.engine.Engine SELECT 1
2025-08-15 15:08:12,260 - sqlalchemy.engine.Engine - INFO - SELECT 1
2025-08-15 15:08:12,260 INFO sqlalchemy.engine.Engine [cached since 145.3s ago] {}
2025-08-15 15:08:12,260 - sqlalchemy.engine.Engine - INFO - [cached since 145.3s ago] {}
2025-08-15 15:08:43,282 INFO sqlalchemy.engine.Engine BEGIN (implicit)
2025-08-15 15:08:43,282 - sqlalchemy.engine.Engine - INFO - BEGIN (implicit)
2025-08-15 15:08:43,283 INFO sqlalchemy.engine.Engine SELECT 1
2025-08-15 15:08:43,283 - sqlalchemy.engine.Engine - INFO - SELECT 1
2025-08-15 15:08:43,283 INFO sqlalchemy.engine.Engine [cached since 176.4s ago] {}
2025-08-15 15:08:43,283 - sqlalchemy.engine.Engine - INFO - [cached since 176.4s ago] {}
2025-08-15 15:08:44,296 INFO sqlalchemy.engine.Engine BEGIN (implicit)
2025-08-15 15:08:44,296 - sqlalchemy.engine.Engine - INFO - BEGIN (implicit)
2025-08-15 15:08:44,297 INFO sqlalchemy.engine.Engine SELECT 1
2025-08-15 15:08:44,297 - sqlalchemy.engine.Engine - INFO - SELECT 1
2025-08-15 15:08:44,297 INFO sqlalchemy.engine.Engine [cached since 177.4s ago] {}
2025-08-15 15:08:44,297 - sqlalchemy.engine.Engine - INFO - [cached since 177.4s ago] {}
2025-08-15 15:08:46,333 INFO sqlalchemy.engine.Engine BEGIN (implicit)
2025-08-15 15:08:46,333 - sqlalchemy.engine.Engine - INFO - BEGIN (implicit)
2025-08-15 15:08:46,333 INFO sqlalchemy.engine.Engine SELECT 1
2025-08-15 15:08:46,333 - sqlalchemy.engine.Engine - INFO - SELECT 1
2025-08-15 15:08:46,333 INFO sqlalchemy.engine.Engine [cached since 179.4s ago] {}
2025-08-15 15:08:46,333 - sqlalchemy.engine.Engine - INFO - [cached since 179.4s ago] {}
2025-08-15 15:08:47,374 INFO sqlalchemy.engine.Engine BEGIN (implicit)
2025-08-15 15:08:47,374 - sqlalchemy.engine.Engine - INFO - BEGIN (implicit)
2025-08-15 15:08:47,374 INFO sqlalchemy.engine.Engine SELECT 1
2025-08-15 15:08:47,374 - sqlalchemy.engine.Engine - INFO - SELECT 1
2025-08-15 15:08:47,375 INFO sqlalchemy.engine.Engine [cached since 180.5s ago] {}
2025-08-15 15:08:47,375 - sqlalchemy.engine.Engine - INFO - [cached since 180.5s ago] {}
2025-08-15 15:08:51,965 - error_collector - ERROR - {"timestamp": "2025-08-15T15:08:51.964409", "level": "warning", "category": "system", "message": "服务 database 已降级至 moderate 级别", "exception_type": "CustomError", "stack_trace": "  File \"<string>\", line 1, in <module>\n    from multiprocessing.spawn import spawn_main; spawn_main(tracker_fd=5, pipe_handle=7)\n  File \"/opt/homebrew/Cellar/python@3.13/3.13.5/Frameworks/Python.framework/Versions/3.13/lib/python3.13/multiprocessing/spawn.py\", line 122, in spawn_main\n    exitcode = _main(fd, parent_sentinel)\n  File \"/opt/homebrew/Cellar/python@3.13/3.13.5/Frameworks/Python.framework/Versions/3.13/lib/python3.13/multiprocessing/spawn.py\", line 135, in _main\n    return self._bootstrap(parent_sentinel)\n  File \"/opt/homebrew/Cellar/python@3.13/3.13.5/Frameworks/Python.framework/Versions/3.13/lib/python3.13/multiprocessing/process.py\", line 313, in _bootstrap\n    self.run()\n  File \"/opt/homebrew/Cellar/python@3.13/3.13.5/Frameworks/Python.framework/Versions/3.13/lib/python3.13/multiprocessing/process.py\", line 108, in run\n    self._target(*self._args, **self._kwargs)\n  File \"/Users/zhongxuan/Desktop/demo3/qlib-web/backend/venv/lib/python3.13/site-packages/uvicorn/_subprocess.py\", line 80, in subprocess_started\n    target(sockets=sockets)\n  File \"/Users/zhongxuan/Desktop/demo3/qlib-web/backend/venv/lib/python3.13/site-packages/uvicorn/server.py\", line 67, in run\n    return asyncio.run(self.serve(sockets=sockets))\n  File \"/opt/homebrew/Cellar/python@3.13/3.13.5/Frameworks/Python.framework/Versions/3.13/lib/python3.13/asyncio/runners.py\", line 195, in run\n    return runner.run(main)\n  File \"/opt/homebrew/Cellar/python@3.13/3.13.5/Frameworks/Python.framework/Versions/3.13/lib/python3.13/asyncio/runners.py\", line 118, in run\n    return self._loop.run_until_complete(task)\n  File \"/opt/homebrew/Cellar/python@3.13/3.13.5/Frameworks/Python.framework/Versions/3.13/lib/python3.13/asyncio/base_events.py\", line 712, in run_until_complete\n    self.run_forever()\n  File \"/opt/homebrew/Cellar/python@3.13/3.13.5/Frameworks/Python.framework/Versions/3.13/lib/python3.13/asyncio/base_events.py\", line 683, in run_forever\n    self._run_once()\n  File \"/opt/homebrew/Cellar/python@3.13/3.13.5/Frameworks/Python.framework/Versions/3.13/lib/python3.13/asyncio/base_events.py\", line 2042, in _run_once\n    handle._run()\n  File \"/opt/homebrew/Cellar/python@3.13/3.13.5/Frameworks/Python.framework/Versions/3.13/lib/python3.13/asyncio/events.py\", line 89, in _run\n    self._context.run(self._callback, *self._args)\n  File \"/Users/zhongxuan/Desktop/demo3/qlib-web/backend/app/services/graceful_degradation_service.py\", line 344, in _monitoring_loop\n    await self._apply_degradation_rules()\n  File \"/Users/zhongxuan/Desktop/demo3/qlib-web/backend/app/services/graceful_degradation_service.py\", line 414, in _apply_degradation_rules\n    await self._apply_degradation(rule, service_status)\n  File \"/Users/zhongxuan/Desktop/demo3/qlib-web/backend/app/services/graceful_degradation_service.py\", line 461, in _apply_degradation\n    error_logging_service.log_warning(\n  File \"/Users/zhongxuan/Desktop/demo3/qlib-web/backend/app/services/error_logging_service.py\", line 409, in log_warning\n    return self.collector.collect_custom_error(\n  File \"/Users/zhongxuan/Desktop/demo3/qlib-web/backend/app/services/error_logging_service.py\", line 304, in collect_custom_error\n    stack_trace = ''.join(traceback.format_stack())\n", "request_id": null, "user_id": null, "endpoint": null, "method": null, "user_agent": null, "ip_address": null, "additional_context": {}}
2025-08-15 15:09:18,390 INFO sqlalchemy.engine.Engine BEGIN (implicit)
2025-08-15 15:09:18,390 - sqlalchemy.engine.Engine - INFO - BEGIN (implicit)
2025-08-15 15:09:18,393 INFO sqlalchemy.engine.Engine SELECT 1
2025-08-15 15:09:18,393 - sqlalchemy.engine.Engine - INFO - SELECT 1
2025-08-15 15:09:18,393 INFO sqlalchemy.engine.Engine [cached since 211.5s ago] {}
2025-08-15 15:09:18,393 - sqlalchemy.engine.Engine - INFO - [cached since 211.5s ago] {}
2025-08-15 15:09:19,402 INFO sqlalchemy.engine.Engine BEGIN (implicit)
2025-08-15 15:09:19,402 - sqlalchemy.engine.Engine - INFO - BEGIN (implicit)
2025-08-15 15:09:19,403 INFO sqlalchemy.engine.Engine SELECT 1
2025-08-15 15:09:19,403 - sqlalchemy.engine.Engine - INFO - SELECT 1
2025-08-15 15:09:19,403 INFO sqlalchemy.engine.Engine [cached since 212.5s ago] {}
2025-08-15 15:09:19,403 - sqlalchemy.engine.Engine - INFO - [cached since 212.5s ago] {}
2025-08-15 15:09:21,411 INFO sqlalchemy.engine.Engine BEGIN (implicit)
2025-08-15 15:09:21,411 - sqlalchemy.engine.Engine - INFO - BEGIN (implicit)
2025-08-15 15:09:21,412 INFO sqlalchemy.engine.Engine SELECT 1
2025-08-15 15:09:21,412 - sqlalchemy.engine.Engine - INFO - SELECT 1
2025-08-15 15:09:21,412 INFO sqlalchemy.engine.Engine [cached since 214.5s ago] {}
2025-08-15 15:09:21,412 - sqlalchemy.engine.Engine - INFO - [cached since 214.5s ago] {}
2025-08-15 15:09:22,417 INFO sqlalchemy.engine.Engine BEGIN (implicit)
2025-08-15 15:09:22,417 - sqlalchemy.engine.Engine - INFO - BEGIN (implicit)
2025-08-15 15:09:22,418 INFO sqlalchemy.engine.Engine SELECT 1
2025-08-15 15:09:22,418 - sqlalchemy.engine.Engine - INFO - SELECT 1
2025-08-15 15:09:22,418 INFO sqlalchemy.engine.Engine [cached since 215.5s ago] {}
2025-08-15 15:09:22,418 - sqlalchemy.engine.Engine - INFO - [cached since 215.5s ago] {}
2025-08-15 15:09:51,973 - error_collector - ERROR - {"timestamp": "2025-08-15T15:09:51.972760", "level": "warning", "category": "system", "message": "服务 database 已自动恢复正常", "exception_type": "CustomError", "stack_trace": "  File \"<string>\", line 1, in <module>\n    from multiprocessing.spawn import spawn_main; spawn_main(tracker_fd=5, pipe_handle=7)\n  File \"/opt/homebrew/Cellar/python@3.13/3.13.5/Frameworks/Python.framework/Versions/3.13/lib/python3.13/multiprocessing/spawn.py\", line 122, in spawn_main\n    exitcode = _main(fd, parent_sentinel)\n  File \"/opt/homebrew/Cellar/python@3.13/3.13.5/Frameworks/Python.framework/Versions/3.13/lib/python3.13/multiprocessing/spawn.py\", line 135, in _main\n    return self._bootstrap(parent_sentinel)\n  File \"/opt/homebrew/Cellar/python@3.13/3.13.5/Frameworks/Python.framework/Versions/3.13/lib/python3.13/multiprocessing/process.py\", line 313, in _bootstrap\n    self.run()\n  File \"/opt/homebrew/Cellar/python@3.13/3.13.5/Frameworks/Python.framework/Versions/3.13/lib/python3.13/multiprocessing/process.py\", line 108, in run\n    self._target(*self._args, **self._kwargs)\n  File \"/Users/zhongxuan/Desktop/demo3/qlib-web/backend/venv/lib/python3.13/site-packages/uvicorn/_subprocess.py\", line 80, in subprocess_started\n    target(sockets=sockets)\n  File \"/Users/zhongxuan/Desktop/demo3/qlib-web/backend/venv/lib/python3.13/site-packages/uvicorn/server.py\", line 67, in run\n    return asyncio.run(self.serve(sockets=sockets))\n  File \"/opt/homebrew/Cellar/python@3.13/3.13.5/Frameworks/Python.framework/Versions/3.13/lib/python3.13/asyncio/runners.py\", line 195, in run\n    return runner.run(main)\n  File \"/opt/homebrew/Cellar/python@3.13/3.13.5/Frameworks/Python.framework/Versions/3.13/lib/python3.13/asyncio/runners.py\", line 118, in run\n    return self._loop.run_until_complete(task)\n  File \"/opt/homebrew/Cellar/python@3.13/3.13.5/Frameworks/Python.framework/Versions/3.13/lib/python3.13/asyncio/base_events.py\", line 712, in run_until_complete\n    self.run_forever()\n  File \"/opt/homebrew/Cellar/python@3.13/3.13.5/Frameworks/Python.framework/Versions/3.13/lib/python3.13/asyncio/base_events.py\", line 683, in run_forever\n    self._run_once()\n  File \"/opt/homebrew/Cellar/python@3.13/3.13.5/Frameworks/Python.framework/Versions/3.13/lib/python3.13/asyncio/base_events.py\", line 2042, in _run_once\n    handle._run()\n  File \"/opt/homebrew/Cellar/python@3.13/3.13.5/Frameworks/Python.framework/Versions/3.13/lib/python3.13/asyncio/events.py\", line 89, in _run\n    self._context.run(self._callback, *self._args)\n  File \"/Users/zhongxuan/Desktop/demo3/qlib-web/backend/app/services/graceful_degradation_service.py\", line 344, in _monitoring_loop\n    await self._apply_degradation_rules()\n  File \"/Users/zhongxuan/Desktop/demo3/qlib-web/backend/app/services/graceful_degradation_service.py\", line 418, in _apply_degradation_rules\n    await self._attempt_service_recovery(rule, service_status)\n  File \"/Users/zhongxuan/Desktop/demo3/qlib-web/backend/app/services/graceful_degradation_service.py\", line 502, in _attempt_service_recovery\n    error_logging_service.log_warning(\n  File \"/Users/zhongxuan/Desktop/demo3/qlib-web/backend/app/services/error_logging_service.py\", line 409, in log_warning\n    return self.collector.collect_custom_error(\n  File \"/Users/zhongxuan/Desktop/demo3/qlib-web/backend/app/services/error_logging_service.py\", line 304, in collect_custom_error\n    stack_trace = ''.join(traceback.format_stack())\n", "request_id": null, "user_id": null, "endpoint": null, "method": null, "user_agent": null, "ip_address": null, "additional_context": {}}
2025-08-15 15:09:53,431 INFO sqlalchemy.engine.Engine BEGIN (implicit)
2025-08-15 15:09:53,431 - sqlalchemy.engine.Engine - INFO - BEGIN (implicit)
2025-08-15 15:09:53,431 INFO sqlalchemy.engine.Engine SELECT 1
2025-08-15 15:09:53,431 - sqlalchemy.engine.Engine - INFO - SELECT 1
2025-08-15 15:09:53,432 INFO sqlalchemy.engine.Engine [cached since 246.5s ago] {}
2025-08-15 15:09:53,432 - sqlalchemy.engine.Engine - INFO - [cached since 246.5s ago] {}
2025-08-15 15:09:54,437 INFO sqlalchemy.engine.Engine BEGIN (implicit)
2025-08-15 15:09:54,437 - sqlalchemy.engine.Engine - INFO - BEGIN (implicit)
2025-08-15 15:09:54,438 INFO sqlalchemy.engine.Engine SELECT 1
2025-08-15 15:09:54,438 - sqlalchemy.engine.Engine - INFO - SELECT 1
2025-08-15 15:09:54,438 INFO sqlalchemy.engine.Engine [cached since 247.5s ago] {}
2025-08-15 15:09:54,438 - sqlalchemy.engine.Engine - INFO - [cached since 247.5s ago] {}
2025-08-15 15:09:56,449 INFO sqlalchemy.engine.Engine BEGIN (implicit)
2025-08-15 15:09:56,449 - sqlalchemy.engine.Engine - INFO - BEGIN (implicit)
2025-08-15 15:09:56,449 INFO sqlalchemy.engine.Engine SELECT 1
2025-08-15 15:09:56,449 - sqlalchemy.engine.Engine - INFO - SELECT 1
2025-08-15 15:09:56,450 INFO sqlalchemy.engine.Engine [cached since 249.5s ago] {}
2025-08-15 15:09:56,450 - sqlalchemy.engine.Engine - INFO - [cached since 249.5s ago] {}
2025-08-15 15:09:57,459 INFO sqlalchemy.engine.Engine BEGIN (implicit)
2025-08-15 15:09:57,459 - sqlalchemy.engine.Engine - INFO - BEGIN (implicit)
2025-08-15 15:09:57,460 INFO sqlalchemy.engine.Engine SELECT 1
2025-08-15 15:09:57,460 - sqlalchemy.engine.Engine - INFO - SELECT 1
2025-08-15 15:09:57,460 INFO sqlalchemy.engine.Engine [cached since 250.5s ago] {}
2025-08-15 15:09:57,460 - sqlalchemy.engine.Engine - INFO - [cached since 250.5s ago] {}
2025-08-15 15:10:28,470 INFO sqlalchemy.engine.Engine BEGIN (implicit)
2025-08-15 15:10:28,470 - sqlalchemy.engine.Engine - INFO - BEGIN (implicit)
2025-08-15 15:10:28,472 INFO sqlalchemy.engine.Engine SELECT 1
2025-08-15 15:10:28,472 - sqlalchemy.engine.Engine - INFO - SELECT 1
2025-08-15 15:10:28,472 INFO sqlalchemy.engine.Engine [cached since 281.5s ago] {}
2025-08-15 15:10:28,472 - sqlalchemy.engine.Engine - INFO - [cached since 281.5s ago] {}
2025-08-15 15:10:29,482 INFO sqlalchemy.engine.Engine BEGIN (implicit)
2025-08-15 15:10:29,482 - sqlalchemy.engine.Engine - INFO - BEGIN (implicit)
2025-08-15 15:10:29,482 INFO sqlalchemy.engine.Engine SELECT 1
2025-08-15 15:10:29,482 - sqlalchemy.engine.Engine - INFO - SELECT 1
2025-08-15 15:10:29,483 INFO sqlalchemy.engine.Engine [cached since 282.6s ago] {}
2025-08-15 15:10:29,483 - sqlalchemy.engine.Engine - INFO - [cached since 282.6s ago] {}
2025-08-15 15:10:31,509 INFO sqlalchemy.engine.Engine BEGIN (implicit)
2025-08-15 15:10:31,509 - sqlalchemy.engine.Engine - INFO - BEGIN (implicit)
2025-08-15 15:10:31,509 INFO sqlalchemy.engine.Engine SELECT 1
2025-08-15 15:10:31,509 - sqlalchemy.engine.Engine - INFO - SELECT 1
2025-08-15 15:10:31,510 INFO sqlalchemy.engine.Engine [cached since 284.6s ago] {}
2025-08-15 15:10:31,510 - sqlalchemy.engine.Engine - INFO - [cached since 284.6s ago] {}
2025-08-15 15:10:32,524 INFO sqlalchemy.engine.Engine BEGIN (implicit)
2025-08-15 15:10:32,524 - sqlalchemy.engine.Engine - INFO - BEGIN (implicit)
2025-08-15 15:10:32,524 INFO sqlalchemy.engine.Engine SELECT 1
2025-08-15 15:10:32,524 - sqlalchemy.engine.Engine - INFO - SELECT 1
2025-08-15 15:10:32,524 INFO sqlalchemy.engine.Engine [cached since 285.6s ago] {}
2025-08-15 15:10:32,524 - sqlalchemy.engine.Engine - INFO - [cached since 285.6s ago] {}
2025-08-15 15:11:03,548 INFO sqlalchemy.engine.Engine BEGIN (implicit)
2025-08-15 15:11:03,548 - sqlalchemy.engine.Engine - INFO - BEGIN (implicit)
2025-08-15 15:11:03,549 INFO sqlalchemy.engine.Engine SELECT 1
2025-08-15 15:11:03,549 - sqlalchemy.engine.Engine - INFO - SELECT 1
2025-08-15 15:11:03,549 INFO sqlalchemy.engine.Engine [cached since 316.6s ago] {}
2025-08-15 15:11:03,549 - sqlalchemy.engine.Engine - INFO - [cached since 316.6s ago] {}
2025-08-15 15:11:04,569 INFO sqlalchemy.engine.Engine BEGIN (implicit)
2025-08-15 15:11:04,569 - sqlalchemy.engine.Engine - INFO - BEGIN (implicit)
2025-08-15 15:11:04,570 INFO sqlalchemy.engine.Engine SELECT 1
2025-08-15 15:11:04,570 - sqlalchemy.engine.Engine - INFO - SELECT 1
2025-08-15 15:11:04,570 INFO sqlalchemy.engine.Engine [cached since 317.6s ago] {}
2025-08-15 15:11:04,570 - sqlalchemy.engine.Engine - INFO - [cached since 317.6s ago] {}
2025-08-15 15:11:06,589 INFO sqlalchemy.engine.Engine BEGIN (implicit)
2025-08-15 15:11:06,589 - sqlalchemy.engine.Engine - INFO - BEGIN (implicit)
2025-08-15 15:11:06,589 INFO sqlalchemy.engine.Engine SELECT 1
2025-08-15 15:11:06,589 - sqlalchemy.engine.Engine - INFO - SELECT 1
2025-08-15 15:11:06,589 INFO sqlalchemy.engine.Engine [cached since 319.7s ago] {}
2025-08-15 15:11:06,589 - sqlalchemy.engine.Engine - INFO - [cached since 319.7s ago] {}
2025-08-15 15:11:07,605 INFO sqlalchemy.engine.Engine BEGIN (implicit)
2025-08-15 15:11:07,605 - sqlalchemy.engine.Engine - INFO - BEGIN (implicit)
2025-08-15 15:11:07,606 INFO sqlalchemy.engine.Engine SELECT 1
2025-08-15 15:11:07,606 - sqlalchemy.engine.Engine - INFO - SELECT 1
2025-08-15 15:11:07,606 INFO sqlalchemy.engine.Engine [cached since 320.7s ago] {}
2025-08-15 15:11:07,606 - sqlalchemy.engine.Engine - INFO - [cached since 320.7s ago] {}
2025-08-15 15:11:08,616 - error_collector - ERROR - {"timestamp": "2025-08-15T15:11:08.615628", "level": "warning", "category": "system", "message": "自动恢复成功: database - 服务 database 重启成功", "exception_type": "CustomError", "stack_trace": "  File \"<string>\", line 1, in <module>\n    from multiprocessing.spawn import spawn_main; spawn_main(tracker_fd=5, pipe_handle=7)\n  File \"/opt/homebrew/Cellar/python@3.13/3.13.5/Frameworks/Python.framework/Versions/3.13/lib/python3.13/multiprocessing/spawn.py\", line 122, in spawn_main\n    exitcode = _main(fd, parent_sentinel)\n  File \"/opt/homebrew/Cellar/python@3.13/3.13.5/Frameworks/Python.framework/Versions/3.13/lib/python3.13/multiprocessing/spawn.py\", line 135, in _main\n    return self._bootstrap(parent_sentinel)\n  File \"/opt/homebrew/Cellar/python@3.13/3.13.5/Frameworks/Python.framework/Versions/3.13/lib/python3.13/multiprocessing/process.py\", line 313, in _bootstrap\n    self.run()\n  File \"/opt/homebrew/Cellar/python@3.13/3.13.5/Frameworks/Python.framework/Versions/3.13/lib/python3.13/multiprocessing/process.py\", line 108, in run\n    self._target(*self._args, **self._kwargs)\n  File \"/Users/zhongxuan/Desktop/demo3/qlib-web/backend/venv/lib/python3.13/site-packages/uvicorn/_subprocess.py\", line 80, in subprocess_started\n    target(sockets=sockets)\n  File \"/Users/zhongxuan/Desktop/demo3/qlib-web/backend/venv/lib/python3.13/site-packages/uvicorn/server.py\", line 67, in run\n    return asyncio.run(self.serve(sockets=sockets))\n  File \"/opt/homebrew/Cellar/python@3.13/3.13.5/Frameworks/Python.framework/Versions/3.13/lib/python3.13/asyncio/runners.py\", line 195, in run\n    return runner.run(main)\n  File \"/opt/homebrew/Cellar/python@3.13/3.13.5/Frameworks/Python.framework/Versions/3.13/lib/python3.13/asyncio/runners.py\", line 118, in run\n    return self._loop.run_until_complete(task)\n  File \"/opt/homebrew/Cellar/python@3.13/3.13.5/Frameworks/Python.framework/Versions/3.13/lib/python3.13/asyncio/base_events.py\", line 712, in run_until_complete\n    self.run_forever()\n  File \"/opt/homebrew/Cellar/python@3.13/3.13.5/Frameworks/Python.framework/Versions/3.13/lib/python3.13/asyncio/base_events.py\", line 683, in run_forever\n    self._run_once()\n  File \"/opt/homebrew/Cellar/python@3.13/3.13.5/Frameworks/Python.framework/Versions/3.13/lib/python3.13/asyncio/base_events.py\", line 2042, in _run_once\n    handle._run()\n  File \"/opt/homebrew/Cellar/python@3.13/3.13.5/Frameworks/Python.framework/Versions/3.13/lib/python3.13/asyncio/events.py\", line 89, in _run\n    self._context.run(self._callback, *self._args)\n  File \"/Users/zhongxuan/Desktop/demo3/qlib-web/backend/app/services/fault_recovery_service.py\", line 417, in _monitor_loop\n    await self._apply_recovery_rules()\n  File \"/Users/zhongxuan/Desktop/demo3/qlib-web/backend/app/services/fault_recovery_service.py\", line 462, in _apply_recovery_rules\n    await self._execute_recovery_rule(rule, service_name, health)\n  File \"/Users/zhongxuan/Desktop/demo3/qlib-web/backend/app/services/fault_recovery_service.py\", line 538, in _execute_recovery_rule\n    error_logging_service.log_warning(\n  File \"/Users/zhongxuan/Desktop/demo3/qlib-web/backend/app/services/error_logging_service.py\", line 409, in log_warning\n    return self.collector.collect_custom_error(\n  File \"/Users/zhongxuan/Desktop/demo3/qlib-web/backend/app/services/error_logging_service.py\", line 304, in collect_custom_error\n    stack_trace = ''.join(traceback.format_stack())\n", "request_id": null, "user_id": null, "endpoint": null, "method": null, "user_agent": null, "ip_address": null, "additional_context": {}}
2025-08-15 15:11:40,630 INFO sqlalchemy.engine.Engine BEGIN (implicit)
2025-08-15 15:11:40,630 - sqlalchemy.engine.Engine - INFO - BEGIN (implicit)
2025-08-15 15:11:40,631 INFO sqlalchemy.engine.Engine SELECT 1
2025-08-15 15:11:40,631 - sqlalchemy.engine.Engine - INFO - SELECT 1
2025-08-15 15:11:40,631 INFO sqlalchemy.engine.Engine [cached since 353.7s ago] {}
2025-08-15 15:11:40,631 - sqlalchemy.engine.Engine - INFO - [cached since 353.7s ago] {}
2025-08-15 15:11:41,651 INFO sqlalchemy.engine.Engine BEGIN (implicit)
2025-08-15 15:11:41,651 - sqlalchemy.engine.Engine - INFO - BEGIN (implicit)
2025-08-15 15:11:41,651 INFO sqlalchemy.engine.Engine SELECT 1
2025-08-15 15:11:41,651 - sqlalchemy.engine.Engine - INFO - SELECT 1
2025-08-15 15:11:41,651 INFO sqlalchemy.engine.Engine [cached since 354.7s ago] {}
2025-08-15 15:11:41,651 - sqlalchemy.engine.Engine - INFO - [cached since 354.7s ago] {}
2025-08-15 15:11:43,671 INFO sqlalchemy.engine.Engine BEGIN (implicit)
2025-08-15 15:11:43,671 - sqlalchemy.engine.Engine - INFO - BEGIN (implicit)
2025-08-15 15:11:43,671 INFO sqlalchemy.engine.Engine SELECT 1
2025-08-15 15:11:43,671 - sqlalchemy.engine.Engine - INFO - SELECT 1
2025-08-15 15:11:43,671 INFO sqlalchemy.engine.Engine [cached since 356.7s ago] {}
2025-08-15 15:11:43,671 - sqlalchemy.engine.Engine - INFO - [cached since 356.7s ago] {}
2025-08-15 15:11:44,684 INFO sqlalchemy.engine.Engine BEGIN (implicit)
2025-08-15 15:11:44,684 - sqlalchemy.engine.Engine - INFO - BEGIN (implicit)
2025-08-15 15:11:44,685 INFO sqlalchemy.engine.Engine SELECT 1
2025-08-15 15:11:44,685 - sqlalchemy.engine.Engine - INFO - SELECT 1
2025-08-15 15:11:44,685 INFO sqlalchemy.engine.Engine [cached since 357.8s ago] {}
2025-08-15 15:11:44,685 - sqlalchemy.engine.Engine - INFO - [cached since 357.8s ago] {}
2025-08-15 15:12:15,708 INFO sqlalchemy.engine.Engine BEGIN (implicit)
2025-08-15 15:12:15,708 - sqlalchemy.engine.Engine - INFO - BEGIN (implicit)
2025-08-15 15:12:15,709 INFO sqlalchemy.engine.Engine SELECT 1
2025-08-15 15:12:15,709 - sqlalchemy.engine.Engine - INFO - SELECT 1
2025-08-15 15:12:15,709 INFO sqlalchemy.engine.Engine [cached since 388.8s ago] {}
2025-08-15 15:12:15,709 - sqlalchemy.engine.Engine - INFO - [cached since 388.8s ago] {}
2025-08-15 15:12:16,725 INFO sqlalchemy.engine.Engine BEGIN (implicit)
2025-08-15 15:12:16,725 - sqlalchemy.engine.Engine - INFO - BEGIN (implicit)
2025-08-15 15:12:16,726 INFO sqlalchemy.engine.Engine SELECT 1
2025-08-15 15:12:16,726 - sqlalchemy.engine.Engine - INFO - SELECT 1
2025-08-15 15:12:16,726 INFO sqlalchemy.engine.Engine [cached since 389.8s ago] {}
2025-08-15 15:12:16,726 - sqlalchemy.engine.Engine - INFO - [cached since 389.8s ago] {}
2025-08-15 15:12:18,744 INFO sqlalchemy.engine.Engine BEGIN (implicit)
2025-08-15 15:12:18,744 - sqlalchemy.engine.Engine - INFO - BEGIN (implicit)
2025-08-15 15:12:18,745 INFO sqlalchemy.engine.Engine SELECT 1
2025-08-15 15:12:18,745 - sqlalchemy.engine.Engine - INFO - SELECT 1
2025-08-15 15:12:18,745 INFO sqlalchemy.engine.Engine [cached since 391.8s ago] {}
2025-08-15 15:12:18,745 - sqlalchemy.engine.Engine - INFO - [cached since 391.8s ago] {}
2025-08-15 15:12:19,761 INFO sqlalchemy.engine.Engine BEGIN (implicit)
2025-08-15 15:12:19,761 - sqlalchemy.engine.Engine - INFO - BEGIN (implicit)
2025-08-15 15:12:19,761 INFO sqlalchemy.engine.Engine SELECT 1
2025-08-15 15:12:19,761 - sqlalchemy.engine.Engine - INFO - SELECT 1
2025-08-15 15:12:19,761 INFO sqlalchemy.engine.Engine [cached since 392.8s ago] {}
2025-08-15 15:12:19,761 - sqlalchemy.engine.Engine - INFO - [cached since 392.8s ago] {}
2025-08-15 15:12:50,778 INFO sqlalchemy.engine.Engine BEGIN (implicit)
2025-08-15 15:12:50,778 - sqlalchemy.engine.Engine - INFO - BEGIN (implicit)
2025-08-15 15:12:50,780 INFO sqlalchemy.engine.Engine SELECT 1
2025-08-15 15:12:50,780 - sqlalchemy.engine.Engine - INFO - SELECT 1
2025-08-15 15:12:50,780 INFO sqlalchemy.engine.Engine [cached since 423.8s ago] {}
2025-08-15 15:12:50,780 - sqlalchemy.engine.Engine - INFO - [cached since 423.8s ago] {}
2025-08-15 15:12:51,798 INFO sqlalchemy.engine.Engine BEGIN (implicit)
2025-08-15 15:12:51,798 - sqlalchemy.engine.Engine - INFO - BEGIN (implicit)
2025-08-15 15:12:51,799 INFO sqlalchemy.engine.Engine SELECT 1
2025-08-15 15:12:51,799 - sqlalchemy.engine.Engine - INFO - SELECT 1
2025-08-15 15:12:51,799 INFO sqlalchemy.engine.Engine [cached since 424.9s ago] {}
2025-08-15 15:12:51,799 - sqlalchemy.engine.Engine - INFO - [cached since 424.9s ago] {}
2025-08-15 15:12:53,811 INFO sqlalchemy.engine.Engine BEGIN (implicit)
2025-08-15 15:12:53,811 - sqlalchemy.engine.Engine - INFO - BEGIN (implicit)
2025-08-15 15:12:53,812 INFO sqlalchemy.engine.Engine SELECT 1
2025-08-15 15:12:53,812 - sqlalchemy.engine.Engine - INFO - SELECT 1
2025-08-15 15:12:53,812 INFO sqlalchemy.engine.Engine [cached since 426.9s ago] {}
2025-08-15 15:12:53,812 - sqlalchemy.engine.Engine - INFO - [cached since 426.9s ago] {}
2025-08-15 15:12:54,827 INFO sqlalchemy.engine.Engine BEGIN (implicit)
2025-08-15 15:12:54,827 - sqlalchemy.engine.Engine - INFO - BEGIN (implicit)
2025-08-15 15:12:54,827 INFO sqlalchemy.engine.Engine SELECT 1
2025-08-15 15:12:54,827 - sqlalchemy.engine.Engine - INFO - SELECT 1
2025-08-15 15:12:54,827 INFO sqlalchemy.engine.Engine [cached since 427.9s ago] {}
2025-08-15 15:12:54,827 - sqlalchemy.engine.Engine - INFO - [cached since 427.9s ago] {}
2025-08-15 15:12:54,832 - error_collector - ERROR - {"timestamp": "2025-08-15T15:12:54.831846", "level": "warning", "category": "system", "message": "服务 database 已降级至 moderate 级别", "exception_type": "CustomError", "stack_trace": "  File \"<string>\", line 1, in <module>\n    from multiprocessing.spawn import spawn_main; spawn_main(tracker_fd=5, pipe_handle=7)\n  File \"/opt/homebrew/Cellar/python@3.13/3.13.5/Frameworks/Python.framework/Versions/3.13/lib/python3.13/multiprocessing/spawn.py\", line 122, in spawn_main\n    exitcode = _main(fd, parent_sentinel)\n  File \"/opt/homebrew/Cellar/python@3.13/3.13.5/Frameworks/Python.framework/Versions/3.13/lib/python3.13/multiprocessing/spawn.py\", line 135, in _main\n    return self._bootstrap(parent_sentinel)\n  File \"/opt/homebrew/Cellar/python@3.13/3.13.5/Frameworks/Python.framework/Versions/3.13/lib/python3.13/multiprocessing/process.py\", line 313, in _bootstrap\n    self.run()\n  File \"/opt/homebrew/Cellar/python@3.13/3.13.5/Frameworks/Python.framework/Versions/3.13/lib/python3.13/multiprocessing/process.py\", line 108, in run\n    self._target(*self._args, **self._kwargs)\n  File \"/Users/zhongxuan/Desktop/demo3/qlib-web/backend/venv/lib/python3.13/site-packages/uvicorn/_subprocess.py\", line 80, in subprocess_started\n    target(sockets=sockets)\n  File \"/Users/zhongxuan/Desktop/demo3/qlib-web/backend/venv/lib/python3.13/site-packages/uvicorn/server.py\", line 67, in run\n    return asyncio.run(self.serve(sockets=sockets))\n  File \"/opt/homebrew/Cellar/python@3.13/3.13.5/Frameworks/Python.framework/Versions/3.13/lib/python3.13/asyncio/runners.py\", line 195, in run\n    return runner.run(main)\n  File \"/opt/homebrew/Cellar/python@3.13/3.13.5/Frameworks/Python.framework/Versions/3.13/lib/python3.13/asyncio/runners.py\", line 118, in run\n    return self._loop.run_until_complete(task)\n  File \"/opt/homebrew/Cellar/python@3.13/3.13.5/Frameworks/Python.framework/Versions/3.13/lib/python3.13/asyncio/base_events.py\", line 712, in run_until_complete\n    self.run_forever()\n  File \"/opt/homebrew/Cellar/python@3.13/3.13.5/Frameworks/Python.framework/Versions/3.13/lib/python3.13/asyncio/base_events.py\", line 683, in run_forever\n    self._run_once()\n  File \"/opt/homebrew/Cellar/python@3.13/3.13.5/Frameworks/Python.framework/Versions/3.13/lib/python3.13/asyncio/base_events.py\", line 2042, in _run_once\n    handle._run()\n  File \"/opt/homebrew/Cellar/python@3.13/3.13.5/Frameworks/Python.framework/Versions/3.13/lib/python3.13/asyncio/events.py\", line 89, in _run\n    self._context.run(self._callback, *self._args)\n  File \"/Users/zhongxuan/Desktop/demo3/qlib-web/backend/app/services/graceful_degradation_service.py\", line 344, in _monitoring_loop\n    await self._apply_degradation_rules()\n  File \"/Users/zhongxuan/Desktop/demo3/qlib-web/backend/app/services/graceful_degradation_service.py\", line 414, in _apply_degradation_rules\n    await self._apply_degradation(rule, service_status)\n  File \"/Users/zhongxuan/Desktop/demo3/qlib-web/backend/app/services/graceful_degradation_service.py\", line 461, in _apply_degradation\n    error_logging_service.log_warning(\n  File \"/Users/zhongxuan/Desktop/demo3/qlib-web/backend/app/services/error_logging_service.py\", line 409, in log_warning\n    return self.collector.collect_custom_error(\n  File \"/Users/zhongxuan/Desktop/demo3/qlib-web/backend/app/services/error_logging_service.py\", line 304, in collect_custom_error\n    stack_trace = ''.join(traceback.format_stack())\n", "request_id": null, "user_id": null, "endpoint": null, "method": null, "user_agent": null, "ip_address": null, "additional_context": {}}
2025-08-15 15:13:25,844 INFO sqlalchemy.engine.Engine BEGIN (implicit)
2025-08-15 15:13:25,844 - sqlalchemy.engine.Engine - INFO - BEGIN (implicit)
2025-08-15 15:13:25,845 INFO sqlalchemy.engine.Engine SELECT 1
2025-08-15 15:13:25,845 - sqlalchemy.engine.Engine - INFO - SELECT 1
2025-08-15 15:13:25,845 INFO sqlalchemy.engine.Engine [cached since 458.9s ago] {}
2025-08-15 15:13:25,845 - sqlalchemy.engine.Engine - INFO - [cached since 458.9s ago] {}
2025-08-15 15:15:00,928 - error_collector - ERROR - {"timestamp": "2025-08-15T15:15:00.927962", "level": "warning", "category": "system", "message": "服务 database 已自动恢复正常", "exception_type": "CustomError", "stack_trace": "  File \"<string>\", line 1, in <module>\n    from multiprocessing.spawn import spawn_main; spawn_main(tracker_fd=5, pipe_handle=7)\n  File \"/opt/homebrew/Cellar/python@3.13/3.13.5/Frameworks/Python.framework/Versions/3.13/lib/python3.13/multiprocessing/spawn.py\", line 122, in spawn_main\n    exitcode = _main(fd, parent_sentinel)\n  File \"/opt/homebrew/Cellar/python@3.13/3.13.5/Frameworks/Python.framework/Versions/3.13/lib/python3.13/multiprocessing/spawn.py\", line 135, in _main\n    return self._bootstrap(parent_sentinel)\n  File \"/opt/homebrew/Cellar/python@3.13/3.13.5/Frameworks/Python.framework/Versions/3.13/lib/python3.13/multiprocessing/process.py\", line 313, in _bootstrap\n    self.run()\n  File \"/opt/homebrew/Cellar/python@3.13/3.13.5/Frameworks/Python.framework/Versions/3.13/lib/python3.13/multiprocessing/process.py\", line 108, in run\n    self._target(*self._args, **self._kwargs)\n  File \"/Users/zhongxuan/Desktop/demo3/qlib-web/backend/venv/lib/python3.13/site-packages/uvicorn/_subprocess.py\", line 80, in subprocess_started\n    target(sockets=sockets)\n  File \"/Users/zhongxuan/Desktop/demo3/qlib-web/backend/venv/lib/python3.13/site-packages/uvicorn/server.py\", line 67, in run\n    return asyncio.run(self.serve(sockets=sockets))\n  File \"/opt/homebrew/Cellar/python@3.13/3.13.5/Frameworks/Python.framework/Versions/3.13/lib/python3.13/asyncio/runners.py\", line 195, in run\n    return runner.run(main)\n  File \"/opt/homebrew/Cellar/python@3.13/3.13.5/Frameworks/Python.framework/Versions/3.13/lib/python3.13/asyncio/runners.py\", line 118, in run\n    return self._loop.run_until_complete(task)\n  File \"/opt/homebrew/Cellar/python@3.13/3.13.5/Frameworks/Python.framework/Versions/3.13/lib/python3.13/asyncio/base_events.py\", line 712, in run_until_complete\n    self.run_forever()\n  File \"/opt/homebrew/Cellar/python@3.13/3.13.5/Frameworks/Python.framework/Versions/3.13/lib/python3.13/asyncio/base_events.py\", line 683, in run_forever\n    self._run_once()\n  File \"/opt/homebrew/Cellar/python@3.13/3.13.5/Frameworks/Python.framework/Versions/3.13/lib/python3.13/asyncio/base_events.py\", line 2042, in _run_once\n    handle._run()\n  File \"/opt/homebrew/Cellar/python@3.13/3.13.5/Frameworks/Python.framework/Versions/3.13/lib/python3.13/asyncio/events.py\", line 89, in _run\n    self._context.run(self._callback, *self._args)\n  File \"/Users/zhongxuan/Desktop/demo3/qlib-web/backend/app/services/graceful_degradation_service.py\", line 344, in _monitoring_loop\n    await self._apply_degradation_rules()\n  File \"/Users/zhongxuan/Desktop/demo3/qlib-web/backend/app/services/graceful_degradation_service.py\", line 418, in _apply_degradation_rules\n    await self._attempt_service_recovery(rule, service_status)\n  File \"/Users/zhongxuan/Desktop/demo3/qlib-web/backend/app/services/graceful_degradation_service.py\", line 502, in _attempt_service_recovery\n    error_logging_service.log_warning(\n  File \"/Users/zhongxuan/Desktop/demo3/qlib-web/backend/app/services/error_logging_service.py\", line 409, in log_warning\n    return self.collector.collect_custom_error(\n  File \"/Users/zhongxuan/Desktop/demo3/qlib-web/backend/app/services/error_logging_service.py\", line 304, in collect_custom_error\n    stack_trace = ''.join(traceback.format_stack())\n", "request_id": null, "user_id": null, "endpoint": null, "method": null, "user_agent": null, "ip_address": null, "additional_context": {}}
2025-08-15 15:15:00,931 - error_collector - ERROR - {"timestamp": "2025-08-15T15:15:00.931224", "level": "warning", "category": "system", "message": "自动恢复成功: redis - 服务 redis 缓存清理成功", "exception_type": "CustomError", "stack_trace": "  File \"<string>\", line 1, in <module>\n    from multiprocessing.spawn import spawn_main; spawn_main(tracker_fd=5, pipe_handle=7)\n  File \"/opt/homebrew/Cellar/python@3.13/3.13.5/Frameworks/Python.framework/Versions/3.13/lib/python3.13/multiprocessing/spawn.py\", line 122, in spawn_main\n    exitcode = _main(fd, parent_sentinel)\n  File \"/opt/homebrew/Cellar/python@3.13/3.13.5/Frameworks/Python.framework/Versions/3.13/lib/python3.13/multiprocessing/spawn.py\", line 135, in _main\n    return self._bootstrap(parent_sentinel)\n  File \"/opt/homebrew/Cellar/python@3.13/3.13.5/Frameworks/Python.framework/Versions/3.13/lib/python3.13/multiprocessing/process.py\", line 313, in _bootstrap\n    self.run()\n  File \"/opt/homebrew/Cellar/python@3.13/3.13.5/Frameworks/Python.framework/Versions/3.13/lib/python3.13/multiprocessing/process.py\", line 108, in run\n    self._target(*self._args, **self._kwargs)\n  File \"/Users/zhongxuan/Desktop/demo3/qlib-web/backend/venv/lib/python3.13/site-packages/uvicorn/_subprocess.py\", line 80, in subprocess_started\n    target(sockets=sockets)\n  File \"/Users/zhongxuan/Desktop/demo3/qlib-web/backend/venv/lib/python3.13/site-packages/uvicorn/server.py\", line 67, in run\n    return asyncio.run(self.serve(sockets=sockets))\n  File \"/opt/homebrew/Cellar/python@3.13/3.13.5/Frameworks/Python.framework/Versions/3.13/lib/python3.13/asyncio/runners.py\", line 195, in run\n    return runner.run(main)\n  File \"/opt/homebrew/Cellar/python@3.13/3.13.5/Frameworks/Python.framework/Versions/3.13/lib/python3.13/asyncio/runners.py\", line 118, in run\n    return self._loop.run_until_complete(task)\n  File \"/opt/homebrew/Cellar/python@3.13/3.13.5/Frameworks/Python.framework/Versions/3.13/lib/python3.13/asyncio/base_events.py\", line 712, in run_until_complete\n    self.run_forever()\n  File \"/opt/homebrew/Cellar/python@3.13/3.13.5/Frameworks/Python.framework/Versions/3.13/lib/python3.13/asyncio/base_events.py\", line 683, in run_forever\n    self._run_once()\n  File \"/opt/homebrew/Cellar/python@3.13/3.13.5/Frameworks/Python.framework/Versions/3.13/lib/python3.13/asyncio/base_events.py\", line 2042, in _run_once\n    handle._run()\n  File \"/opt/homebrew/Cellar/python@3.13/3.13.5/Frameworks/Python.framework/Versions/3.13/lib/python3.13/asyncio/events.py\", line 89, in _run\n    self._context.run(self._callback, *self._args)\n  File \"/Users/zhongxuan/Desktop/demo3/qlib-web/backend/app/services/fault_recovery_service.py\", line 417, in _monitor_loop\n    await self._apply_recovery_rules()\n  File \"/Users/zhongxuan/Desktop/demo3/qlib-web/backend/app/services/fault_recovery_service.py\", line 462, in _apply_recovery_rules\n    await self._execute_recovery_rule(rule, service_name, health)\n  File \"/Users/zhongxuan/Desktop/demo3/qlib-web/backend/app/services/fault_recovery_service.py\", line 538, in _execute_recovery_rule\n    error_logging_service.log_warning(\n  File \"/Users/zhongxuan/Desktop/demo3/qlib-web/backend/app/services/error_logging_service.py\", line 409, in log_warning\n    return self.collector.collect_custom_error(\n  File \"/Users/zhongxuan/Desktop/demo3/qlib-web/backend/app/services/error_logging_service.py\", line 304, in collect_custom_error\n    stack_trace = ''.join(traceback.format_stack())\n", "request_id": null, "user_id": null, "endpoint": null, "method": null, "user_agent": null, "ip_address": null, "additional_context": {}}
2025-08-15 15:15:32,902 INFO sqlalchemy.engine.Engine BEGIN (implicit)
2025-08-15 15:15:32,902 - sqlalchemy.engine.Engine - INFO - BEGIN (implicit)
2025-08-15 15:15:32,904 INFO sqlalchemy.engine.Engine SELECT 1
2025-08-15 15:15:32,904 - sqlalchemy.engine.Engine - INFO - SELECT 1
2025-08-15 15:15:32,904 INFO sqlalchemy.engine.Engine [cached since 586s ago] {}
2025-08-15 15:15:32,904 - sqlalchemy.engine.Engine - INFO - [cached since 586s ago] {}
2025-08-15 15:15:33,910 INFO sqlalchemy.engine.Engine BEGIN (implicit)
2025-08-15 15:15:33,910 - sqlalchemy.engine.Engine - INFO - BEGIN (implicit)
2025-08-15 15:15:33,910 INFO sqlalchemy.engine.Engine SELECT 1
2025-08-15 15:15:33,910 - sqlalchemy.engine.Engine - INFO - SELECT 1
2025-08-15 15:15:33,911 INFO sqlalchemy.engine.Engine [cached since 587s ago] {}
2025-08-15 15:15:33,911 - sqlalchemy.engine.Engine - INFO - [cached since 587s ago] {}
2025-08-15 15:15:35,919 INFO sqlalchemy.engine.Engine BEGIN (implicit)
2025-08-15 15:15:35,919 - sqlalchemy.engine.Engine - INFO - BEGIN (implicit)
2025-08-15 15:15:35,920 INFO sqlalchemy.engine.Engine SELECT 1
2025-08-15 15:15:35,920 - sqlalchemy.engine.Engine - INFO - SELECT 1
2025-08-15 15:15:35,920 INFO sqlalchemy.engine.Engine [cached since 589s ago] {}
2025-08-15 15:15:35,920 - sqlalchemy.engine.Engine - INFO - [cached since 589s ago] {}
2025-08-15 15:15:36,928 INFO sqlalchemy.engine.Engine BEGIN (implicit)
2025-08-15 15:15:36,928 - sqlalchemy.engine.Engine - INFO - BEGIN (implicit)
2025-08-15 15:15:36,929 INFO sqlalchemy.engine.Engine SELECT 1
2025-08-15 15:15:36,929 - sqlalchemy.engine.Engine - INFO - SELECT 1
2025-08-15 15:15:36,930 INFO sqlalchemy.engine.Engine [cached since 590s ago] {}
2025-08-15 15:15:36,930 - sqlalchemy.engine.Engine - INFO - [cached since 590s ago] {}
2025-08-15 15:16:07,940 INFO sqlalchemy.engine.Engine BEGIN (implicit)
2025-08-15 15:16:07,940 - sqlalchemy.engine.Engine - INFO - BEGIN (implicit)
2025-08-15 15:16:07,942 INFO sqlalchemy.engine.Engine SELECT 1
2025-08-15 15:16:07,942 - sqlalchemy.engine.Engine - INFO - SELECT 1
2025-08-15 15:16:07,942 INFO sqlalchemy.engine.Engine [cached since 621s ago] {}
2025-08-15 15:16:07,942 - sqlalchemy.engine.Engine - INFO - [cached since 621s ago] {}
2025-08-15 15:16:08,946 INFO sqlalchemy.engine.Engine BEGIN (implicit)
2025-08-15 15:16:08,946 - sqlalchemy.engine.Engine - INFO - BEGIN (implicit)
2025-08-15 15:16:08,950 INFO sqlalchemy.engine.Engine SELECT 1
2025-08-15 15:16:08,950 - sqlalchemy.engine.Engine - INFO - SELECT 1
2025-08-15 15:16:08,950 INFO sqlalchemy.engine.Engine [cached since 622s ago] {}
2025-08-15 15:16:08,950 - sqlalchemy.engine.Engine - INFO - [cached since 622s ago] {}
2025-08-15 15:16:10,961 INFO sqlalchemy.engine.Engine BEGIN (implicit)
2025-08-15 15:16:10,961 - sqlalchemy.engine.Engine - INFO - BEGIN (implicit)
2025-08-15 15:16:10,962 INFO sqlalchemy.engine.Engine SELECT 1
2025-08-15 15:16:10,962 - sqlalchemy.engine.Engine - INFO - SELECT 1
2025-08-15 15:16:10,962 INFO sqlalchemy.engine.Engine [cached since 624s ago] {}
2025-08-15 15:16:10,962 - sqlalchemy.engine.Engine - INFO - [cached since 624s ago] {}
2025-08-15 15:16:11,966 INFO sqlalchemy.engine.Engine BEGIN (implicit)
2025-08-15 15:16:11,966 - sqlalchemy.engine.Engine - INFO - BEGIN (implicit)
2025-08-15 15:16:11,967 INFO sqlalchemy.engine.Engine SELECT 1
2025-08-15 15:16:11,967 - sqlalchemy.engine.Engine - INFO - SELECT 1
2025-08-15 15:16:11,967 INFO sqlalchemy.engine.Engine [cached since 625s ago] {}
2025-08-15 15:16:11,967 - sqlalchemy.engine.Engine - INFO - [cached since 625s ago] {}
2025-08-15 15:16:12,973 - error_collector - ERROR - {"timestamp": "2025-08-15T15:16:12.972615", "level": "warning", "category": "system", "message": "自动恢复成功: database - 服务 database 重启成功", "exception_type": "CustomError", "stack_trace": "  File \"<string>\", line 1, in <module>\n    from multiprocessing.spawn import spawn_main; spawn_main(tracker_fd=5, pipe_handle=7)\n  File \"/opt/homebrew/Cellar/python@3.13/3.13.5/Frameworks/Python.framework/Versions/3.13/lib/python3.13/multiprocessing/spawn.py\", line 122, in spawn_main\n    exitcode = _main(fd, parent_sentinel)\n  File \"/opt/homebrew/Cellar/python@3.13/3.13.5/Frameworks/Python.framework/Versions/3.13/lib/python3.13/multiprocessing/spawn.py\", line 135, in _main\n    return self._bootstrap(parent_sentinel)\n  File \"/opt/homebrew/Cellar/python@3.13/3.13.5/Frameworks/Python.framework/Versions/3.13/lib/python3.13/multiprocessing/process.py\", line 313, in _bootstrap\n    self.run()\n  File \"/opt/homebrew/Cellar/python@3.13/3.13.5/Frameworks/Python.framework/Versions/3.13/lib/python3.13/multiprocessing/process.py\", line 108, in run\n    self._target(*self._args, **self._kwargs)\n  File \"/Users/zhongxuan/Desktop/demo3/qlib-web/backend/venv/lib/python3.13/site-packages/uvicorn/_subprocess.py\", line 80, in subprocess_started\n    target(sockets=sockets)\n  File \"/Users/zhongxuan/Desktop/demo3/qlib-web/backend/venv/lib/python3.13/site-packages/uvicorn/server.py\", line 67, in run\n    return asyncio.run(self.serve(sockets=sockets))\n  File \"/opt/homebrew/Cellar/python@3.13/3.13.5/Frameworks/Python.framework/Versions/3.13/lib/python3.13/asyncio/runners.py\", line 195, in run\n    return runner.run(main)\n  File \"/opt/homebrew/Cellar/python@3.13/3.13.5/Frameworks/Python.framework/Versions/3.13/lib/python3.13/asyncio/runners.py\", line 118, in run\n    return self._loop.run_until_complete(task)\n  File \"/opt/homebrew/Cellar/python@3.13/3.13.5/Frameworks/Python.framework/Versions/3.13/lib/python3.13/asyncio/base_events.py\", line 712, in run_until_complete\n    self.run_forever()\n  File \"/opt/homebrew/Cellar/python@3.13/3.13.5/Frameworks/Python.framework/Versions/3.13/lib/python3.13/asyncio/base_events.py\", line 683, in run_forever\n    self._run_once()\n  File \"/opt/homebrew/Cellar/python@3.13/3.13.5/Frameworks/Python.framework/Versions/3.13/lib/python3.13/asyncio/base_events.py\", line 2042, in _run_once\n    handle._run()\n  File \"/opt/homebrew/Cellar/python@3.13/3.13.5/Frameworks/Python.framework/Versions/3.13/lib/python3.13/asyncio/events.py\", line 89, in _run\n    self._context.run(self._callback, *self._args)\n  File \"/Users/zhongxuan/Desktop/demo3/qlib-web/backend/app/services/fault_recovery_service.py\", line 417, in _monitor_loop\n    await self._apply_recovery_rules()\n  File \"/Users/zhongxuan/Desktop/demo3/qlib-web/backend/app/services/fault_recovery_service.py\", line 462, in _apply_recovery_rules\n    await self._execute_recovery_rule(rule, service_name, health)\n  File \"/Users/zhongxuan/Desktop/demo3/qlib-web/backend/app/services/fault_recovery_service.py\", line 538, in _execute_recovery_rule\n    error_logging_service.log_warning(\n  File \"/Users/zhongxuan/Desktop/demo3/qlib-web/backend/app/services/error_logging_service.py\", line 409, in log_warning\n    return self.collector.collect_custom_error(\n  File \"/Users/zhongxuan/Desktop/demo3/qlib-web/backend/app/services/error_logging_service.py\", line 304, in collect_custom_error\n    stack_trace = ''.join(traceback.format_stack())\n", "request_id": null, "user_id": null, "endpoint": null, "method": null, "user_agent": null, "ip_address": null, "additional_context": {}}
2025-08-15 15:16:43,980 INFO sqlalchemy.engine.Engine BEGIN (implicit)
2025-08-15 15:16:43,980 - sqlalchemy.engine.Engine - INFO - BEGIN (implicit)
2025-08-15 15:16:43,982 INFO sqlalchemy.engine.Engine SELECT 1
2025-08-15 15:16:43,982 - sqlalchemy.engine.Engine - INFO - SELECT 1
2025-08-15 15:16:43,983 INFO sqlalchemy.engine.Engine [cached since 657s ago] {}
2025-08-15 15:16:43,983 - sqlalchemy.engine.Engine - INFO - [cached since 657s ago] {}
2025-08-15 15:16:44,992 INFO sqlalchemy.engine.Engine BEGIN (implicit)
2025-08-15 15:16:44,992 - sqlalchemy.engine.Engine - INFO - BEGIN (implicit)
2025-08-15 15:16:44,993 INFO sqlalchemy.engine.Engine SELECT 1
2025-08-15 15:16:44,993 - sqlalchemy.engine.Engine - INFO - SELECT 1
2025-08-15 15:16:44,993 INFO sqlalchemy.engine.Engine [cached since 658.1s ago] {}
2025-08-15 15:16:44,993 - sqlalchemy.engine.Engine - INFO - [cached since 658.1s ago] {}
2025-08-15 15:16:47,023 INFO sqlalchemy.engine.Engine BEGIN (implicit)
2025-08-15 15:16:47,023 - sqlalchemy.engine.Engine - INFO - BEGIN (implicit)
2025-08-15 15:16:47,023 INFO sqlalchemy.engine.Engine SELECT 1
2025-08-15 15:16:47,023 - sqlalchemy.engine.Engine - INFO - SELECT 1
2025-08-15 15:16:47,024 INFO sqlalchemy.engine.Engine [cached since 660.1s ago] {}
2025-08-15 15:16:47,024 - sqlalchemy.engine.Engine - INFO - [cached since 660.1s ago] {}
2025-08-15 15:16:48,041 INFO sqlalchemy.engine.Engine BEGIN (implicit)
2025-08-15 15:16:48,041 - sqlalchemy.engine.Engine - INFO - BEGIN (implicit)
2025-08-15 15:16:48,042 INFO sqlalchemy.engine.Engine SELECT 1
2025-08-15 15:16:48,042 - sqlalchemy.engine.Engine - INFO - SELECT 1
2025-08-15 15:16:48,042 INFO sqlalchemy.engine.Engine [cached since 661.1s ago] {}
2025-08-15 15:16:48,042 - sqlalchemy.engine.Engine - INFO - [cached since 661.1s ago] {}
2025-08-15 15:17:19,058 INFO sqlalchemy.engine.Engine BEGIN (implicit)
2025-08-15 15:17:19,058 - sqlalchemy.engine.Engine - INFO - BEGIN (implicit)
2025-08-15 15:17:19,059 INFO sqlalchemy.engine.Engine SELECT 1
2025-08-15 15:17:19,059 - sqlalchemy.engine.Engine - INFO - SELECT 1
2025-08-15 15:17:19,060 INFO sqlalchemy.engine.Engine [cached since 692.1s ago] {}
2025-08-15 15:17:19,060 - sqlalchemy.engine.Engine - INFO - [cached since 692.1s ago] {}
2025-08-15 15:17:20,077 INFO sqlalchemy.engine.Engine BEGIN (implicit)
2025-08-15 15:17:20,077 - sqlalchemy.engine.Engine - INFO - BEGIN (implicit)
2025-08-15 15:17:20,077 INFO sqlalchemy.engine.Engine SELECT 1
2025-08-15 15:17:20,077 - sqlalchemy.engine.Engine - INFO - SELECT 1
2025-08-15 15:17:20,077 INFO sqlalchemy.engine.Engine [cached since 693.1s ago] {}
2025-08-15 15:17:20,077 - sqlalchemy.engine.Engine - INFO - [cached since 693.1s ago] {}
2025-08-15 15:17:22,097 INFO sqlalchemy.engine.Engine BEGIN (implicit)
2025-08-15 15:17:22,097 - sqlalchemy.engine.Engine - INFO - BEGIN (implicit)
2025-08-15 15:17:22,097 INFO sqlalchemy.engine.Engine SELECT 1
2025-08-15 15:17:22,097 - sqlalchemy.engine.Engine - INFO - SELECT 1
2025-08-15 15:17:22,097 INFO sqlalchemy.engine.Engine [cached since 695.2s ago] {}
2025-08-15 15:17:22,097 - sqlalchemy.engine.Engine - INFO - [cached since 695.2s ago] {}
2025-08-15 15:17:23,116 INFO sqlalchemy.engine.Engine BEGIN (implicit)
2025-08-15 15:17:23,116 - sqlalchemy.engine.Engine - INFO - BEGIN (implicit)
2025-08-15 15:17:23,116 INFO sqlalchemy.engine.Engine SELECT 1
2025-08-15 15:17:23,116 - sqlalchemy.engine.Engine - INFO - SELECT 1
2025-08-15 15:17:23,116 INFO sqlalchemy.engine.Engine [cached since 696.2s ago] {}
2025-08-15 15:17:23,116 - sqlalchemy.engine.Engine - INFO - [cached since 696.2s ago] {}
2025-08-15 15:17:54,131 INFO sqlalchemy.engine.Engine BEGIN (implicit)
2025-08-15 15:17:54,131 - sqlalchemy.engine.Engine - INFO - BEGIN (implicit)
2025-08-15 15:17:54,133 INFO sqlalchemy.engine.Engine SELECT 1
2025-08-15 15:17:54,133 - sqlalchemy.engine.Engine - INFO - SELECT 1
2025-08-15 15:17:54,133 INFO sqlalchemy.engine.Engine [cached since 727.2s ago] {}
2025-08-15 15:17:54,133 - sqlalchemy.engine.Engine - INFO - [cached since 727.2s ago] {}
2025-08-15 15:17:55,149 INFO sqlalchemy.engine.Engine BEGIN (implicit)
2025-08-15 15:17:55,149 - sqlalchemy.engine.Engine - INFO - BEGIN (implicit)
2025-08-15 15:17:55,150 INFO sqlalchemy.engine.Engine SELECT 1
2025-08-15 15:17:55,150 - sqlalchemy.engine.Engine - INFO - SELECT 1
2025-08-15 15:17:55,150 INFO sqlalchemy.engine.Engine [cached since 728.2s ago] {}
2025-08-15 15:17:55,150 - sqlalchemy.engine.Engine - INFO - [cached since 728.2s ago] {}
2025-08-15 15:17:57,168 INFO sqlalchemy.engine.Engine BEGIN (implicit)
2025-08-15 15:17:57,168 - sqlalchemy.engine.Engine - INFO - BEGIN (implicit)
2025-08-15 15:17:57,169 INFO sqlalchemy.engine.Engine SELECT 1
2025-08-15 15:17:57,169 - sqlalchemy.engine.Engine - INFO - SELECT 1
2025-08-15 15:17:57,169 INFO sqlalchemy.engine.Engine [cached since 730.2s ago] {}
2025-08-15 15:17:57,169 - sqlalchemy.engine.Engine - INFO - [cached since 730.2s ago] {}
2025-08-15 15:17:58,181 INFO sqlalchemy.engine.Engine BEGIN (implicit)
2025-08-15 15:17:58,181 - sqlalchemy.engine.Engine - INFO - BEGIN (implicit)
2025-08-15 15:17:58,182 INFO sqlalchemy.engine.Engine SELECT 1
2025-08-15 15:17:58,182 - sqlalchemy.engine.Engine - INFO - SELECT 1
2025-08-15 15:17:58,182 INFO sqlalchemy.engine.Engine [cached since 731.2s ago] {}
2025-08-15 15:17:58,182 - sqlalchemy.engine.Engine - INFO - [cached since 731.2s ago] {}
2025-08-15 15:18:00,941 - error_collector - ERROR - {"timestamp": "2025-08-15T15:18:00.941477", "level": "warning", "category": "system", "message": "服务 database 已降级至 moderate 级别", "exception_type": "CustomError", "stack_trace": "  File \"<string>\", line 1, in <module>\n    from multiprocessing.spawn import spawn_main; spawn_main(tracker_fd=5, pipe_handle=7)\n  File \"/opt/homebrew/Cellar/python@3.13/3.13.5/Frameworks/Python.framework/Versions/3.13/lib/python3.13/multiprocessing/spawn.py\", line 122, in spawn_main\n    exitcode = _main(fd, parent_sentinel)\n  File \"/opt/homebrew/Cellar/python@3.13/3.13.5/Frameworks/Python.framework/Versions/3.13/lib/python3.13/multiprocessing/spawn.py\", line 135, in _main\n    return self._bootstrap(parent_sentinel)\n  File \"/opt/homebrew/Cellar/python@3.13/3.13.5/Frameworks/Python.framework/Versions/3.13/lib/python3.13/multiprocessing/process.py\", line 313, in _bootstrap\n    self.run()\n  File \"/opt/homebrew/Cellar/python@3.13/3.13.5/Frameworks/Python.framework/Versions/3.13/lib/python3.13/multiprocessing/process.py\", line 108, in run\n    self._target(*self._args, **self._kwargs)\n  File \"/Users/zhongxuan/Desktop/demo3/qlib-web/backend/venv/lib/python3.13/site-packages/uvicorn/_subprocess.py\", line 80, in subprocess_started\n    target(sockets=sockets)\n  File \"/Users/zhongxuan/Desktop/demo3/qlib-web/backend/venv/lib/python3.13/site-packages/uvicorn/server.py\", line 67, in run\n    return asyncio.run(self.serve(sockets=sockets))\n  File \"/opt/homebrew/Cellar/python@3.13/3.13.5/Frameworks/Python.framework/Versions/3.13/lib/python3.13/asyncio/runners.py\", line 195, in run\n    return runner.run(main)\n  File \"/opt/homebrew/Cellar/python@3.13/3.13.5/Frameworks/Python.framework/Versions/3.13/lib/python3.13/asyncio/runners.py\", line 118, in run\n    return self._loop.run_until_complete(task)\n  File \"/opt/homebrew/Cellar/python@3.13/3.13.5/Frameworks/Python.framework/Versions/3.13/lib/python3.13/asyncio/base_events.py\", line 712, in run_until_complete\n    self.run_forever()\n  File \"/opt/homebrew/Cellar/python@3.13/3.13.5/Frameworks/Python.framework/Versions/3.13/lib/python3.13/asyncio/base_events.py\", line 683, in run_forever\n    self._run_once()\n  File \"/opt/homebrew/Cellar/python@3.13/3.13.5/Frameworks/Python.framework/Versions/3.13/lib/python3.13/asyncio/base_events.py\", line 2042, in _run_once\n    handle._run()\n  File \"/opt/homebrew/Cellar/python@3.13/3.13.5/Frameworks/Python.framework/Versions/3.13/lib/python3.13/asyncio/events.py\", line 89, in _run\n    self._context.run(self._callback, *self._args)\n  File \"/Users/zhongxuan/Desktop/demo3/qlib-web/backend/app/services/graceful_degradation_service.py\", line 344, in _monitoring_loop\n    await self._apply_degradation_rules()\n  File \"/Users/zhongxuan/Desktop/demo3/qlib-web/backend/app/services/graceful_degradation_service.py\", line 414, in _apply_degradation_rules\n    await self._apply_degradation(rule, service_status)\n  File \"/Users/zhongxuan/Desktop/demo3/qlib-web/backend/app/services/graceful_degradation_service.py\", line 461, in _apply_degradation\n    error_logging_service.log_warning(\n  File \"/Users/zhongxuan/Desktop/demo3/qlib-web/backend/app/services/error_logging_service.py\", line 409, in log_warning\n    return self.collector.collect_custom_error(\n  File \"/Users/zhongxuan/Desktop/demo3/qlib-web/backend/app/services/error_logging_service.py\", line 304, in collect_custom_error\n    stack_trace = ''.join(traceback.format_stack())\n", "request_id": null, "user_id": null, "endpoint": null, "method": null, "user_agent": null, "ip_address": null, "additional_context": {}}
2025-08-15 15:18:29,199 INFO sqlalchemy.engine.Engine BEGIN (implicit)
2025-08-15 15:18:29,199 - sqlalchemy.engine.Engine - INFO - BEGIN (implicit)
2025-08-15 15:18:29,200 INFO sqlalchemy.engine.Engine SELECT 1
2025-08-15 15:18:29,200 - sqlalchemy.engine.Engine - INFO - SELECT 1
2025-08-15 15:18:29,200 INFO sqlalchemy.engine.Engine [cached since 762.3s ago] {}
2025-08-15 15:18:29,200 - sqlalchemy.engine.Engine - INFO - [cached since 762.3s ago] {}
2025-08-15 15:18:30,219 INFO sqlalchemy.engine.Engine BEGIN (implicit)
2025-08-15 15:18:30,219 - sqlalchemy.engine.Engine - INFO - BEGIN (implicit)
2025-08-15 15:18:30,219 INFO sqlalchemy.engine.Engine SELECT 1
2025-08-15 15:18:30,219 - sqlalchemy.engine.Engine - INFO - SELECT 1
2025-08-15 15:18:30,220 INFO sqlalchemy.engine.Engine [cached since 763.3s ago] {}
2025-08-15 15:18:30,220 - sqlalchemy.engine.Engine - INFO - [cached since 763.3s ago] {}
2025-08-15 15:18:32,241 INFO sqlalchemy.engine.Engine BEGIN (implicit)
2025-08-15 15:18:32,241 - sqlalchemy.engine.Engine - INFO - BEGIN (implicit)
2025-08-15 15:18:32,242 INFO sqlalchemy.engine.Engine SELECT 1
2025-08-15 15:18:32,242 - sqlalchemy.engine.Engine - INFO - SELECT 1
2025-08-15 15:18:32,242 INFO sqlalchemy.engine.Engine [cached since 765.3s ago] {}
2025-08-15 15:18:32,242 - sqlalchemy.engine.Engine - INFO - [cached since 765.3s ago] {}
2025-08-15 15:18:33,253 INFO sqlalchemy.engine.Engine BEGIN (implicit)
2025-08-15 15:18:33,253 - sqlalchemy.engine.Engine - INFO - BEGIN (implicit)
2025-08-15 15:18:33,253 INFO sqlalchemy.engine.Engine SELECT 1
2025-08-15 15:18:33,253 - sqlalchemy.engine.Engine - INFO - SELECT 1
2025-08-15 15:18:33,254 INFO sqlalchemy.engine.Engine [cached since 766.3s ago] {}
2025-08-15 15:18:33,254 - sqlalchemy.engine.Engine - INFO - [cached since 766.3s ago] {}
2025-08-15 15:19:04,393 INFO sqlalchemy.engine.Engine BEGIN (implicit)
2025-08-15 15:19:04,393 - sqlalchemy.engine.Engine - INFO - BEGIN (implicit)
2025-08-15 15:19:04,394 INFO sqlalchemy.engine.Engine SELECT 1
2025-08-15 15:19:04,394 - sqlalchemy.engine.Engine - INFO - SELECT 1
2025-08-15 15:19:04,394 INFO sqlalchemy.engine.Engine [cached since 797.3s ago] {}
2025-08-15 15:19:04,394 - sqlalchemy.engine.Engine - INFO - [cached since 797.3s ago] {}
2025-08-15 15:19:05,405 INFO sqlalchemy.engine.Engine BEGIN (implicit)
2025-08-15 15:19:05,405 - sqlalchemy.engine.Engine - INFO - BEGIN (implicit)
2025-08-15 15:19:05,406 INFO sqlalchemy.engine.Engine SELECT 1
2025-08-15 15:19:05,406 - sqlalchemy.engine.Engine - INFO - SELECT 1
2025-08-15 15:19:05,406 INFO sqlalchemy.engine.Engine [cached since 798.3s ago] {}
2025-08-15 15:19:05,406 - sqlalchemy.engine.Engine - INFO - [cached since 798.3s ago] {}
2025-08-15 15:19:07,421 INFO sqlalchemy.engine.Engine BEGIN (implicit)
2025-08-15 15:19:07,421 - sqlalchemy.engine.Engine - INFO - BEGIN (implicit)
2025-08-15 15:19:07,422 INFO sqlalchemy.engine.Engine SELECT 1
2025-08-15 15:19:07,422 - sqlalchemy.engine.Engine - INFO - SELECT 1
2025-08-15 15:19:07,422 INFO sqlalchemy.engine.Engine [cached since 800.4s ago] {}
2025-08-15 15:19:07,422 - sqlalchemy.engine.Engine - INFO - [cached since 800.4s ago] {}
2025-08-15 15:19:08,438 INFO sqlalchemy.engine.Engine BEGIN (implicit)
2025-08-15 15:19:08,438 - sqlalchemy.engine.Engine - INFO - BEGIN (implicit)
2025-08-15 15:19:08,439 INFO sqlalchemy.engine.Engine SELECT 1
2025-08-15 15:19:08,439 - sqlalchemy.engine.Engine - INFO - SELECT 1
2025-08-15 15:19:08,439 INFO sqlalchemy.engine.Engine [cached since 801.4s ago] {}
2025-08-15 15:19:08,439 - sqlalchemy.engine.Engine - INFO - [cached since 801.4s ago] {}
2025-08-15 15:19:39,469 INFO sqlalchemy.engine.Engine BEGIN (implicit)
2025-08-15 15:19:39,469 - sqlalchemy.engine.Engine - INFO - BEGIN (implicit)
2025-08-15 15:19:39,472 INFO sqlalchemy.engine.Engine SELECT 1
2025-08-15 15:19:39,472 - sqlalchemy.engine.Engine - INFO - SELECT 1
2025-08-15 15:19:39,472 INFO sqlalchemy.engine.Engine [cached since 832.4s ago] {}
2025-08-15 15:19:39,472 - sqlalchemy.engine.Engine - INFO - [cached since 832.4s ago] {}
2025-08-15 15:21:14,514 - error_collector - ERROR - {"timestamp": "2025-08-15T15:21:14.514002", "level": "warning", "category": "system", "message": "自动恢复成功: database - 服务 database 重启成功", "exception_type": "CustomError", "stack_trace": "  File \"<string>\", line 1, in <module>\n    from multiprocessing.spawn import spawn_main; spawn_main(tracker_fd=5, pipe_handle=7)\n  File \"/opt/homebrew/Cellar/python@3.13/3.13.5/Frameworks/Python.framework/Versions/3.13/lib/python3.13/multiprocessing/spawn.py\", line 122, in spawn_main\n    exitcode = _main(fd, parent_sentinel)\n  File \"/opt/homebrew/Cellar/python@3.13/3.13.5/Frameworks/Python.framework/Versions/3.13/lib/python3.13/multiprocessing/spawn.py\", line 135, in _main\n    return self._bootstrap(parent_sentinel)\n  File \"/opt/homebrew/Cellar/python@3.13/3.13.5/Frameworks/Python.framework/Versions/3.13/lib/python3.13/multiprocessing/process.py\", line 313, in _bootstrap\n    self.run()\n  File \"/opt/homebrew/Cellar/python@3.13/3.13.5/Frameworks/Python.framework/Versions/3.13/lib/python3.13/multiprocessing/process.py\", line 108, in run\n    self._target(*self._args, **self._kwargs)\n  File \"/Users/zhongxuan/Desktop/demo3/qlib-web/backend/venv/lib/python3.13/site-packages/uvicorn/_subprocess.py\", line 80, in subprocess_started\n    target(sockets=sockets)\n  File \"/Users/zhongxuan/Desktop/demo3/qlib-web/backend/venv/lib/python3.13/site-packages/uvicorn/server.py\", line 67, in run\n    return asyncio.run(self.serve(sockets=sockets))\n  File \"/opt/homebrew/Cellar/python@3.13/3.13.5/Frameworks/Python.framework/Versions/3.13/lib/python3.13/asyncio/runners.py\", line 195, in run\n    return runner.run(main)\n  File \"/opt/homebrew/Cellar/python@3.13/3.13.5/Frameworks/Python.framework/Versions/3.13/lib/python3.13/asyncio/runners.py\", line 118, in run\n    return self._loop.run_until_complete(task)\n  File \"/opt/homebrew/Cellar/python@3.13/3.13.5/Frameworks/Python.framework/Versions/3.13/lib/python3.13/asyncio/base_events.py\", line 712, in run_until_complete\n    self.run_forever()\n  File \"/opt/homebrew/Cellar/python@3.13/3.13.5/Frameworks/Python.framework/Versions/3.13/lib/python3.13/asyncio/base_events.py\", line 683, in run_forever\n    self._run_once()\n  File \"/opt/homebrew/Cellar/python@3.13/3.13.5/Frameworks/Python.framework/Versions/3.13/lib/python3.13/asyncio/base_events.py\", line 2042, in _run_once\n    handle._run()\n  File \"/opt/homebrew/Cellar/python@3.13/3.13.5/Frameworks/Python.framework/Versions/3.13/lib/python3.13/asyncio/events.py\", line 89, in _run\n    self._context.run(self._callback, *self._args)\n  File \"/Users/zhongxuan/Desktop/demo3/qlib-web/backend/app/services/fault_recovery_service.py\", line 417, in _monitor_loop\n    await self._apply_recovery_rules()\n  File \"/Users/zhongxuan/Desktop/demo3/qlib-web/backend/app/services/fault_recovery_service.py\", line 462, in _apply_recovery_rules\n    await self._execute_recovery_rule(rule, service_name, health)\n  File \"/Users/zhongxuan/Desktop/demo3/qlib-web/backend/app/services/fault_recovery_service.py\", line 538, in _execute_recovery_rule\n    error_logging_service.log_warning(\n  File \"/Users/zhongxuan/Desktop/demo3/qlib-web/backend/app/services/error_logging_service.py\", line 409, in log_warning\n    return self.collector.collect_custom_error(\n  File \"/Users/zhongxuan/Desktop/demo3/qlib-web/backend/app/services/error_logging_service.py\", line 304, in collect_custom_error\n    stack_trace = ''.join(traceback.format_stack())\n", "request_id": null, "user_id": null, "endpoint": null, "method": null, "user_agent": null, "ip_address": null, "additional_context": {}}
2025-08-15 15:21:15,020 - error_collector - ERROR - {"timestamp": "2025-08-15T15:21:15.019670", "level": "warning", "category": "system", "message": "自动恢复成功: redis - 服务 redis 缓存清理成功", "exception_type": "CustomError", "stack_trace": "  File \"<string>\", line 1, in <module>\n    from multiprocessing.spawn import spawn_main; spawn_main(tracker_fd=5, pipe_handle=7)\n  File \"/opt/homebrew/Cellar/python@3.13/3.13.5/Frameworks/Python.framework/Versions/3.13/lib/python3.13/multiprocessing/spawn.py\", line 122, in spawn_main\n    exitcode = _main(fd, parent_sentinel)\n  File \"/opt/homebrew/Cellar/python@3.13/3.13.5/Frameworks/Python.framework/Versions/3.13/lib/python3.13/multiprocessing/spawn.py\", line 135, in _main\n    return self._bootstrap(parent_sentinel)\n  File \"/opt/homebrew/Cellar/python@3.13/3.13.5/Frameworks/Python.framework/Versions/3.13/lib/python3.13/multiprocessing/process.py\", line 313, in _bootstrap\n    self.run()\n  File \"/opt/homebrew/Cellar/python@3.13/3.13.5/Frameworks/Python.framework/Versions/3.13/lib/python3.13/multiprocessing/process.py\", line 108, in run\n    self._target(*self._args, **self._kwargs)\n  File \"/Users/zhongxuan/Desktop/demo3/qlib-web/backend/venv/lib/python3.13/site-packages/uvicorn/_subprocess.py\", line 80, in subprocess_started\n    target(sockets=sockets)\n  File \"/Users/zhongxuan/Desktop/demo3/qlib-web/backend/venv/lib/python3.13/site-packages/uvicorn/server.py\", line 67, in run\n    return asyncio.run(self.serve(sockets=sockets))\n  File \"/opt/homebrew/Cellar/python@3.13/3.13.5/Frameworks/Python.framework/Versions/3.13/lib/python3.13/asyncio/runners.py\", line 195, in run\n    return runner.run(main)\n  File \"/opt/homebrew/Cellar/python@3.13/3.13.5/Frameworks/Python.framework/Versions/3.13/lib/python3.13/asyncio/runners.py\", line 118, in run\n    return self._loop.run_until_complete(task)\n  File \"/opt/homebrew/Cellar/python@3.13/3.13.5/Frameworks/Python.framework/Versions/3.13/lib/python3.13/asyncio/base_events.py\", line 712, in run_until_complete\n    self.run_forever()\n  File \"/opt/homebrew/Cellar/python@3.13/3.13.5/Frameworks/Python.framework/Versions/3.13/lib/python3.13/asyncio/base_events.py\", line 683, in run_forever\n    self._run_once()\n  File \"/opt/homebrew/Cellar/python@3.13/3.13.5/Frameworks/Python.framework/Versions/3.13/lib/python3.13/asyncio/base_events.py\", line 2042, in _run_once\n    handle._run()\n  File \"/opt/homebrew/Cellar/python@3.13/3.13.5/Frameworks/Python.framework/Versions/3.13/lib/python3.13/asyncio/events.py\", line 89, in _run\n    self._context.run(self._callback, *self._args)\n  File \"/Users/zhongxuan/Desktop/demo3/qlib-web/backend/app/services/fault_recovery_service.py\", line 417, in _monitor_loop\n    await self._apply_recovery_rules()\n  File \"/Users/zhongxuan/Desktop/demo3/qlib-web/backend/app/services/fault_recovery_service.py\", line 462, in _apply_recovery_rules\n    await self._execute_recovery_rule(rule, service_name, health)\n  File \"/Users/zhongxuan/Desktop/demo3/qlib-web/backend/app/services/fault_recovery_service.py\", line 538, in _execute_recovery_rule\n    error_logging_service.log_warning(\n  File \"/Users/zhongxuan/Desktop/demo3/qlib-web/backend/app/services/error_logging_service.py\", line 409, in log_warning\n    return self.collector.collect_custom_error(\n  File \"/Users/zhongxuan/Desktop/demo3/qlib-web/backend/app/services/error_logging_service.py\", line 304, in collect_custom_error\n    stack_trace = ''.join(traceback.format_stack())\n", "request_id": null, "user_id": null, "endpoint": null, "method": null, "user_agent": null, "ip_address": null, "additional_context": {}}
2025-08-15 15:23:21,289 INFO sqlalchemy.engine.Engine BEGIN (implicit)
2025-08-15 15:23:21,289 - sqlalchemy.engine.Engine - INFO - BEGIN (implicit)
2025-08-15 15:23:21,291 INFO sqlalchemy.engine.Engine SELECT 1
2025-08-15 15:23:21,291 - sqlalchemy.engine.Engine - INFO - SELECT 1
2025-08-15 15:23:21,292 INFO sqlalchemy.engine.Engine [cached since 1054s ago] {}
2025-08-15 15:23:21,292 - sqlalchemy.engine.Engine - INFO - [cached since 1054s ago] {}
2025-08-15 15:23:52,302 INFO sqlalchemy.engine.Engine BEGIN (implicit)
2025-08-15 15:23:52,302 - sqlalchemy.engine.Engine - INFO - BEGIN (implicit)
2025-08-15 15:23:52,302 INFO sqlalchemy.engine.Engine SELECT 1
2025-08-15 15:23:52,302 - sqlalchemy.engine.Engine - INFO - SELECT 1
2025-08-15 15:23:52,303 INFO sqlalchemy.engine.Engine [cached since 1085s ago] {}
2025-08-15 15:23:52,303 - sqlalchemy.engine.Engine - INFO - [cached since 1085s ago] {}
2025-08-15 15:23:53,311 INFO sqlalchemy.engine.Engine BEGIN (implicit)
2025-08-15 15:23:53,311 - sqlalchemy.engine.Engine - INFO - BEGIN (implicit)
2025-08-15 15:23:53,312 INFO sqlalchemy.engine.Engine SELECT 1
2025-08-15 15:23:53,312 - sqlalchemy.engine.Engine - INFO - SELECT 1
2025-08-15 15:23:53,312 INFO sqlalchemy.engine.Engine [cached since 1086s ago] {}
2025-08-15 15:23:53,312 - sqlalchemy.engine.Engine - INFO - [cached since 1086s ago] {}
2025-08-15 15:23:55,323 INFO sqlalchemy.engine.Engine BEGIN (implicit)
2025-08-15 15:23:55,323 - sqlalchemy.engine.Engine - INFO - BEGIN (implicit)
2025-08-15 15:23:55,324 INFO sqlalchemy.engine.Engine SELECT 1
2025-08-15 15:23:55,324 - sqlalchemy.engine.Engine - INFO - SELECT 1
2025-08-15 15:23:55,324 INFO sqlalchemy.engine.Engine [cached since 1088s ago] {}
2025-08-15 15:23:55,324 - sqlalchemy.engine.Engine - INFO - [cached since 1088s ago] {}
2025-08-15 15:23:56,329 INFO sqlalchemy.engine.Engine BEGIN (implicit)
2025-08-15 15:23:56,329 - sqlalchemy.engine.Engine - INFO - BEGIN (implicit)
2025-08-15 15:23:56,330 INFO sqlalchemy.engine.Engine SELECT 1
2025-08-15 15:23:56,330 - sqlalchemy.engine.Engine - INFO - SELECT 1
2025-08-15 15:23:56,330 INFO sqlalchemy.engine.Engine [cached since 1089s ago] {}
2025-08-15 15:23:56,330 - sqlalchemy.engine.Engine - INFO - [cached since 1089s ago] {}
2025-08-15 15:24:21,304 - error_collector - ERROR - {"timestamp": "2025-08-15T15:24:21.303153", "level": "warning", "category": "system", "message": "服务 database 已自动恢复正常", "exception_type": "CustomError", "stack_trace": "  File \"<string>\", line 1, in <module>\n    from multiprocessing.spawn import spawn_main; spawn_main(tracker_fd=5, pipe_handle=7)\n  File \"/opt/homebrew/Cellar/python@3.13/3.13.5/Frameworks/Python.framework/Versions/3.13/lib/python3.13/multiprocessing/spawn.py\", line 122, in spawn_main\n    exitcode = _main(fd, parent_sentinel)\n  File \"/opt/homebrew/Cellar/python@3.13/3.13.5/Frameworks/Python.framework/Versions/3.13/lib/python3.13/multiprocessing/spawn.py\", line 135, in _main\n    return self._bootstrap(parent_sentinel)\n  File \"/opt/homebrew/Cellar/python@3.13/3.13.5/Frameworks/Python.framework/Versions/3.13/lib/python3.13/multiprocessing/process.py\", line 313, in _bootstrap\n    self.run()\n  File \"/opt/homebrew/Cellar/python@3.13/3.13.5/Frameworks/Python.framework/Versions/3.13/lib/python3.13/multiprocessing/process.py\", line 108, in run\n    self._target(*self._args, **self._kwargs)\n  File \"/Users/zhongxuan/Desktop/demo3/qlib-web/backend/venv/lib/python3.13/site-packages/uvicorn/_subprocess.py\", line 80, in subprocess_started\n    target(sockets=sockets)\n  File \"/Users/zhongxuan/Desktop/demo3/qlib-web/backend/venv/lib/python3.13/site-packages/uvicorn/server.py\", line 67, in run\n    return asyncio.run(self.serve(sockets=sockets))\n  File \"/opt/homebrew/Cellar/python@3.13/3.13.5/Frameworks/Python.framework/Versions/3.13/lib/python3.13/asyncio/runners.py\", line 195, in run\n    return runner.run(main)\n  File \"/opt/homebrew/Cellar/python@3.13/3.13.5/Frameworks/Python.framework/Versions/3.13/lib/python3.13/asyncio/runners.py\", line 118, in run\n    return self._loop.run_until_complete(task)\n  File \"/opt/homebrew/Cellar/python@3.13/3.13.5/Frameworks/Python.framework/Versions/3.13/lib/python3.13/asyncio/base_events.py\", line 712, in run_until_complete\n    self.run_forever()\n  File \"/opt/homebrew/Cellar/python@3.13/3.13.5/Frameworks/Python.framework/Versions/3.13/lib/python3.13/asyncio/base_events.py\", line 683, in run_forever\n    self._run_once()\n  File \"/opt/homebrew/Cellar/python@3.13/3.13.5/Frameworks/Python.framework/Versions/3.13/lib/python3.13/asyncio/base_events.py\", line 2042, in _run_once\n    handle._run()\n  File \"/opt/homebrew/Cellar/python@3.13/3.13.5/Frameworks/Python.framework/Versions/3.13/lib/python3.13/asyncio/events.py\", line 89, in _run\n    self._context.run(self._callback, *self._args)\n  File \"/Users/zhongxuan/Desktop/demo3/qlib-web/backend/app/services/graceful_degradation_service.py\", line 344, in _monitoring_loop\n    await self._apply_degradation_rules()\n  File \"/Users/zhongxuan/Desktop/demo3/qlib-web/backend/app/services/graceful_degradation_service.py\", line 418, in _apply_degradation_rules\n    await self._attempt_service_recovery(rule, service_status)\n  File \"/Users/zhongxuan/Desktop/demo3/qlib-web/backend/app/services/graceful_degradation_service.py\", line 502, in _attempt_service_recovery\n    error_logging_service.log_warning(\n  File \"/Users/zhongxuan/Desktop/demo3/qlib-web/backend/app/services/error_logging_service.py\", line 409, in log_warning\n    return self.collector.collect_custom_error(\n  File \"/Users/zhongxuan/Desktop/demo3/qlib-web/backend/app/services/error_logging_service.py\", line 304, in collect_custom_error\n    stack_trace = ''.join(traceback.format_stack())\n", "request_id": null, "user_id": null, "endpoint": null, "method": null, "user_agent": null, "ip_address": null, "additional_context": {}}
2025-08-15 15:24:27,344 INFO sqlalchemy.engine.Engine BEGIN (implicit)
2025-08-15 15:24:27,344 - sqlalchemy.engine.Engine - INFO - BEGIN (implicit)
2025-08-15 15:24:27,346 INFO sqlalchemy.engine.Engine SELECT 1
2025-08-15 15:24:27,346 - sqlalchemy.engine.Engine - INFO - SELECT 1
2025-08-15 15:24:27,346 INFO sqlalchemy.engine.Engine [cached since 1120s ago] {}
2025-08-15 15:24:27,346 - sqlalchemy.engine.Engine - INFO - [cached since 1120s ago] {}
2025-08-15 15:24:28,355 INFO sqlalchemy.engine.Engine BEGIN (implicit)
2025-08-15 15:24:28,355 - sqlalchemy.engine.Engine - INFO - BEGIN (implicit)
2025-08-15 15:24:28,355 INFO sqlalchemy.engine.Engine SELECT 1
2025-08-15 15:24:28,355 - sqlalchemy.engine.Engine - INFO - SELECT 1
2025-08-15 15:24:28,356 INFO sqlalchemy.engine.Engine [cached since 1121s ago] {}
2025-08-15 15:24:28,356 - sqlalchemy.engine.Engine - INFO - [cached since 1121s ago] {}
2025-08-15 15:24:30,365 INFO sqlalchemy.engine.Engine BEGIN (implicit)
2025-08-15 15:24:30,365 - sqlalchemy.engine.Engine - INFO - BEGIN (implicit)
2025-08-15 15:24:30,366 INFO sqlalchemy.engine.Engine SELECT 1
2025-08-15 15:24:30,366 - sqlalchemy.engine.Engine - INFO - SELECT 1
2025-08-15 15:24:30,366 INFO sqlalchemy.engine.Engine [cached since 1123s ago] {}
2025-08-15 15:24:30,366 - sqlalchemy.engine.Engine - INFO - [cached since 1123s ago] {}
2025-08-15 15:24:31,375 INFO sqlalchemy.engine.Engine BEGIN (implicit)
2025-08-15 15:24:31,375 - sqlalchemy.engine.Engine - INFO - BEGIN (implicit)
2025-08-15 15:24:31,376 INFO sqlalchemy.engine.Engine SELECT 1
2025-08-15 15:24:31,376 - sqlalchemy.engine.Engine - INFO - SELECT 1
2025-08-15 15:24:31,376 INFO sqlalchemy.engine.Engine [cached since 1124s ago] {}
2025-08-15 15:24:31,376 - sqlalchemy.engine.Engine - INFO - [cached since 1124s ago] {}
2025-08-15 15:25:02,388 INFO sqlalchemy.engine.Engine BEGIN (implicit)
2025-08-15 15:25:02,388 - sqlalchemy.engine.Engine - INFO - BEGIN (implicit)
2025-08-15 15:25:02,390 INFO sqlalchemy.engine.Engine SELECT 1
2025-08-15 15:25:02,390 - sqlalchemy.engine.Engine - INFO - SELECT 1
2025-08-15 15:25:02,390 INFO sqlalchemy.engine.Engine [cached since 1155s ago] {}
2025-08-15 15:25:02,390 - sqlalchemy.engine.Engine - INFO - [cached since 1155s ago] {}
2025-08-15 15:25:03,398 INFO sqlalchemy.engine.Engine BEGIN (implicit)
2025-08-15 15:25:03,398 - sqlalchemy.engine.Engine - INFO - BEGIN (implicit)
2025-08-15 15:25:03,398 INFO sqlalchemy.engine.Engine SELECT 1
2025-08-15 15:25:03,398 - sqlalchemy.engine.Engine - INFO - SELECT 1
2025-08-15 15:25:03,398 INFO sqlalchemy.engine.Engine [cached since 1156s ago] {}
2025-08-15 15:25:03,398 - sqlalchemy.engine.Engine - INFO - [cached since 1156s ago] {}
2025-08-15 15:25:05,424 INFO sqlalchemy.engine.Engine BEGIN (implicit)
2025-08-15 15:25:05,424 - sqlalchemy.engine.Engine - INFO - BEGIN (implicit)
2025-08-15 15:25:05,425 INFO sqlalchemy.engine.Engine SELECT 1
2025-08-15 15:25:05,425 - sqlalchemy.engine.Engine - INFO - SELECT 1
2025-08-15 15:25:05,425 INFO sqlalchemy.engine.Engine [cached since 1158s ago] {}
2025-08-15 15:25:05,425 - sqlalchemy.engine.Engine - INFO - [cached since 1158s ago] {}
2025-08-15 15:25:06,444 INFO sqlalchemy.engine.Engine BEGIN (implicit)
2025-08-15 15:25:06,444 - sqlalchemy.engine.Engine - INFO - BEGIN (implicit)
2025-08-15 15:25:06,445 INFO sqlalchemy.engine.Engine SELECT 1
2025-08-15 15:25:06,445 - sqlalchemy.engine.Engine - INFO - SELECT 1
2025-08-15 15:25:06,445 INFO sqlalchemy.engine.Engine [cached since 1159s ago] {}
2025-08-15 15:25:06,445 - sqlalchemy.engine.Engine - INFO - [cached since 1159s ago] {}
2025-08-15 15:25:37,461 INFO sqlalchemy.engine.Engine BEGIN (implicit)
2025-08-15 15:25:37,461 - sqlalchemy.engine.Engine - INFO - BEGIN (implicit)
2025-08-15 15:25:37,462 INFO sqlalchemy.engine.Engine SELECT 1
2025-08-15 15:25:37,462 - sqlalchemy.engine.Engine - INFO - SELECT 1
2025-08-15 15:25:37,462 INFO sqlalchemy.engine.Engine [cached since 1190s ago] {}
2025-08-15 15:25:37,462 - sqlalchemy.engine.Engine - INFO - [cached since 1190s ago] {}
2025-08-15 15:25:38,481 INFO sqlalchemy.engine.Engine BEGIN (implicit)
2025-08-15 15:25:38,481 - sqlalchemy.engine.Engine - INFO - BEGIN (implicit)
2025-08-15 15:25:38,482 INFO sqlalchemy.engine.Engine SELECT 1
2025-08-15 15:25:38,482 - sqlalchemy.engine.Engine - INFO - SELECT 1
2025-08-15 15:25:38,482 INFO sqlalchemy.engine.Engine [cached since 1191s ago] {}
2025-08-15 15:25:38,482 - sqlalchemy.engine.Engine - INFO - [cached since 1191s ago] {}
2025-08-15 15:25:40,504 INFO sqlalchemy.engine.Engine BEGIN (implicit)
2025-08-15 15:25:40,504 - sqlalchemy.engine.Engine - INFO - BEGIN (implicit)
2025-08-15 15:25:40,504 INFO sqlalchemy.engine.Engine SELECT 1
2025-08-15 15:25:40,504 - sqlalchemy.engine.Engine - INFO - SELECT 1
2025-08-15 15:25:40,504 INFO sqlalchemy.engine.Engine [cached since 1193s ago] {}
2025-08-15 15:25:40,504 - sqlalchemy.engine.Engine - INFO - [cached since 1193s ago] {}
2025-08-15 15:25:41,524 INFO sqlalchemy.engine.Engine BEGIN (implicit)
2025-08-15 15:25:41,524 - sqlalchemy.engine.Engine - INFO - BEGIN (implicit)
2025-08-15 15:25:41,525 INFO sqlalchemy.engine.Engine SELECT 1
2025-08-15 15:25:41,525 - sqlalchemy.engine.Engine - INFO - SELECT 1
2025-08-15 15:25:41,525 INFO sqlalchemy.engine.Engine [cached since 1194s ago] {}
2025-08-15 15:25:41,525 - sqlalchemy.engine.Engine - INFO - [cached since 1194s ago] {}
2025-08-15 15:26:12,544 INFO sqlalchemy.engine.Engine BEGIN (implicit)
2025-08-15 15:26:12,544 - sqlalchemy.engine.Engine - INFO - BEGIN (implicit)
2025-08-15 15:26:12,545 INFO sqlalchemy.engine.Engine SELECT 1
2025-08-15 15:26:12,545 - sqlalchemy.engine.Engine - INFO - SELECT 1
2025-08-15 15:26:12,545 INFO sqlalchemy.engine.Engine [cached since 1225s ago] {}
2025-08-15 15:26:12,545 - sqlalchemy.engine.Engine - INFO - [cached since 1225s ago] {}
2025-08-15 15:26:13,555 INFO sqlalchemy.engine.Engine BEGIN (implicit)
2025-08-15 15:26:13,555 - sqlalchemy.engine.Engine - INFO - BEGIN (implicit)
2025-08-15 15:26:13,555 INFO sqlalchemy.engine.Engine SELECT 1
2025-08-15 15:26:13,555 - sqlalchemy.engine.Engine - INFO - SELECT 1
2025-08-15 15:26:13,555 INFO sqlalchemy.engine.Engine [cached since 1226s ago] {}
2025-08-15 15:26:13,555 - sqlalchemy.engine.Engine - INFO - [cached since 1226s ago] {}
2025-08-15 15:26:15,578 INFO sqlalchemy.engine.Engine BEGIN (implicit)
2025-08-15 15:26:15,578 - sqlalchemy.engine.Engine - INFO - BEGIN (implicit)
2025-08-15 15:26:15,578 INFO sqlalchemy.engine.Engine SELECT 1
2025-08-15 15:26:15,578 - sqlalchemy.engine.Engine - INFO - SELECT 1
2025-08-15 15:26:15,579 INFO sqlalchemy.engine.Engine [cached since 1229s ago] {}
2025-08-15 15:26:15,579 - sqlalchemy.engine.Engine - INFO - [cached since 1229s ago] {}
2025-08-15 15:26:16,596 INFO sqlalchemy.engine.Engine BEGIN (implicit)
2025-08-15 15:26:16,596 - sqlalchemy.engine.Engine - INFO - BEGIN (implicit)
2025-08-15 15:26:16,597 INFO sqlalchemy.engine.Engine SELECT 1
2025-08-15 15:26:16,597 - sqlalchemy.engine.Engine - INFO - SELECT 1
2025-08-15 15:26:16,597 INFO sqlalchemy.engine.Engine [cached since 1230s ago] {}
2025-08-15 15:26:16,597 - sqlalchemy.engine.Engine - INFO - [cached since 1230s ago] {}
2025-08-15 15:26:17,607 - error_collector - ERROR - {"timestamp": "2025-08-15T15:26:17.607459", "level": "warning", "category": "system", "message": "自动恢复成功: database - 服务 database 重启成功", "exception_type": "CustomError", "stack_trace": "  File \"<string>\", line 1, in <module>\n    from multiprocessing.spawn import spawn_main; spawn_main(tracker_fd=5, pipe_handle=7)\n  File \"/opt/homebrew/Cellar/python@3.13/3.13.5/Frameworks/Python.framework/Versions/3.13/lib/python3.13/multiprocessing/spawn.py\", line 122, in spawn_main\n    exitcode = _main(fd, parent_sentinel)\n  File \"/opt/homebrew/Cellar/python@3.13/3.13.5/Frameworks/Python.framework/Versions/3.13/lib/python3.13/multiprocessing/spawn.py\", line 135, in _main\n    return self._bootstrap(parent_sentinel)\n  File \"/opt/homebrew/Cellar/python@3.13/3.13.5/Frameworks/Python.framework/Versions/3.13/lib/python3.13/multiprocessing/process.py\", line 313, in _bootstrap\n    self.run()\n  File \"/opt/homebrew/Cellar/python@3.13/3.13.5/Frameworks/Python.framework/Versions/3.13/lib/python3.13/multiprocessing/process.py\", line 108, in run\n    self._target(*self._args, **self._kwargs)\n  File \"/Users/zhongxuan/Desktop/demo3/qlib-web/backend/venv/lib/python3.13/site-packages/uvicorn/_subprocess.py\", line 80, in subprocess_started\n    target(sockets=sockets)\n  File \"/Users/zhongxuan/Desktop/demo3/qlib-web/backend/venv/lib/python3.13/site-packages/uvicorn/server.py\", line 67, in run\n    return asyncio.run(self.serve(sockets=sockets))\n  File \"/opt/homebrew/Cellar/python@3.13/3.13.5/Frameworks/Python.framework/Versions/3.13/lib/python3.13/asyncio/runners.py\", line 195, in run\n    return runner.run(main)\n  File \"/opt/homebrew/Cellar/python@3.13/3.13.5/Frameworks/Python.framework/Versions/3.13/lib/python3.13/asyncio/runners.py\", line 118, in run\n    return self._loop.run_until_complete(task)\n  File \"/opt/homebrew/Cellar/python@3.13/3.13.5/Frameworks/Python.framework/Versions/3.13/lib/python3.13/asyncio/base_events.py\", line 712, in run_until_complete\n    self.run_forever()\n  File \"/opt/homebrew/Cellar/python@3.13/3.13.5/Frameworks/Python.framework/Versions/3.13/lib/python3.13/asyncio/base_events.py\", line 683, in run_forever\n    self._run_once()\n  File \"/opt/homebrew/Cellar/python@3.13/3.13.5/Frameworks/Python.framework/Versions/3.13/lib/python3.13/asyncio/base_events.py\", line 2042, in _run_once\n    handle._run()\n  File \"/opt/homebrew/Cellar/python@3.13/3.13.5/Frameworks/Python.framework/Versions/3.13/lib/python3.13/asyncio/events.py\", line 89, in _run\n    self._context.run(self._callback, *self._args)\n  File \"/Users/zhongxuan/Desktop/demo3/qlib-web/backend/app/services/fault_recovery_service.py\", line 417, in _monitor_loop\n    await self._apply_recovery_rules()\n  File \"/Users/zhongxuan/Desktop/demo3/qlib-web/backend/app/services/fault_recovery_service.py\", line 462, in _apply_recovery_rules\n    await self._execute_recovery_rule(rule, service_name, health)\n  File \"/Users/zhongxuan/Desktop/demo3/qlib-web/backend/app/services/fault_recovery_service.py\", line 538, in _execute_recovery_rule\n    error_logging_service.log_warning(\n  File \"/Users/zhongxuan/Desktop/demo3/qlib-web/backend/app/services/error_logging_service.py\", line 409, in log_warning\n    return self.collector.collect_custom_error(\n  File \"/Users/zhongxuan/Desktop/demo3/qlib-web/backend/app/services/error_logging_service.py\", line 304, in collect_custom_error\n    stack_trace = ''.join(traceback.format_stack())\n", "request_id": null, "user_id": null, "endpoint": null, "method": null, "user_agent": null, "ip_address": null, "additional_context": {}}
2025-08-15 15:26:49,627 INFO sqlalchemy.engine.Engine BEGIN (implicit)
2025-08-15 15:26:49,627 - sqlalchemy.engine.Engine - INFO - BEGIN (implicit)
2025-08-15 15:26:49,628 INFO sqlalchemy.engine.Engine SELECT 1
2025-08-15 15:26:49,628 - sqlalchemy.engine.Engine - INFO - SELECT 1
2025-08-15 15:26:49,628 INFO sqlalchemy.engine.Engine [cached since 1263s ago] {}
2025-08-15 15:26:49,628 - sqlalchemy.engine.Engine - INFO - [cached since 1263s ago] {}
2025-08-15 15:26:50,642 INFO sqlalchemy.engine.Engine BEGIN (implicit)
2025-08-15 15:26:50,642 - sqlalchemy.engine.Engine - INFO - BEGIN (implicit)
2025-08-15 15:26:50,643 INFO sqlalchemy.engine.Engine SELECT 1
2025-08-15 15:26:50,643 - sqlalchemy.engine.Engine - INFO - SELECT 1
2025-08-15 15:26:50,643 INFO sqlalchemy.engine.Engine [cached since 1264s ago] {}
2025-08-15 15:26:50,643 - sqlalchemy.engine.Engine - INFO - [cached since 1264s ago] {}
2025-08-15 15:26:52,665 INFO sqlalchemy.engine.Engine BEGIN (implicit)
2025-08-15 15:26:52,665 - sqlalchemy.engine.Engine - INFO - BEGIN (implicit)
2025-08-15 15:26:52,666 INFO sqlalchemy.engine.Engine SELECT 1
2025-08-15 15:26:52,666 - sqlalchemy.engine.Engine - INFO - SELECT 1
2025-08-15 15:26:52,666 INFO sqlalchemy.engine.Engine [cached since 1266s ago] {}
2025-08-15 15:26:52,666 - sqlalchemy.engine.Engine - INFO - [cached since 1266s ago] {}
2025-08-15 15:26:53,679 INFO sqlalchemy.engine.Engine BEGIN (implicit)
2025-08-15 15:26:53,679 - sqlalchemy.engine.Engine - INFO - BEGIN (implicit)
2025-08-15 15:26:53,680 INFO sqlalchemy.engine.Engine SELECT 1
2025-08-15 15:26:53,680 - sqlalchemy.engine.Engine - INFO - SELECT 1
2025-08-15 15:26:53,680 INFO sqlalchemy.engine.Engine [cached since 1267s ago] {}
2025-08-15 15:26:53,680 - sqlalchemy.engine.Engine - INFO - [cached since 1267s ago] {}
2025-08-15 15:27:24,701 INFO sqlalchemy.engine.Engine BEGIN (implicit)
2025-08-15 15:27:24,701 - sqlalchemy.engine.Engine - INFO - BEGIN (implicit)
2025-08-15 15:27:24,704 INFO sqlalchemy.engine.Engine SELECT 1
2025-08-15 15:27:24,704 - sqlalchemy.engine.Engine - INFO - SELECT 1
2025-08-15 15:27:24,704 INFO sqlalchemy.engine.Engine [cached since 1298s ago] {}
2025-08-15 15:27:24,704 - sqlalchemy.engine.Engine - INFO - [cached since 1298s ago] {}
2025-08-15 15:27:25,718 INFO sqlalchemy.engine.Engine BEGIN (implicit)
2025-08-15 15:27:25,718 - sqlalchemy.engine.Engine - INFO - BEGIN (implicit)
2025-08-15 15:27:25,718 INFO sqlalchemy.engine.Engine SELECT 1
2025-08-15 15:27:25,718 - sqlalchemy.engine.Engine - INFO - SELECT 1
2025-08-15 15:27:25,719 INFO sqlalchemy.engine.Engine [cached since 1299s ago] {}
2025-08-15 15:27:25,719 - sqlalchemy.engine.Engine - INFO - [cached since 1299s ago] {}
2025-08-15 15:27:27,737 INFO sqlalchemy.engine.Engine BEGIN (implicit)
2025-08-15 15:27:27,737 - sqlalchemy.engine.Engine - INFO - BEGIN (implicit)
2025-08-15 15:27:27,737 INFO sqlalchemy.engine.Engine SELECT 1
2025-08-15 15:27:27,737 - sqlalchemy.engine.Engine - INFO - SELECT 1
2025-08-15 15:27:27,737 INFO sqlalchemy.engine.Engine [cached since 1301s ago] {}
2025-08-15 15:27:27,737 - sqlalchemy.engine.Engine - INFO - [cached since 1301s ago] {}
2025-08-15 15:27:28,753 INFO sqlalchemy.engine.Engine BEGIN (implicit)
2025-08-15 15:27:28,753 - sqlalchemy.engine.Engine - INFO - BEGIN (implicit)
2025-08-15 15:27:28,753 INFO sqlalchemy.engine.Engine SELECT 1
2025-08-15 15:27:28,753 - sqlalchemy.engine.Engine - INFO - SELECT 1
2025-08-15 15:27:28,753 INFO sqlalchemy.engine.Engine [cached since 1302s ago] {}
2025-08-15 15:27:28,753 - sqlalchemy.engine.Engine - INFO - [cached since 1302s ago] {}
2025-08-15 15:30:04,806 - error_collector - ERROR - {"timestamp": "2025-08-15T15:30:04.805433", "level": "warning", "category": "system", "message": "服务 database 已降级至 moderate 级别", "exception_type": "CustomError", "stack_trace": "  File \"<string>\", line 1, in <module>\n    from multiprocessing.spawn import spawn_main; spawn_main(tracker_fd=5, pipe_handle=7)\n  File \"/opt/homebrew/Cellar/python@3.13/3.13.5/Frameworks/Python.framework/Versions/3.13/lib/python3.13/multiprocessing/spawn.py\", line 122, in spawn_main\n    exitcode = _main(fd, parent_sentinel)\n  File \"/opt/homebrew/Cellar/python@3.13/3.13.5/Frameworks/Python.framework/Versions/3.13/lib/python3.13/multiprocessing/spawn.py\", line 135, in _main\n    return self._bootstrap(parent_sentinel)\n  File \"/opt/homebrew/Cellar/python@3.13/3.13.5/Frameworks/Python.framework/Versions/3.13/lib/python3.13/multiprocessing/process.py\", line 313, in _bootstrap\n    self.run()\n  File \"/opt/homebrew/Cellar/python@3.13/3.13.5/Frameworks/Python.framework/Versions/3.13/lib/python3.13/multiprocessing/process.py\", line 108, in run\n    self._target(*self._args, **self._kwargs)\n  File \"/Users/zhongxuan/Desktop/demo3/qlib-web/backend/venv/lib/python3.13/site-packages/uvicorn/_subprocess.py\", line 80, in subprocess_started\n    target(sockets=sockets)\n  File \"/Users/zhongxuan/Desktop/demo3/qlib-web/backend/venv/lib/python3.13/site-packages/uvicorn/server.py\", line 67, in run\n    return asyncio.run(self.serve(sockets=sockets))\n  File \"/opt/homebrew/Cellar/python@3.13/3.13.5/Frameworks/Python.framework/Versions/3.13/lib/python3.13/asyncio/runners.py\", line 195, in run\n    return runner.run(main)\n  File \"/opt/homebrew/Cellar/python@3.13/3.13.5/Frameworks/Python.framework/Versions/3.13/lib/python3.13/asyncio/runners.py\", line 118, in run\n    return self._loop.run_until_complete(task)\n  File \"/opt/homebrew/Cellar/python@3.13/3.13.5/Frameworks/Python.framework/Versions/3.13/lib/python3.13/asyncio/base_events.py\", line 712, in run_until_complete\n    self.run_forever()\n  File \"/opt/homebrew/Cellar/python@3.13/3.13.5/Frameworks/Python.framework/Versions/3.13/lib/python3.13/asyncio/base_events.py\", line 683, in run_forever\n    self._run_once()\n  File \"/opt/homebrew/Cellar/python@3.13/3.13.5/Frameworks/Python.framework/Versions/3.13/lib/python3.13/asyncio/base_events.py\", line 2042, in _run_once\n    handle._run()\n  File \"/opt/homebrew/Cellar/python@3.13/3.13.5/Frameworks/Python.framework/Versions/3.13/lib/python3.13/asyncio/events.py\", line 89, in _run\n    self._context.run(self._callback, *self._args)\n  File \"/Users/zhongxuan/Desktop/demo3/qlib-web/backend/app/services/graceful_degradation_service.py\", line 344, in _monitoring_loop\n    await self._apply_degradation_rules()\n  File \"/Users/zhongxuan/Desktop/demo3/qlib-web/backend/app/services/graceful_degradation_service.py\", line 414, in _apply_degradation_rules\n    await self._apply_degradation(rule, service_status)\n  File \"/Users/zhongxuan/Desktop/demo3/qlib-web/backend/app/services/graceful_degradation_service.py\", line 461, in _apply_degradation\n    error_logging_service.log_warning(\n  File \"/Users/zhongxuan/Desktop/demo3/qlib-web/backend/app/services/error_logging_service.py\", line 409, in log_warning\n    return self.collector.collect_custom_error(\n  File \"/Users/zhongxuan/Desktop/demo3/qlib-web/backend/app/services/error_logging_service.py\", line 304, in collect_custom_error\n    stack_trace = ''.join(traceback.format_stack())\n", "request_id": null, "user_id": null, "endpoint": null, "method": null, "user_agent": null, "ip_address": null, "additional_context": {}}
2025-08-15 15:30:04,809 - error_collector - ERROR - {"timestamp": "2025-08-15T15:30:04.809157", "level": "warning", "category": "system", "message": "自动恢复成功: redis - 服务 redis 缓存清理成功", "exception_type": "CustomError", "stack_trace": "  File \"<string>\", line 1, in <module>\n    from multiprocessing.spawn import spawn_main; spawn_main(tracker_fd=5, pipe_handle=7)\n  File \"/opt/homebrew/Cellar/python@3.13/3.13.5/Frameworks/Python.framework/Versions/3.13/lib/python3.13/multiprocessing/spawn.py\", line 122, in spawn_main\n    exitcode = _main(fd, parent_sentinel)\n  File \"/opt/homebrew/Cellar/python@3.13/3.13.5/Frameworks/Python.framework/Versions/3.13/lib/python3.13/multiprocessing/spawn.py\", line 135, in _main\n    return self._bootstrap(parent_sentinel)\n  File \"/opt/homebrew/Cellar/python@3.13/3.13.5/Frameworks/Python.framework/Versions/3.13/lib/python3.13/multiprocessing/process.py\", line 313, in _bootstrap\n    self.run()\n  File \"/opt/homebrew/Cellar/python@3.13/3.13.5/Frameworks/Python.framework/Versions/3.13/lib/python3.13/multiprocessing/process.py\", line 108, in run\n    self._target(*self._args, **self._kwargs)\n  File \"/Users/zhongxuan/Desktop/demo3/qlib-web/backend/venv/lib/python3.13/site-packages/uvicorn/_subprocess.py\", line 80, in subprocess_started\n    target(sockets=sockets)\n  File \"/Users/zhongxuan/Desktop/demo3/qlib-web/backend/venv/lib/python3.13/site-packages/uvicorn/server.py\", line 67, in run\n    return asyncio.run(self.serve(sockets=sockets))\n  File \"/opt/homebrew/Cellar/python@3.13/3.13.5/Frameworks/Python.framework/Versions/3.13/lib/python3.13/asyncio/runners.py\", line 195, in run\n    return runner.run(main)\n  File \"/opt/homebrew/Cellar/python@3.13/3.13.5/Frameworks/Python.framework/Versions/3.13/lib/python3.13/asyncio/runners.py\", line 118, in run\n    return self._loop.run_until_complete(task)\n  File \"/opt/homebrew/Cellar/python@3.13/3.13.5/Frameworks/Python.framework/Versions/3.13/lib/python3.13/asyncio/base_events.py\", line 712, in run_until_complete\n    self.run_forever()\n  File \"/opt/homebrew/Cellar/python@3.13/3.13.5/Frameworks/Python.framework/Versions/3.13/lib/python3.13/asyncio/base_events.py\", line 683, in run_forever\n    self._run_once()\n  File \"/opt/homebrew/Cellar/python@3.13/3.13.5/Frameworks/Python.framework/Versions/3.13/lib/python3.13/asyncio/base_events.py\", line 2042, in _run_once\n    handle._run()\n  File \"/opt/homebrew/Cellar/python@3.13/3.13.5/Frameworks/Python.framework/Versions/3.13/lib/python3.13/asyncio/events.py\", line 89, in _run\n    self._context.run(self._callback, *self._args)\n  File \"/Users/zhongxuan/Desktop/demo3/qlib-web/backend/app/services/fault_recovery_service.py\", line 417, in _monitor_loop\n    await self._apply_recovery_rules()\n  File \"/Users/zhongxuan/Desktop/demo3/qlib-web/backend/app/services/fault_recovery_service.py\", line 462, in _apply_recovery_rules\n    await self._execute_recovery_rule(rule, service_name, health)\n  File \"/Users/zhongxuan/Desktop/demo3/qlib-web/backend/app/services/fault_recovery_service.py\", line 538, in _execute_recovery_rule\n    error_logging_service.log_warning(\n  File \"/Users/zhongxuan/Desktop/demo3/qlib-web/backend/app/services/error_logging_service.py\", line 409, in log_warning\n    return self.collector.collect_custom_error(\n  File \"/Users/zhongxuan/Desktop/demo3/qlib-web/backend/app/services/error_logging_service.py\", line 304, in collect_custom_error\n    stack_trace = ''.join(traceback.format_stack())\n", "request_id": null, "user_id": null, "endpoint": null, "method": null, "user_agent": null, "ip_address": null, "additional_context": {}}
2025-08-15 15:33:11,903 INFO sqlalchemy.engine.Engine BEGIN (implicit)
2025-08-15 15:33:11,903 - sqlalchemy.engine.Engine - INFO - BEGIN (implicit)
2025-08-15 15:33:11,905 INFO sqlalchemy.engine.Engine SELECT 1
2025-08-15 15:33:11,905 - sqlalchemy.engine.Engine - INFO - SELECT 1
2025-08-15 15:33:11,905 INFO sqlalchemy.engine.Engine [cached since 1645s ago] {}
2025-08-15 15:33:11,905 - sqlalchemy.engine.Engine - INFO - [cached since 1645s ago] {}
2025-08-15 15:33:12,912 INFO sqlalchemy.engine.Engine BEGIN (implicit)
2025-08-15 15:33:12,912 - sqlalchemy.engine.Engine - INFO - BEGIN (implicit)
2025-08-15 15:33:12,913 INFO sqlalchemy.engine.Engine SELECT 1
2025-08-15 15:33:12,913 - sqlalchemy.engine.Engine - INFO - SELECT 1
2025-08-15 15:33:12,913 INFO sqlalchemy.engine.Engine [cached since 1646s ago] {}
2025-08-15 15:33:12,913 - sqlalchemy.engine.Engine - INFO - [cached since 1646s ago] {}
2025-08-15 15:33:14,925 INFO sqlalchemy.engine.Engine BEGIN (implicit)
2025-08-15 15:33:14,925 - sqlalchemy.engine.Engine - INFO - BEGIN (implicit)
2025-08-15 15:33:14,925 INFO sqlalchemy.engine.Engine SELECT 1
2025-08-15 15:33:14,925 - sqlalchemy.engine.Engine - INFO - SELECT 1
2025-08-15 15:33:14,925 INFO sqlalchemy.engine.Engine [cached since 1648s ago] {}
2025-08-15 15:33:14,925 - sqlalchemy.engine.Engine - INFO - [cached since 1648s ago] {}
2025-08-15 15:33:15,933 INFO sqlalchemy.engine.Engine BEGIN (implicit)
2025-08-15 15:33:15,933 - sqlalchemy.engine.Engine - INFO - BEGIN (implicit)
2025-08-15 15:33:15,934 INFO sqlalchemy.engine.Engine SELECT 1
2025-08-15 15:33:15,934 - sqlalchemy.engine.Engine - INFO - SELECT 1
2025-08-15 15:33:15,934 INFO sqlalchemy.engine.Engine [cached since 1649s ago] {}
2025-08-15 15:33:15,934 - sqlalchemy.engine.Engine - INFO - [cached since 1649s ago] {}
2025-08-15 15:33:16,945 - error_collector - ERROR - {"timestamp": "2025-08-15T15:33:16.945246", "level": "warning", "category": "system", "message": "自动恢复成功: database - 服务 database 重启成功", "exception_type": "CustomError", "stack_trace": "  File \"<string>\", line 1, in <module>\n    from multiprocessing.spawn import spawn_main; spawn_main(tracker_fd=5, pipe_handle=7)\n  File \"/opt/homebrew/Cellar/python@3.13/3.13.5/Frameworks/Python.framework/Versions/3.13/lib/python3.13/multiprocessing/spawn.py\", line 122, in spawn_main\n    exitcode = _main(fd, parent_sentinel)\n  File \"/opt/homebrew/Cellar/python@3.13/3.13.5/Frameworks/Python.framework/Versions/3.13/lib/python3.13/multiprocessing/spawn.py\", line 135, in _main\n    return self._bootstrap(parent_sentinel)\n  File \"/opt/homebrew/Cellar/python@3.13/3.13.5/Frameworks/Python.framework/Versions/3.13/lib/python3.13/multiprocessing/process.py\", line 313, in _bootstrap\n    self.run()\n  File \"/opt/homebrew/Cellar/python@3.13/3.13.5/Frameworks/Python.framework/Versions/3.13/lib/python3.13/multiprocessing/process.py\", line 108, in run\n    self._target(*self._args, **self._kwargs)\n  File \"/Users/zhongxuan/Desktop/demo3/qlib-web/backend/venv/lib/python3.13/site-packages/uvicorn/_subprocess.py\", line 80, in subprocess_started\n    target(sockets=sockets)\n  File \"/Users/zhongxuan/Desktop/demo3/qlib-web/backend/venv/lib/python3.13/site-packages/uvicorn/server.py\", line 67, in run\n    return asyncio.run(self.serve(sockets=sockets))\n  File \"/opt/homebrew/Cellar/python@3.13/3.13.5/Frameworks/Python.framework/Versions/3.13/lib/python3.13/asyncio/runners.py\", line 195, in run\n    return runner.run(main)\n  File \"/opt/homebrew/Cellar/python@3.13/3.13.5/Frameworks/Python.framework/Versions/3.13/lib/python3.13/asyncio/runners.py\", line 118, in run\n    return self._loop.run_until_complete(task)\n  File \"/opt/homebrew/Cellar/python@3.13/3.13.5/Frameworks/Python.framework/Versions/3.13/lib/python3.13/asyncio/base_events.py\", line 712, in run_until_complete\n    self.run_forever()\n  File \"/opt/homebrew/Cellar/python@3.13/3.13.5/Frameworks/Python.framework/Versions/3.13/lib/python3.13/asyncio/base_events.py\", line 683, in run_forever\n    self._run_once()\n  File \"/opt/homebrew/Cellar/python@3.13/3.13.5/Frameworks/Python.framework/Versions/3.13/lib/python3.13/asyncio/base_events.py\", line 2042, in _run_once\n    handle._run()\n  File \"/opt/homebrew/Cellar/python@3.13/3.13.5/Frameworks/Python.framework/Versions/3.13/lib/python3.13/asyncio/events.py\", line 89, in _run\n    self._context.run(self._callback, *self._args)\n  File \"/Users/zhongxuan/Desktop/demo3/qlib-web/backend/app/services/fault_recovery_service.py\", line 417, in _monitor_loop\n    await self._apply_recovery_rules()\n  File \"/Users/zhongxuan/Desktop/demo3/qlib-web/backend/app/services/fault_recovery_service.py\", line 462, in _apply_recovery_rules\n    await self._execute_recovery_rule(rule, service_name, health)\n  File \"/Users/zhongxuan/Desktop/demo3/qlib-web/backend/app/services/fault_recovery_service.py\", line 538, in _execute_recovery_rule\n    error_logging_service.log_warning(\n  File \"/Users/zhongxuan/Desktop/demo3/qlib-web/backend/app/services/error_logging_service.py\", line 409, in log_warning\n    return self.collector.collect_custom_error(\n  File \"/Users/zhongxuan/Desktop/demo3/qlib-web/backend/app/services/error_logging_service.py\", line 304, in collect_custom_error\n    stack_trace = ''.join(traceback.format_stack())\n", "request_id": null, "user_id": null, "endpoint": null, "method": null, "user_agent": null, "ip_address": null, "additional_context": {}}
2025-08-15 15:33:48,967 INFO sqlalchemy.engine.Engine BEGIN (implicit)
2025-08-15 15:33:48,967 - sqlalchemy.engine.Engine - INFO - BEGIN (implicit)
2025-08-15 15:33:48,967 INFO sqlalchemy.engine.Engine SELECT 1
2025-08-15 15:33:48,967 - sqlalchemy.engine.Engine - INFO - SELECT 1
2025-08-15 15:33:48,967 INFO sqlalchemy.engine.Engine [cached since 1682s ago] {}
2025-08-15 15:33:48,967 - sqlalchemy.engine.Engine - INFO - [cached since 1682s ago] {}
2025-08-15 15:33:49,978 INFO sqlalchemy.engine.Engine BEGIN (implicit)
2025-08-15 15:33:49,978 - sqlalchemy.engine.Engine - INFO - BEGIN (implicit)
2025-08-15 15:33:49,979 INFO sqlalchemy.engine.Engine SELECT 1
2025-08-15 15:33:49,979 - sqlalchemy.engine.Engine - INFO - SELECT 1
2025-08-15 15:33:49,979 INFO sqlalchemy.engine.Engine [cached since 1683s ago] {}
2025-08-15 15:33:49,979 - sqlalchemy.engine.Engine - INFO - [cached since 1683s ago] {}
2025-08-15 15:33:52,002 INFO sqlalchemy.engine.Engine BEGIN (implicit)
2025-08-15 15:33:52,002 - sqlalchemy.engine.Engine - INFO - BEGIN (implicit)
2025-08-15 15:33:52,003 INFO sqlalchemy.engine.Engine SELECT 1
2025-08-15 15:33:52,003 - sqlalchemy.engine.Engine - INFO - SELECT 1
2025-08-15 15:33:52,003 INFO sqlalchemy.engine.Engine [cached since 1685s ago] {}
2025-08-15 15:33:52,003 - sqlalchemy.engine.Engine - INFO - [cached since 1685s ago] {}
2025-08-15 15:33:53,013 INFO sqlalchemy.engine.Engine BEGIN (implicit)
2025-08-15 15:33:53,013 - sqlalchemy.engine.Engine - INFO - BEGIN (implicit)
2025-08-15 15:33:53,014 INFO sqlalchemy.engine.Engine SELECT 1
2025-08-15 15:33:53,014 - sqlalchemy.engine.Engine - INFO - SELECT 1
2025-08-15 15:33:53,014 INFO sqlalchemy.engine.Engine [cached since 1686s ago] {}
2025-08-15 15:33:53,014 - sqlalchemy.engine.Engine - INFO - [cached since 1686s ago] {}
2025-08-15 15:34:24,026 INFO sqlalchemy.engine.Engine BEGIN (implicit)
2025-08-15 15:34:24,026 - sqlalchemy.engine.Engine - INFO - BEGIN (implicit)
2025-08-15 15:34:24,028 INFO sqlalchemy.engine.Engine SELECT 1
2025-08-15 15:34:24,028 - sqlalchemy.engine.Engine - INFO - SELECT 1
2025-08-15 15:34:24,028 INFO sqlalchemy.engine.Engine [cached since 1717s ago] {}
2025-08-15 15:34:24,028 - sqlalchemy.engine.Engine - INFO - [cached since 1717s ago] {}
2025-08-15 15:34:25,043 INFO sqlalchemy.engine.Engine BEGIN (implicit)
2025-08-15 15:34:25,043 - sqlalchemy.engine.Engine - INFO - BEGIN (implicit)
2025-08-15 15:34:25,044 INFO sqlalchemy.engine.Engine SELECT 1
2025-08-15 15:34:25,044 - sqlalchemy.engine.Engine - INFO - SELECT 1
2025-08-15 15:34:25,044 INFO sqlalchemy.engine.Engine [cached since 1718s ago] {}
2025-08-15 15:34:25,044 - sqlalchemy.engine.Engine - INFO - [cached since 1718s ago] {}
2025-08-15 15:34:27,082 INFO sqlalchemy.engine.Engine BEGIN (implicit)
2025-08-15 15:34:27,082 - sqlalchemy.engine.Engine - INFO - BEGIN (implicit)
2025-08-15 15:34:27,083 INFO sqlalchemy.engine.Engine SELECT 1
2025-08-15 15:34:27,083 - sqlalchemy.engine.Engine - INFO - SELECT 1
2025-08-15 15:34:27,083 INFO sqlalchemy.engine.Engine [cached since 1720s ago] {}
2025-08-15 15:34:27,083 - sqlalchemy.engine.Engine - INFO - [cached since 1720s ago] {}
2025-08-15 15:34:28,100 INFO sqlalchemy.engine.Engine BEGIN (implicit)
2025-08-15 15:34:28,100 - sqlalchemy.engine.Engine - INFO - BEGIN (implicit)
2025-08-15 15:34:28,100 INFO sqlalchemy.engine.Engine SELECT 1
2025-08-15 15:34:28,100 - sqlalchemy.engine.Engine - INFO - SELECT 1
2025-08-15 15:34:28,100 INFO sqlalchemy.engine.Engine [cached since 1721s ago] {}
2025-08-15 15:34:28,100 - sqlalchemy.engine.Engine - INFO - [cached since 1721s ago] {}
2025-08-15 15:34:59,119 INFO sqlalchemy.engine.Engine BEGIN (implicit)
2025-08-15 15:34:59,119 - sqlalchemy.engine.Engine - INFO - BEGIN (implicit)
2025-08-15 15:34:59,121 INFO sqlalchemy.engine.Engine SELECT 1
2025-08-15 15:34:59,121 - sqlalchemy.engine.Engine - INFO - SELECT 1
2025-08-15 15:34:59,121 INFO sqlalchemy.engine.Engine [cached since 1752s ago] {}
2025-08-15 15:34:59,121 - sqlalchemy.engine.Engine - INFO - [cached since 1752s ago] {}
2025-08-15 15:35:00,139 INFO sqlalchemy.engine.Engine BEGIN (implicit)
2025-08-15 15:35:00,139 - sqlalchemy.engine.Engine - INFO - BEGIN (implicit)
2025-08-15 15:35:00,140 INFO sqlalchemy.engine.Engine SELECT 1
2025-08-15 15:35:00,140 - sqlalchemy.engine.Engine - INFO - SELECT 1
2025-08-15 15:35:00,140 INFO sqlalchemy.engine.Engine [cached since 1753s ago] {}
2025-08-15 15:35:00,140 - sqlalchemy.engine.Engine - INFO - [cached since 1753s ago] {}
2025-08-15 15:35:02,165 INFO sqlalchemy.engine.Engine BEGIN (implicit)
2025-08-15 15:35:02,165 - sqlalchemy.engine.Engine - INFO - BEGIN (implicit)
2025-08-15 15:35:02,166 INFO sqlalchemy.engine.Engine SELECT 1
2025-08-15 15:35:02,166 - sqlalchemy.engine.Engine - INFO - SELECT 1
2025-08-15 15:35:02,166 INFO sqlalchemy.engine.Engine [cached since 1755s ago] {}
2025-08-15 15:35:02,166 - sqlalchemy.engine.Engine - INFO - [cached since 1755s ago] {}
2025-08-15 15:35:03,185 INFO sqlalchemy.engine.Engine BEGIN (implicit)
2025-08-15 15:35:03,185 - sqlalchemy.engine.Engine - INFO - BEGIN (implicit)
2025-08-15 15:35:03,186 INFO sqlalchemy.engine.Engine SELECT 1
2025-08-15 15:35:03,186 - sqlalchemy.engine.Engine - INFO - SELECT 1
2025-08-15 15:35:03,186 INFO sqlalchemy.engine.Engine [cached since 1756s ago] {}
2025-08-15 15:35:03,186 - sqlalchemy.engine.Engine - INFO - [cached since 1756s ago] {}
2025-08-15 15:35:34,212 INFO sqlalchemy.engine.Engine BEGIN (implicit)
2025-08-15 15:35:34,212 - sqlalchemy.engine.Engine - INFO - BEGIN (implicit)
2025-08-15 15:35:34,213 INFO sqlalchemy.engine.Engine SELECT 1
2025-08-15 15:35:34,213 - sqlalchemy.engine.Engine - INFO - SELECT 1
2025-08-15 15:35:34,213 INFO sqlalchemy.engine.Engine [cached since 1787s ago] {}
2025-08-15 15:35:34,213 - sqlalchemy.engine.Engine - INFO - [cached since 1787s ago] {}
2025-08-15 15:35:35,233 INFO sqlalchemy.engine.Engine BEGIN (implicit)
2025-08-15 15:35:35,233 - sqlalchemy.engine.Engine - INFO - BEGIN (implicit)
2025-08-15 15:35:35,234 INFO sqlalchemy.engine.Engine SELECT 1
2025-08-15 15:35:35,234 - sqlalchemy.engine.Engine - INFO - SELECT 1
2025-08-15 15:35:35,234 INFO sqlalchemy.engine.Engine [cached since 1788s ago] {}
2025-08-15 15:35:35,234 - sqlalchemy.engine.Engine - INFO - [cached since 1788s ago] {}
2025-08-15 15:35:37,265 INFO sqlalchemy.engine.Engine BEGIN (implicit)
2025-08-15 15:35:37,265 - sqlalchemy.engine.Engine - INFO - BEGIN (implicit)
2025-08-15 15:35:37,266 INFO sqlalchemy.engine.Engine SELECT 1
2025-08-15 15:35:37,266 - sqlalchemy.engine.Engine - INFO - SELECT 1
2025-08-15 15:35:37,266 INFO sqlalchemy.engine.Engine [cached since 1790s ago] {}
2025-08-15 15:35:37,266 - sqlalchemy.engine.Engine - INFO - [cached since 1790s ago] {}
2025-08-15 15:35:38,286 INFO sqlalchemy.engine.Engine BEGIN (implicit)
2025-08-15 15:35:38,286 - sqlalchemy.engine.Engine - INFO - BEGIN (implicit)
2025-08-15 15:35:38,287 INFO sqlalchemy.engine.Engine SELECT 1
2025-08-15 15:35:38,287 - sqlalchemy.engine.Engine - INFO - SELECT 1
2025-08-15 15:35:38,287 INFO sqlalchemy.engine.Engine [cached since 1791s ago] {}
2025-08-15 15:35:38,287 - sqlalchemy.engine.Engine - INFO - [cached since 1791s ago] {}
2025-08-15 15:36:09,313 INFO sqlalchemy.engine.Engine BEGIN (implicit)
2025-08-15 15:36:09,313 - sqlalchemy.engine.Engine - INFO - BEGIN (implicit)
2025-08-15 15:36:09,314 INFO sqlalchemy.engine.Engine SELECT 1
2025-08-15 15:36:09,314 - sqlalchemy.engine.Engine - INFO - SELECT 1
2025-08-15 15:36:09,314 INFO sqlalchemy.engine.Engine [cached since 1822s ago] {}
2025-08-15 15:36:09,314 - sqlalchemy.engine.Engine - INFO - [cached since 1822s ago] {}
2025-08-15 15:36:10,337 INFO sqlalchemy.engine.Engine BEGIN (implicit)
2025-08-15 15:36:10,337 - sqlalchemy.engine.Engine - INFO - BEGIN (implicit)
2025-08-15 15:36:10,337 INFO sqlalchemy.engine.Engine SELECT 1
2025-08-15 15:36:10,337 - sqlalchemy.engine.Engine - INFO - SELECT 1
2025-08-15 15:36:10,338 INFO sqlalchemy.engine.Engine [cached since 1823s ago] {}
2025-08-15 15:36:10,338 - sqlalchemy.engine.Engine - INFO - [cached since 1823s ago] {}
2025-08-15 15:36:12,368 INFO sqlalchemy.engine.Engine BEGIN (implicit)
2025-08-15 15:36:12,368 - sqlalchemy.engine.Engine - INFO - BEGIN (implicit)
2025-08-15 15:36:12,369 INFO sqlalchemy.engine.Engine SELECT 1
2025-08-15 15:36:12,369 - sqlalchemy.engine.Engine - INFO - SELECT 1
2025-08-15 15:36:12,369 INFO sqlalchemy.engine.Engine [cached since 1825s ago] {}
2025-08-15 15:36:12,369 - sqlalchemy.engine.Engine - INFO - [cached since 1825s ago] {}
2025-08-15 15:36:13,389 INFO sqlalchemy.engine.Engine BEGIN (implicit)
2025-08-15 15:36:13,389 - sqlalchemy.engine.Engine - INFO - BEGIN (implicit)
2025-08-15 15:36:13,389 INFO sqlalchemy.engine.Engine SELECT 1
2025-08-15 15:36:13,389 - sqlalchemy.engine.Engine - INFO - SELECT 1
2025-08-15 15:36:13,389 INFO sqlalchemy.engine.Engine [cached since 1826s ago] {}
2025-08-15 15:36:13,389 - sqlalchemy.engine.Engine - INFO - [cached since 1826s ago] {}
2025-08-15 15:36:40,877 - error_collector - ERROR - {"timestamp": "2025-08-15T15:36:40.876114", "level": "warning", "category": "system", "message": "服务 database 已自动恢复正常", "exception_type": "CustomError", "stack_trace": "  File \"<string>\", line 1, in <module>\n    from multiprocessing.spawn import spawn_main; spawn_main(tracker_fd=5, pipe_handle=7)\n  File \"/opt/homebrew/Cellar/python@3.13/3.13.5/Frameworks/Python.framework/Versions/3.13/lib/python3.13/multiprocessing/spawn.py\", line 122, in spawn_main\n    exitcode = _main(fd, parent_sentinel)\n  File \"/opt/homebrew/Cellar/python@3.13/3.13.5/Frameworks/Python.framework/Versions/3.13/lib/python3.13/multiprocessing/spawn.py\", line 135, in _main\n    return self._bootstrap(parent_sentinel)\n  File \"/opt/homebrew/Cellar/python@3.13/3.13.5/Frameworks/Python.framework/Versions/3.13/lib/python3.13/multiprocessing/process.py\", line 313, in _bootstrap\n    self.run()\n  File \"/opt/homebrew/Cellar/python@3.13/3.13.5/Frameworks/Python.framework/Versions/3.13/lib/python3.13/multiprocessing/process.py\", line 108, in run\n    self._target(*self._args, **self._kwargs)\n  File \"/Users/zhongxuan/Desktop/demo3/qlib-web/backend/venv/lib/python3.13/site-packages/uvicorn/_subprocess.py\", line 80, in subprocess_started\n    target(sockets=sockets)\n  File \"/Users/zhongxuan/Desktop/demo3/qlib-web/backend/venv/lib/python3.13/site-packages/uvicorn/server.py\", line 67, in run\n    return asyncio.run(self.serve(sockets=sockets))\n  File \"/opt/homebrew/Cellar/python@3.13/3.13.5/Frameworks/Python.framework/Versions/3.13/lib/python3.13/asyncio/runners.py\", line 195, in run\n    return runner.run(main)\n  File \"/opt/homebrew/Cellar/python@3.13/3.13.5/Frameworks/Python.framework/Versions/3.13/lib/python3.13/asyncio/runners.py\", line 118, in run\n    return self._loop.run_until_complete(task)\n  File \"/opt/homebrew/Cellar/python@3.13/3.13.5/Frameworks/Python.framework/Versions/3.13/lib/python3.13/asyncio/base_events.py\", line 712, in run_until_complete\n    self.run_forever()\n  File \"/opt/homebrew/Cellar/python@3.13/3.13.5/Frameworks/Python.framework/Versions/3.13/lib/python3.13/asyncio/base_events.py\", line 683, in run_forever\n    self._run_once()\n  File \"/opt/homebrew/Cellar/python@3.13/3.13.5/Frameworks/Python.framework/Versions/3.13/lib/python3.13/asyncio/base_events.py\", line 2042, in _run_once\n    handle._run()\n  File \"/opt/homebrew/Cellar/python@3.13/3.13.5/Frameworks/Python.framework/Versions/3.13/lib/python3.13/asyncio/events.py\", line 89, in _run\n    self._context.run(self._callback, *self._args)\n  File \"/Users/zhongxuan/Desktop/demo3/qlib-web/backend/app/services/graceful_degradation_service.py\", line 344, in _monitoring_loop\n    await self._apply_degradation_rules()\n  File \"/Users/zhongxuan/Desktop/demo3/qlib-web/backend/app/services/graceful_degradation_service.py\", line 418, in _apply_degradation_rules\n    await self._attempt_service_recovery(rule, service_status)\n  File \"/Users/zhongxuan/Desktop/demo3/qlib-web/backend/app/services/graceful_degradation_service.py\", line 502, in _attempt_service_recovery\n    error_logging_service.log_warning(\n  File \"/Users/zhongxuan/Desktop/demo3/qlib-web/backend/app/services/error_logging_service.py\", line 409, in log_warning\n    return self.collector.collect_custom_error(\n  File \"/Users/zhongxuan/Desktop/demo3/qlib-web/backend/app/services/error_logging_service.py\", line 304, in collect_custom_error\n    stack_trace = ''.join(traceback.format_stack())\n", "request_id": null, "user_id": null, "endpoint": null, "method": null, "user_agent": null, "ip_address": null, "additional_context": {}}
2025-08-15 15:36:44,414 INFO sqlalchemy.engine.Engine BEGIN (implicit)
2025-08-15 15:36:44,414 - sqlalchemy.engine.Engine - INFO - BEGIN (implicit)
2025-08-15 15:36:44,415 INFO sqlalchemy.engine.Engine SELECT 1
2025-08-15 15:36:44,415 - sqlalchemy.engine.Engine - INFO - SELECT 1
2025-08-15 15:36:44,415 INFO sqlalchemy.engine.Engine [cached since 1857s ago] {}
2025-08-15 15:36:44,415 - sqlalchemy.engine.Engine - INFO - [cached since 1857s ago] {}
2025-08-15 15:36:45,438 INFO sqlalchemy.engine.Engine BEGIN (implicit)
2025-08-15 15:36:45,438 - sqlalchemy.engine.Engine - INFO - BEGIN (implicit)
2025-08-15 15:36:45,438 INFO sqlalchemy.engine.Engine SELECT 1
2025-08-15 15:36:45,438 - sqlalchemy.engine.Engine - INFO - SELECT 1
2025-08-15 15:36:45,438 INFO sqlalchemy.engine.Engine [cached since 1858s ago] {}
2025-08-15 15:36:45,438 - sqlalchemy.engine.Engine - INFO - [cached since 1858s ago] {}
2025-08-15 15:36:47,459 INFO sqlalchemy.engine.Engine BEGIN (implicit)
2025-08-15 15:36:47,459 - sqlalchemy.engine.Engine - INFO - BEGIN (implicit)
2025-08-15 15:36:47,460 INFO sqlalchemy.engine.Engine SELECT 1
2025-08-15 15:36:47,460 - sqlalchemy.engine.Engine - INFO - SELECT 1
2025-08-15 15:36:47,460 INFO sqlalchemy.engine.Engine [cached since 1860s ago] {}
2025-08-15 15:36:47,460 - sqlalchemy.engine.Engine - INFO - [cached since 1860s ago] {}
2025-08-15 15:36:48,482 INFO sqlalchemy.engine.Engine BEGIN (implicit)
2025-08-15 15:36:48,482 - sqlalchemy.engine.Engine - INFO - BEGIN (implicit)
2025-08-15 15:36:48,482 INFO sqlalchemy.engine.Engine SELECT 1
2025-08-15 15:36:48,482 - sqlalchemy.engine.Engine - INFO - SELECT 1
2025-08-15 15:36:48,482 INFO sqlalchemy.engine.Engine [cached since 1861s ago] {}
2025-08-15 15:36:48,482 - sqlalchemy.engine.Engine - INFO - [cached since 1861s ago] {}
2025-08-15 15:39:24,576 - error_collector - ERROR - {"timestamp": "2025-08-15T15:39:24.575858", "level": "warning", "category": "system", "message": "自动恢复成功: redis - 服务 redis 缓存清理成功", "exception_type": "CustomError", "stack_trace": "  File \"<string>\", line 1, in <module>\n    from multiprocessing.spawn import spawn_main; spawn_main(tracker_fd=5, pipe_handle=7)\n  File \"/opt/homebrew/Cellar/python@3.13/3.13.5/Frameworks/Python.framework/Versions/3.13/lib/python3.13/multiprocessing/spawn.py\", line 122, in spawn_main\n    exitcode = _main(fd, parent_sentinel)\n  File \"/opt/homebrew/Cellar/python@3.13/3.13.5/Frameworks/Python.framework/Versions/3.13/lib/python3.13/multiprocessing/spawn.py\", line 135, in _main\n    return self._bootstrap(parent_sentinel)\n  File \"/opt/homebrew/Cellar/python@3.13/3.13.5/Frameworks/Python.framework/Versions/3.13/lib/python3.13/multiprocessing/process.py\", line 313, in _bootstrap\n    self.run()\n  File \"/opt/homebrew/Cellar/python@3.13/3.13.5/Frameworks/Python.framework/Versions/3.13/lib/python3.13/multiprocessing/process.py\", line 108, in run\n    self._target(*self._args, **self._kwargs)\n  File \"/Users/zhongxuan/Desktop/demo3/qlib-web/backend/venv/lib/python3.13/site-packages/uvicorn/_subprocess.py\", line 80, in subprocess_started\n    target(sockets=sockets)\n  File \"/Users/zhongxuan/Desktop/demo3/qlib-web/backend/venv/lib/python3.13/site-packages/uvicorn/server.py\", line 67, in run\n    return asyncio.run(self.serve(sockets=sockets))\n  File \"/opt/homebrew/Cellar/python@3.13/3.13.5/Frameworks/Python.framework/Versions/3.13/lib/python3.13/asyncio/runners.py\", line 195, in run\n    return runner.run(main)\n  File \"/opt/homebrew/Cellar/python@3.13/3.13.5/Frameworks/Python.framework/Versions/3.13/lib/python3.13/asyncio/runners.py\", line 118, in run\n    return self._loop.run_until_complete(task)\n  File \"/opt/homebrew/Cellar/python@3.13/3.13.5/Frameworks/Python.framework/Versions/3.13/lib/python3.13/asyncio/base_events.py\", line 712, in run_until_complete\n    self.run_forever()\n  File \"/opt/homebrew/Cellar/python@3.13/3.13.5/Frameworks/Python.framework/Versions/3.13/lib/python3.13/asyncio/base_events.py\", line 683, in run_forever\n    self._run_once()\n  File \"/opt/homebrew/Cellar/python@3.13/3.13.5/Frameworks/Python.framework/Versions/3.13/lib/python3.13/asyncio/base_events.py\", line 2042, in _run_once\n    handle._run()\n  File \"/opt/homebrew/Cellar/python@3.13/3.13.5/Frameworks/Python.framework/Versions/3.13/lib/python3.13/asyncio/events.py\", line 89, in _run\n    self._context.run(self._callback, *self._args)\n  File \"/Users/zhongxuan/Desktop/demo3/qlib-web/backend/app/services/fault_recovery_service.py\", line 417, in _monitor_loop\n    await self._apply_recovery_rules()\n  File \"/Users/zhongxuan/Desktop/demo3/qlib-web/backend/app/services/fault_recovery_service.py\", line 462, in _apply_recovery_rules\n    await self._execute_recovery_rule(rule, service_name, health)\n  File \"/Users/zhongxuan/Desktop/demo3/qlib-web/backend/app/services/fault_recovery_service.py\", line 538, in _execute_recovery_rule\n    error_logging_service.log_warning(\n  File \"/Users/zhongxuan/Desktop/demo3/qlib-web/backend/app/services/error_logging_service.py\", line 409, in log_warning\n    return self.collector.collect_custom_error(\n  File \"/Users/zhongxuan/Desktop/demo3/qlib-web/backend/app/services/error_logging_service.py\", line 304, in collect_custom_error\n    stack_trace = ''.join(traceback.format_stack())\n", "request_id": null, "user_id": null, "endpoint": null, "method": null, "user_agent": null, "ip_address": null, "additional_context": {}}
WARNING:  WatchFiles detected changes in 'auth_main.py'. Reloading...
INFO:     Shutting down
INFO:     Waiting for application shutdown.
2025-08-15 15:42:01.639 | INFO     | app.main:lifespan:62 - Shutting down APM service...
2025-08-15 15:42:01.639 | INFO     | app.main:lifespan:65 - Shutting down fault recovery service...
2025-08-15 15:42:01.639 | INFO     | app.main:lifespan:68 - Shutting down graceful degradation service...
2025-08-15 15:42:01.639 | INFO     | app.main:lifespan:71 - Application shutdown complete
INFO:     Application shutdown complete.
INFO:     Finished server process [43414]
WARNING:  WatchFiles detected changes in 'auth_main.py'. Reloading...
INFO:     Started server process [86306]
INFO:     Waiting for application startup.
2025-08-15 15:42:03.262 | INFO     | app.main:lifespan:27 - Starting Qlib Web Console API v1.0.0
2025-08-15 15:42:03.262 | INFO     | app.main:lifespan:30 - Initializing database...
2025-08-15 15:42:03,275 INFO sqlalchemy.engine.Engine SELECT DATABASE()
2025-08-15 15:42:03,275 - sqlalchemy.engine.Engine - INFO - SELECT DATABASE()
2025-08-15 15:42:03,275 INFO sqlalchemy.engine.Engine [raw sql] {}
2025-08-15 15:42:03,275 - sqlalchemy.engine.Engine - INFO - [raw sql] {}
2025-08-15 15:42:03,276 INFO sqlalchemy.engine.Engine SELECT @@sql_mode
2025-08-15 15:42:03,276 - sqlalchemy.engine.Engine - INFO - SELECT @@sql_mode
2025-08-15 15:42:03,276 INFO sqlalchemy.engine.Engine [raw sql] {}
2025-08-15 15:42:03,276 - sqlalchemy.engine.Engine - INFO - [raw sql] {}
2025-08-15 15:42:03,276 INFO sqlalchemy.engine.Engine SELECT @@lower_case_table_names
2025-08-15 15:42:03,276 - sqlalchemy.engine.Engine - INFO - SELECT @@lower_case_table_names
2025-08-15 15:42:03,276 INFO sqlalchemy.engine.Engine [raw sql] {}
2025-08-15 15:42:03,276 - sqlalchemy.engine.Engine - INFO - [raw sql] {}
2025-08-15 15:42:03,277 INFO sqlalchemy.engine.Engine BEGIN (implicit)
2025-08-15 15:42:03,277 - sqlalchemy.engine.Engine - INFO - BEGIN (implicit)
2025-08-15 15:42:03,278 INFO sqlalchemy.engine.Engine DESCRIBE `qlib_web`.`qlib_experiments`
2025-08-15 15:42:03,278 - sqlalchemy.engine.Engine - INFO - DESCRIBE `qlib_web`.`qlib_experiments`
2025-08-15 15:42:03,278 INFO sqlalchemy.engine.Engine [raw sql] {}
2025-08-15 15:42:03,278 - sqlalchemy.engine.Engine - INFO - [raw sql] {}
2025-08-15 15:42:03,282 INFO sqlalchemy.engine.Engine DESCRIBE `qlib_web`.`qlib_tasks`
2025-08-15 15:42:03,282 - sqlalchemy.engine.Engine - INFO - DESCRIBE `qlib_web`.`qlib_tasks`
2025-08-15 15:42:03,282 INFO sqlalchemy.engine.Engine [raw sql] {}
2025-08-15 15:42:03,282 - sqlalchemy.engine.Engine - INFO - [raw sql] {}
2025-08-15 15:42:03,283 INFO sqlalchemy.engine.Engine DESCRIBE `qlib_web`.`user_team_association`
2025-08-15 15:42:03,283 - sqlalchemy.engine.Engine - INFO - DESCRIBE `qlib_web`.`user_team_association`
2025-08-15 15:42:03,283 INFO sqlalchemy.engine.Engine [raw sql] {}
2025-08-15 15:42:03,283 - sqlalchemy.engine.Engine - INFO - [raw sql] {}
2025-08-15 15:42:03,284 INFO sqlalchemy.engine.Engine DESCRIBE `qlib_web`.`users`
2025-08-15 15:42:03,284 - sqlalchemy.engine.Engine - INFO - DESCRIBE `qlib_web`.`users`
2025-08-15 15:42:03,284 INFO sqlalchemy.engine.Engine [raw sql] {}
2025-08-15 15:42:03,284 - sqlalchemy.engine.Engine - INFO - [raw sql] {}
2025-08-15 15:42:03,285 INFO sqlalchemy.engine.Engine DESCRIBE `qlib_web`.`teams`
2025-08-15 15:42:03,285 - sqlalchemy.engine.Engine - INFO - DESCRIBE `qlib_web`.`teams`
2025-08-15 15:42:03,285 INFO sqlalchemy.engine.Engine [raw sql] {}
2025-08-15 15:42:03,285 - sqlalchemy.engine.Engine - INFO - [raw sql] {}
2025-08-15 15:42:03,286 INFO sqlalchemy.engine.Engine DESCRIBE `qlib_web`.`user_sessions`
2025-08-15 15:42:03,286 - sqlalchemy.engine.Engine - INFO - DESCRIBE `qlib_web`.`user_sessions`
2025-08-15 15:42:03,286 INFO sqlalchemy.engine.Engine [raw sql] {}
2025-08-15 15:42:03,286 - sqlalchemy.engine.Engine - INFO - [raw sql] {}
2025-08-15 15:42:03,287 INFO sqlalchemy.engine.Engine DESCRIBE `qlib_web`.`password_reset_tokens`
2025-08-15 15:42:03,287 - sqlalchemy.engine.Engine - INFO - DESCRIBE `qlib_web`.`password_reset_tokens`
2025-08-15 15:42:03,287 INFO sqlalchemy.engine.Engine [raw sql] {}
2025-08-15 15:42:03,287 - sqlalchemy.engine.Engine - INFO - [raw sql] {}
2025-08-15 15:42:03,288 INFO sqlalchemy.engine.Engine DESCRIBE `qlib_web`.`email_verification_tokens`
2025-08-15 15:42:03,288 - sqlalchemy.engine.Engine - INFO - DESCRIBE `qlib_web`.`email_verification_tokens`
2025-08-15 15:42:03,288 INFO sqlalchemy.engine.Engine [raw sql] {}
2025-08-15 15:42:03,288 - sqlalchemy.engine.Engine - INFO - [raw sql] {}
2025-08-15 15:42:03,289 INFO sqlalchemy.engine.Engine DESCRIBE `qlib_web`.`experiment_templates`
2025-08-15 15:42:03,289 - sqlalchemy.engine.Engine - INFO - DESCRIBE `qlib_web`.`experiment_templates`
2025-08-15 15:42:03,289 INFO sqlalchemy.engine.Engine [raw sql] {}
2025-08-15 15:42:03,289 - sqlalchemy.engine.Engine - INFO - [raw sql] {}
2025-08-15 15:42:03,290 INFO sqlalchemy.engine.Engine DESCRIBE `qlib_web`.`template_usage`
2025-08-15 15:42:03,290 - sqlalchemy.engine.Engine - INFO - DESCRIBE `qlib_web`.`template_usage`
2025-08-15 15:42:03,290 INFO sqlalchemy.engine.Engine [raw sql] {}
2025-08-15 15:42:03,290 - sqlalchemy.engine.Engine - INFO - [raw sql] {}
2025-08-15 15:42:03,291 INFO sqlalchemy.engine.Engine DESCRIBE `qlib_web`.`template_categories`
2025-08-15 15:42:03,291 - sqlalchemy.engine.Engine - INFO - DESCRIBE `qlib_web`.`template_categories`
2025-08-15 15:42:03,291 INFO sqlalchemy.engine.Engine [raw sql] {}
2025-08-15 15:42:03,291 - sqlalchemy.engine.Engine - INFO - [raw sql] {}
2025-08-15 15:42:03,293 INFO sqlalchemy.engine.Engine DESCRIBE `qlib_web`.`experiment_shares`
2025-08-15 15:42:03,293 - sqlalchemy.engine.Engine - INFO - DESCRIBE `qlib_web`.`experiment_shares`
2025-08-15 15:42:03,293 INFO sqlalchemy.engine.Engine [raw sql] {}
2025-08-15 15:42:03,293 - sqlalchemy.engine.Engine - INFO - [raw sql] {}
2025-08-15 15:42:03,294 INFO sqlalchemy.engine.Engine DESCRIBE `qlib_web`.`share_access_logs`
2025-08-15 15:42:03,294 - sqlalchemy.engine.Engine - INFO - DESCRIBE `qlib_web`.`share_access_logs`
2025-08-15 15:42:03,294 INFO sqlalchemy.engine.Engine [raw sql] {}
2025-08-15 15:42:03,294 - sqlalchemy.engine.Engine - INFO - [raw sql] {}
2025-08-15 15:42:03,295 INFO sqlalchemy.engine.Engine DESCRIBE `qlib_web`.`share_invitations`
2025-08-15 15:42:03,295 - sqlalchemy.engine.Engine - INFO - DESCRIBE `qlib_web`.`share_invitations`
2025-08-15 15:42:03,295 INFO sqlalchemy.engine.Engine [raw sql] {}
2025-08-15 15:42:03,295 - sqlalchemy.engine.Engine - INFO - [raw sql] {}
2025-08-15 15:42:03,296 INFO sqlalchemy.engine.Engine DESCRIBE `qlib_web`.`experiment_comments`
2025-08-15 15:42:03,296 - sqlalchemy.engine.Engine - INFO - DESCRIBE `qlib_web`.`experiment_comments`
2025-08-15 15:42:03,296 INFO sqlalchemy.engine.Engine [raw sql] {}
2025-08-15 15:42:03,296 - sqlalchemy.engine.Engine - INFO - [raw sql] {}
2025-08-15 15:42:03,297 INFO sqlalchemy.engine.Engine DESCRIBE `qlib_web`.`comment_likes`
2025-08-15 15:42:03,297 - sqlalchemy.engine.Engine - INFO - DESCRIBE `qlib_web`.`comment_likes`
2025-08-15 15:42:03,297 INFO sqlalchemy.engine.Engine [raw sql] {}
2025-08-15 15:42:03,297 - sqlalchemy.engine.Engine - INFO - [raw sql] {}
2025-08-15 15:42:03,298 INFO sqlalchemy.engine.Engine DESCRIBE `qlib_web`.`experiment_likes`
2025-08-15 15:42:03,298 - sqlalchemy.engine.Engine - INFO - DESCRIBE `qlib_web`.`experiment_likes`
2025-08-15 15:42:03,298 INFO sqlalchemy.engine.Engine [raw sql] {}
2025-08-15 15:42:03,298 - sqlalchemy.engine.Engine - INFO - [raw sql] {}
2025-08-15 15:42:03,299 INFO sqlalchemy.engine.Engine DESCRIBE `qlib_web`.`experiment_favorites`
2025-08-15 15:42:03,299 - sqlalchemy.engine.Engine - INFO - DESCRIBE `qlib_web`.`experiment_favorites`
2025-08-15 15:42:03,299 INFO sqlalchemy.engine.Engine [raw sql] {}
2025-08-15 15:42:03,299 - sqlalchemy.engine.Engine - INFO - [raw sql] {}
2025-08-15 15:42:03,300 INFO sqlalchemy.engine.Engine DESCRIBE `qlib_web`.`team_activities`
2025-08-15 15:42:03,300 - sqlalchemy.engine.Engine - INFO - DESCRIBE `qlib_web`.`team_activities`
2025-08-15 15:42:03,300 INFO sqlalchemy.engine.Engine [raw sql] {}
2025-08-15 15:42:03,300 - sqlalchemy.engine.Engine - INFO - [raw sql] {}
2025-08-15 15:42:03,301 INFO sqlalchemy.engine.Engine DESCRIBE `qlib_web`.`experiment_ratings`
2025-08-15 15:42:03,301 - sqlalchemy.engine.Engine - INFO - DESCRIBE `qlib_web`.`experiment_ratings`
2025-08-15 15:42:03,302 INFO sqlalchemy.engine.Engine [raw sql] {}
2025-08-15 15:42:03,302 - sqlalchemy.engine.Engine - INFO - [raw sql] {}
2025-08-15 15:42:03,303 INFO sqlalchemy.engine.Engine COMMIT
2025-08-15 15:42:03,303 - sqlalchemy.engine.Engine - INFO - COMMIT
2025-08-15 15:42:03.304 | INFO     | app.main:lifespan:34 - Starting APM service...
2025-08-15 15:42:03.304 | SUCCESS  | app.main:lifespan:36 - APM service started successfully
2025-08-15 15:42:03.304 | INFO     | app.main:lifespan:39 - Starting fault recovery service...
2025-08-15 15:42:03.304 | SUCCESS  | app.main:lifespan:41 - Fault recovery service started successfully
2025-08-15 15:42:03.304 | INFO     | app.main:lifespan:44 - Starting graceful degradation service...
2025-08-15 15:42:03.304 | SUCCESS  | app.main:lifespan:46 - Graceful degradation service started successfully
2025-08-15 15:42:03.304 | INFO     | app.main:lifespan:49 - Initializing Qlib...
[86306:MainThread](2025-08-15 15:42:03,304) INFO - qlib.Initialization - [config.py:452] - default_conf: client.
[86306:MainThread](2025-08-15 15:42:03,603) INFO - qlib.Initialization - [__init__.py:75] - qlib successfully initialized based on client settings.
[86306:MainThread](2025-08-15 15:42:03,603) INFO - qlib.Initialization - [__init__.py:77] - data_path={'__DEFAULT_FREQ': PosixPath('/Users/zhongxuan/.qlib/qlib_data/cn_data')}
2025-08-15 15:42:03.603 | SUCCESS  | app.utils.qlib_manager:init_qlib:42 - Qlib initialized successfully
2025-08-15 15:42:03.603 | WARNING  | app.utils.qlib_manager:init_qlib:49 - Data validation failed: slice(None, 5, None)
2025-08-15 15:42:03.603 | SUCCESS  | app.main:lifespan:53 - Qlib initialized successfully
2025-08-15 15:42:03.603 | SUCCESS  | app.main:lifespan:57 - Application startup complete
2025-08-15 15:42:05,613 INFO sqlalchemy.engine.Engine BEGIN (implicit)
2025-08-15 15:42:05,613 - sqlalchemy.engine.Engine - INFO - BEGIN (implicit)
2025-08-15 15:42:05,614 INFO sqlalchemy.engine.Engine SELECT 1
2025-08-15 15:42:05,614 - sqlalchemy.engine.Engine - INFO - SELECT 1
2025-08-15 15:42:05,614 INFO sqlalchemy.engine.Engine [generated in 0.00015s] {}
2025-08-15 15:42:05,614 - sqlalchemy.engine.Engine - INFO - [generated in 0.00015s] {}
2025-08-15 15:42:06,637 INFO sqlalchemy.engine.Engine BEGIN (implicit)
2025-08-15 15:42:06,637 - sqlalchemy.engine.Engine - INFO - BEGIN (implicit)
2025-08-15 15:42:06,637 INFO sqlalchemy.engine.Engine SELECT 1
2025-08-15 15:42:06,637 - sqlalchemy.engine.Engine - INFO - SELECT 1
2025-08-15 15:42:06,637 INFO sqlalchemy.engine.Engine [cached since 1.023s ago] {}
2025-08-15 15:42:06,637 - sqlalchemy.engine.Engine - INFO - [cached since 1.023s ago] {}
2025-08-15 15:42:08,654 INFO sqlalchemy.engine.Engine BEGIN (implicit)
2025-08-15 15:42:08,654 - sqlalchemy.engine.Engine - INFO - BEGIN (implicit)
2025-08-15 15:42:08,654 INFO sqlalchemy.engine.Engine SELECT 1
2025-08-15 15:42:08,654 - sqlalchemy.engine.Engine - INFO - SELECT 1
2025-08-15 15:42:08,654 INFO sqlalchemy.engine.Engine [cached since 3.04s ago] {}
2025-08-15 15:42:08,654 - sqlalchemy.engine.Engine - INFO - [cached since 3.04s ago] {}
2025-08-15 15:42:09,672 INFO sqlalchemy.engine.Engine BEGIN (implicit)
2025-08-15 15:42:09,672 - sqlalchemy.engine.Engine - INFO - BEGIN (implicit)
2025-08-15 15:42:09,673 INFO sqlalchemy.engine.Engine SELECT 1
2025-08-15 15:42:09,673 - sqlalchemy.engine.Engine - INFO - SELECT 1
2025-08-15 15:42:09,673 INFO sqlalchemy.engine.Engine [cached since 4.059s ago] {}
2025-08-15 15:42:09,673 - sqlalchemy.engine.Engine - INFO - [cached since 4.059s ago] {}
INFO:     Application startup complete.
INFO:     Started server process [86518]
INFO:     Waiting for application startup.
2025-08-15 15:42:11.143 | INFO     | app.main:lifespan:27 - Starting Qlib Web Console API v1.0.0
2025-08-15 15:42:11.143 | INFO     | app.main:lifespan:30 - Initializing database...
2025-08-15 15:42:11,152 INFO sqlalchemy.engine.Engine SELECT DATABASE()
2025-08-15 15:42:11,152 - sqlalchemy.engine.Engine - INFO - SELECT DATABASE()
2025-08-15 15:42:11,152 INFO sqlalchemy.engine.Engine [raw sql] {}
2025-08-15 15:42:11,152 - sqlalchemy.engine.Engine - INFO - [raw sql] {}
2025-08-15 15:42:11,153 INFO sqlalchemy.engine.Engine SELECT @@sql_mode
2025-08-15 15:42:11,153 - sqlalchemy.engine.Engine - INFO - SELECT @@sql_mode
2025-08-15 15:42:11,153 INFO sqlalchemy.engine.Engine [raw sql] {}
2025-08-15 15:42:11,153 - sqlalchemy.engine.Engine - INFO - [raw sql] {}
2025-08-15 15:42:11,154 INFO sqlalchemy.engine.Engine SELECT @@lower_case_table_names
2025-08-15 15:42:11,154 - sqlalchemy.engine.Engine - INFO - SELECT @@lower_case_table_names
2025-08-15 15:42:11,154 INFO sqlalchemy.engine.Engine [raw sql] {}
2025-08-15 15:42:11,154 - sqlalchemy.engine.Engine - INFO - [raw sql] {}
2025-08-15 15:42:11,156 INFO sqlalchemy.engine.Engine BEGIN (implicit)
2025-08-15 15:42:11,156 - sqlalchemy.engine.Engine - INFO - BEGIN (implicit)
2025-08-15 15:42:11,156 INFO sqlalchemy.engine.Engine DESCRIBE `qlib_web`.`qlib_experiments`
2025-08-15 15:42:11,156 - sqlalchemy.engine.Engine - INFO - DESCRIBE `qlib_web`.`qlib_experiments`
2025-08-15 15:42:11,156 INFO sqlalchemy.engine.Engine [raw sql] {}
2025-08-15 15:42:11,156 - sqlalchemy.engine.Engine - INFO - [raw sql] {}
2025-08-15 15:42:11,163 INFO sqlalchemy.engine.Engine DESCRIBE `qlib_web`.`qlib_tasks`
2025-08-15 15:42:11,163 - sqlalchemy.engine.Engine - INFO - DESCRIBE `qlib_web`.`qlib_tasks`
2025-08-15 15:42:11,163 INFO sqlalchemy.engine.Engine [raw sql] {}
2025-08-15 15:42:11,163 - sqlalchemy.engine.Engine - INFO - [raw sql] {}
2025-08-15 15:42:11,165 INFO sqlalchemy.engine.Engine DESCRIBE `qlib_web`.`user_team_association`
2025-08-15 15:42:11,165 - sqlalchemy.engine.Engine - INFO - DESCRIBE `qlib_web`.`user_team_association`
2025-08-15 15:42:11,165 INFO sqlalchemy.engine.Engine [raw sql] {}
2025-08-15 15:42:11,165 - sqlalchemy.engine.Engine - INFO - [raw sql] {}
2025-08-15 15:42:11,166 INFO sqlalchemy.engine.Engine DESCRIBE `qlib_web`.`users`
2025-08-15 15:42:11,166 - sqlalchemy.engine.Engine - INFO - DESCRIBE `qlib_web`.`users`
2025-08-15 15:42:11,166 INFO sqlalchemy.engine.Engine [raw sql] {}
2025-08-15 15:42:11,166 - sqlalchemy.engine.Engine - INFO - [raw sql] {}
2025-08-15 15:42:11,167 INFO sqlalchemy.engine.Engine DESCRIBE `qlib_web`.`teams`
2025-08-15 15:42:11,167 - sqlalchemy.engine.Engine - INFO - DESCRIBE `qlib_web`.`teams`
2025-08-15 15:42:11,167 INFO sqlalchemy.engine.Engine [raw sql] {}
2025-08-15 15:42:11,167 - sqlalchemy.engine.Engine - INFO - [raw sql] {}
2025-08-15 15:42:11,169 INFO sqlalchemy.engine.Engine DESCRIBE `qlib_web`.`user_sessions`
2025-08-15 15:42:11,169 - sqlalchemy.engine.Engine - INFO - DESCRIBE `qlib_web`.`user_sessions`
2025-08-15 15:42:11,169 INFO sqlalchemy.engine.Engine [raw sql] {}
2025-08-15 15:42:11,169 - sqlalchemy.engine.Engine - INFO - [raw sql] {}
2025-08-15 15:42:11,170 INFO sqlalchemy.engine.Engine DESCRIBE `qlib_web`.`password_reset_tokens`
2025-08-15 15:42:11,170 - sqlalchemy.engine.Engine - INFO - DESCRIBE `qlib_web`.`password_reset_tokens`
2025-08-15 15:42:11,170 INFO sqlalchemy.engine.Engine [raw sql] {}
2025-08-15 15:42:11,170 - sqlalchemy.engine.Engine - INFO - [raw sql] {}
2025-08-15 15:42:11,171 INFO sqlalchemy.engine.Engine DESCRIBE `qlib_web`.`email_verification_tokens`
2025-08-15 15:42:11,171 - sqlalchemy.engine.Engine - INFO - DESCRIBE `qlib_web`.`email_verification_tokens`
2025-08-15 15:42:11,171 INFO sqlalchemy.engine.Engine [raw sql] {}
2025-08-15 15:42:11,171 - sqlalchemy.engine.Engine - INFO - [raw sql] {}
2025-08-15 15:42:11,172 INFO sqlalchemy.engine.Engine DESCRIBE `qlib_web`.`experiment_templates`
2025-08-15 15:42:11,172 - sqlalchemy.engine.Engine - INFO - DESCRIBE `qlib_web`.`experiment_templates`
2025-08-15 15:42:11,172 INFO sqlalchemy.engine.Engine [raw sql] {}
2025-08-15 15:42:11,172 - sqlalchemy.engine.Engine - INFO - [raw sql] {}
2025-08-15 15:42:11,174 INFO sqlalchemy.engine.Engine DESCRIBE `qlib_web`.`template_usage`
2025-08-15 15:42:11,174 - sqlalchemy.engine.Engine - INFO - DESCRIBE `qlib_web`.`template_usage`
2025-08-15 15:42:11,174 INFO sqlalchemy.engine.Engine [raw sql] {}
2025-08-15 15:42:11,174 - sqlalchemy.engine.Engine - INFO - [raw sql] {}
2025-08-15 15:42:11,175 INFO sqlalchemy.engine.Engine DESCRIBE `qlib_web`.`template_categories`
2025-08-15 15:42:11,175 - sqlalchemy.engine.Engine - INFO - DESCRIBE `qlib_web`.`template_categories`
2025-08-15 15:42:11,175 INFO sqlalchemy.engine.Engine [raw sql] {}
2025-08-15 15:42:11,175 - sqlalchemy.engine.Engine - INFO - [raw sql] {}
2025-08-15 15:42:11,177 INFO sqlalchemy.engine.Engine DESCRIBE `qlib_web`.`experiment_shares`
2025-08-15 15:42:11,177 - sqlalchemy.engine.Engine - INFO - DESCRIBE `qlib_web`.`experiment_shares`
2025-08-15 15:42:11,177 INFO sqlalchemy.engine.Engine [raw sql] {}
2025-08-15 15:42:11,177 - sqlalchemy.engine.Engine - INFO - [raw sql] {}
2025-08-15 15:42:11,178 INFO sqlalchemy.engine.Engine DESCRIBE `qlib_web`.`share_access_logs`
2025-08-15 15:42:11,178 - sqlalchemy.engine.Engine - INFO - DESCRIBE `qlib_web`.`share_access_logs`
2025-08-15 15:42:11,178 INFO sqlalchemy.engine.Engine [raw sql] {}
2025-08-15 15:42:11,178 - sqlalchemy.engine.Engine - INFO - [raw sql] {}
2025-08-15 15:42:11,179 INFO sqlalchemy.engine.Engine DESCRIBE `qlib_web`.`share_invitations`
2025-08-15 15:42:11,179 - sqlalchemy.engine.Engine - INFO - DESCRIBE `qlib_web`.`share_invitations`
2025-08-15 15:42:11,179 INFO sqlalchemy.engine.Engine [raw sql] {}
2025-08-15 15:42:11,179 - sqlalchemy.engine.Engine - INFO - [raw sql] {}
2025-08-15 15:42:11,180 INFO sqlalchemy.engine.Engine DESCRIBE `qlib_web`.`experiment_comments`
2025-08-15 15:42:11,180 - sqlalchemy.engine.Engine - INFO - DESCRIBE `qlib_web`.`experiment_comments`
2025-08-15 15:42:11,180 INFO sqlalchemy.engine.Engine [raw sql] {}
2025-08-15 15:42:11,180 - sqlalchemy.engine.Engine - INFO - [raw sql] {}
2025-08-15 15:42:11,181 INFO sqlalchemy.engine.Engine DESCRIBE `qlib_web`.`comment_likes`
2025-08-15 15:42:11,181 - sqlalchemy.engine.Engine - INFO - DESCRIBE `qlib_web`.`comment_likes`
2025-08-15 15:42:11,181 INFO sqlalchemy.engine.Engine [raw sql] {}
2025-08-15 15:42:11,181 - sqlalchemy.engine.Engine - INFO - [raw sql] {}
2025-08-15 15:42:11,182 INFO sqlalchemy.engine.Engine DESCRIBE `qlib_web`.`experiment_likes`
2025-08-15 15:42:11,182 - sqlalchemy.engine.Engine - INFO - DESCRIBE `qlib_web`.`experiment_likes`
2025-08-15 15:42:11,182 INFO sqlalchemy.engine.Engine [raw sql] {}
2025-08-15 15:42:11,182 - sqlalchemy.engine.Engine - INFO - [raw sql] {}
2025-08-15 15:42:11,183 INFO sqlalchemy.engine.Engine DESCRIBE `qlib_web`.`experiment_favorites`
2025-08-15 15:42:11,183 - sqlalchemy.engine.Engine - INFO - DESCRIBE `qlib_web`.`experiment_favorites`
2025-08-15 15:42:11,183 INFO sqlalchemy.engine.Engine [raw sql] {}
2025-08-15 15:42:11,183 - sqlalchemy.engine.Engine - INFO - [raw sql] {}
2025-08-15 15:42:11,184 INFO sqlalchemy.engine.Engine DESCRIBE `qlib_web`.`team_activities`
2025-08-15 15:42:11,184 - sqlalchemy.engine.Engine - INFO - DESCRIBE `qlib_web`.`team_activities`
2025-08-15 15:42:11,184 INFO sqlalchemy.engine.Engine [raw sql] {}
2025-08-15 15:42:11,184 - sqlalchemy.engine.Engine - INFO - [raw sql] {}
2025-08-15 15:42:11,186 INFO sqlalchemy.engine.Engine DESCRIBE `qlib_web`.`experiment_ratings`
2025-08-15 15:42:11,186 - sqlalchemy.engine.Engine - INFO - DESCRIBE `qlib_web`.`experiment_ratings`
2025-08-15 15:42:11,186 INFO sqlalchemy.engine.Engine [raw sql] {}
2025-08-15 15:42:11,186 - sqlalchemy.engine.Engine - INFO - [raw sql] {}
2025-08-15 15:42:11,187 INFO sqlalchemy.engine.Engine COMMIT
2025-08-15 15:42:11,187 - sqlalchemy.engine.Engine - INFO - COMMIT
2025-08-15 15:42:11.188 | INFO     | app.main:lifespan:34 - Starting APM service...
2025-08-15 15:42:11.188 | SUCCESS  | app.main:lifespan:36 - APM service started successfully
2025-08-15 15:42:11.188 | INFO     | app.main:lifespan:39 - Starting fault recovery service...
2025-08-15 15:42:11.188 | SUCCESS  | app.main:lifespan:41 - Fault recovery service started successfully
2025-08-15 15:42:11.188 | INFO     | app.main:lifespan:44 - Starting graceful degradation service...
2025-08-15 15:42:11.188 | SUCCESS  | app.main:lifespan:46 - Graceful degradation service started successfully
2025-08-15 15:42:11.188 | INFO     | app.main:lifespan:49 - Initializing Qlib...
[86518:MainThread](2025-08-15 15:42:11,189) INFO - qlib.Initialization - [config.py:452] - default_conf: client.
[86518:MainThread](2025-08-15 15:42:11,471) INFO - qlib.Initialization - [__init__.py:75] - qlib successfully initialized based on client settings.
[86518:MainThread](2025-08-15 15:42:11,472) INFO - qlib.Initialization - [__init__.py:77] - data_path={'__DEFAULT_FREQ': PosixPath('/Users/zhongxuan/.qlib/qlib_data/cn_data')}
2025-08-15 15:42:11.472 | SUCCESS  | app.utils.qlib_manager:init_qlib:42 - Qlib initialized successfully
2025-08-15 15:42:11.472 | WARNING  | app.utils.qlib_manager:init_qlib:49 - Data validation failed: slice(None, 5, None)
2025-08-15 15:42:11.472 | SUCCESS  | app.main:lifespan:53 - Qlib initialized successfully
2025-08-15 15:42:11.472 | SUCCESS  | app.main:lifespan:57 - Application startup complete
2025-08-15 15:42:13,483 INFO sqlalchemy.engine.Engine BEGIN (implicit)
2025-08-15 15:42:13,483 - sqlalchemy.engine.Engine - INFO - BEGIN (implicit)
2025-08-15 15:42:13,484 INFO sqlalchemy.engine.Engine SELECT 1
2025-08-15 15:42:13,484 - sqlalchemy.engine.Engine - INFO - SELECT 1
2025-08-15 15:42:13,484 INFO sqlalchemy.engine.Engine [generated in 0.00025s] {}
2025-08-15 15:42:13,484 - sqlalchemy.engine.Engine - INFO - [generated in 0.00025s] {}
2025-08-15 15:42:14,502 INFO sqlalchemy.engine.Engine BEGIN (implicit)
2025-08-15 15:42:14,502 - sqlalchemy.engine.Engine - INFO - BEGIN (implicit)
2025-08-15 15:42:14,503 INFO sqlalchemy.engine.Engine SELECT 1
2025-08-15 15:42:14,503 - sqlalchemy.engine.Engine - INFO - SELECT 1
2025-08-15 15:42:14,503 INFO sqlalchemy.engine.Engine [cached since 1.019s ago] {}
2025-08-15 15:42:14,503 - sqlalchemy.engine.Engine - INFO - [cached since 1.019s ago] {}
2025-08-15 15:42:16,517 INFO sqlalchemy.engine.Engine BEGIN (implicit)
2025-08-15 15:42:16,517 - sqlalchemy.engine.Engine - INFO - BEGIN (implicit)
2025-08-15 15:42:16,517 INFO sqlalchemy.engine.Engine SELECT 1
2025-08-15 15:42:16,517 - sqlalchemy.engine.Engine - INFO - SELECT 1
2025-08-15 15:42:16,517 INFO sqlalchemy.engine.Engine [cached since 3.033s ago] {}
2025-08-15 15:42:16,517 - sqlalchemy.engine.Engine - INFO - [cached since 3.033s ago] {}
2025-08-15 15:42:17,531 INFO sqlalchemy.engine.Engine BEGIN (implicit)
2025-08-15 15:42:17,531 - sqlalchemy.engine.Engine - INFO - BEGIN (implicit)
2025-08-15 15:42:17,531 INFO sqlalchemy.engine.Engine SELECT 1
2025-08-15 15:42:17,531 - sqlalchemy.engine.Engine - INFO - SELECT 1
2025-08-15 15:42:17,531 INFO sqlalchemy.engine.Engine [cached since 4.047s ago] {}
2025-08-15 15:42:17,531 - sqlalchemy.engine.Engine - INFO - [cached since 4.047s ago] {}
INFO:     Application startup complete.
2025-08-15 15:42:18,539 - error_collector - ERROR - {"timestamp": "2025-08-15T15:42:18.539394", "level": "warning", "category": "system", "message": "自动恢复成功: database - 服务 database 重启成功", "exception_type": "CustomError", "stack_trace": "  File \"<string>\", line 1, in <module>\n    from multiprocessing.spawn import spawn_main; spawn_main(tracker_fd=5, pipe_handle=7)\n  File \"/opt/homebrew/Cellar/python@3.13/3.13.5/Frameworks/Python.framework/Versions/3.13/lib/python3.13/multiprocessing/spawn.py\", line 122, in spawn_main\n    exitcode = _main(fd, parent_sentinel)\n  File \"/opt/homebrew/Cellar/python@3.13/3.13.5/Frameworks/Python.framework/Versions/3.13/lib/python3.13/multiprocessing/spawn.py\", line 135, in _main\n    return self._bootstrap(parent_sentinel)\n  File \"/opt/homebrew/Cellar/python@3.13/3.13.5/Frameworks/Python.framework/Versions/3.13/lib/python3.13/multiprocessing/process.py\", line 313, in _bootstrap\n    self.run()\n  File \"/opt/homebrew/Cellar/python@3.13/3.13.5/Frameworks/Python.framework/Versions/3.13/lib/python3.13/multiprocessing/process.py\", line 108, in run\n    self._target(*self._args, **self._kwargs)\n  File \"/Users/zhongxuan/Desktop/demo3/qlib-web/backend/venv/lib/python3.13/site-packages/uvicorn/_subprocess.py\", line 80, in subprocess_started\n    target(sockets=sockets)\n  File \"/Users/zhongxuan/Desktop/demo3/qlib-web/backend/venv/lib/python3.13/site-packages/uvicorn/server.py\", line 67, in run\n    return asyncio.run(self.serve(sockets=sockets))\n  File \"/opt/homebrew/Cellar/python@3.13/3.13.5/Frameworks/Python.framework/Versions/3.13/lib/python3.13/asyncio/runners.py\", line 195, in run\n    return runner.run(main)\n  File \"/opt/homebrew/Cellar/python@3.13/3.13.5/Frameworks/Python.framework/Versions/3.13/lib/python3.13/asyncio/runners.py\", line 118, in run\n    return self._loop.run_until_complete(task)\n  File \"/opt/homebrew/Cellar/python@3.13/3.13.5/Frameworks/Python.framework/Versions/3.13/lib/python3.13/asyncio/base_events.py\", line 712, in run_until_complete\n    self.run_forever()\n  File \"/opt/homebrew/Cellar/python@3.13/3.13.5/Frameworks/Python.framework/Versions/3.13/lib/python3.13/asyncio/base_events.py\", line 683, in run_forever\n    self._run_once()\n  File \"/opt/homebrew/Cellar/python@3.13/3.13.5/Frameworks/Python.framework/Versions/3.13/lib/python3.13/asyncio/base_events.py\", line 2042, in _run_once\n    handle._run()\n  File \"/opt/homebrew/Cellar/python@3.13/3.13.5/Frameworks/Python.framework/Versions/3.13/lib/python3.13/asyncio/events.py\", line 89, in _run\n    self._context.run(self._callback, *self._args)\n  File \"/Users/zhongxuan/Desktop/demo3/qlib-web/backend/app/services/fault_recovery_service.py\", line 417, in _monitor_loop\n    await self._apply_recovery_rules()\n  File \"/Users/zhongxuan/Desktop/demo3/qlib-web/backend/app/services/fault_recovery_service.py\", line 462, in _apply_recovery_rules\n    await self._execute_recovery_rule(rule, service_name, health)\n  File \"/Users/zhongxuan/Desktop/demo3/qlib-web/backend/app/services/fault_recovery_service.py\", line 538, in _execute_recovery_rule\n    error_logging_service.log_warning(\n  File \"/Users/zhongxuan/Desktop/demo3/qlib-web/backend/app/services/error_logging_service.py\", line 409, in log_warning\n    return self.collector.collect_custom_error(\n  File \"/Users/zhongxuan/Desktop/demo3/qlib-web/backend/app/services/error_logging_service.py\", line 304, in collect_custom_error\n    stack_trace = ''.join(traceback.format_stack())\n", "request_id": null, "user_id": null, "endpoint": null, "method": null, "user_agent": null, "ip_address": null, "additional_context": {}}
2025-08-15 15:42:35,353 INFO sqlalchemy.engine.Engine BEGIN (implicit)
2025-08-15 15:42:35,353 - sqlalchemy.engine.Engine - INFO - BEGIN (implicit)
2025-08-15 15:42:35,354 INFO sqlalchemy.engine.Engine SELECT users.id AS users_id, users.username AS users_username, users.email AS users_email, users.full_name AS users_full_name, users.hashed_password AS users_hashed_password, users.avatar_url AS users_avatar_url, users.bio AS users_bio, users.company AS users_company, users.department AS users_department, users.position AS users_position, users.`role` AS users_role, users.status AS users_status, users.is_email_verified AS users_is_email_verified, users.created_at AS users_created_at, users.updated_at AS users_updated_at, users.last_login_at AS users_last_login_at, users.email_verified_at AS users_email_verified_at 
FROM users 
WHERE users.username = %(username_1)s 
 LIMIT %(param_1)s
2025-08-15 15:42:35,354 - sqlalchemy.engine.Engine - INFO - SELECT users.id AS users_id, users.username AS users_username, users.email AS users_email, users.full_name AS users_full_name, users.hashed_password AS users_hashed_password, users.avatar_url AS users_avatar_url, users.bio AS users_bio, users.company AS users_company, users.department AS users_department, users.position AS users_position, users.`role` AS users_role, users.status AS users_status, users.is_email_verified AS users_is_email_verified, users.created_at AS users_created_at, users.updated_at AS users_updated_at, users.last_login_at AS users_last_login_at, users.email_verified_at AS users_email_verified_at 
FROM users 
WHERE users.username = %(username_1)s 
 LIMIT %(param_1)s
2025-08-15 15:42:35,354 INFO sqlalchemy.engine.Engine [generated in 0.00009s] {'username_1': 'testuser', 'param_1': 1}
2025-08-15 15:42:35,354 - sqlalchemy.engine.Engine - INFO - [generated in 0.00009s] {'username_1': 'testuser', 'param_1': 1}
2025-08-15 15:42:35,358 INFO sqlalchemy.engine.Engine SELECT users.id AS users_id, users.username AS users_username, users.email AS users_email, users.full_name AS users_full_name, users.hashed_password AS users_hashed_password, users.avatar_url AS users_avatar_url, users.bio AS users_bio, users.company AS users_company, users.department AS users_department, users.position AS users_position, users.`role` AS users_role, users.status AS users_status, users.is_email_verified AS users_is_email_verified, users.created_at AS users_created_at, users.updated_at AS users_updated_at, users.last_login_at AS users_last_login_at, users.email_verified_at AS users_email_verified_at 
FROM users 
WHERE users.email = %(email_1)s 
 LIMIT %(param_1)s
2025-08-15 15:42:35,358 - sqlalchemy.engine.Engine - INFO - SELECT users.id AS users_id, users.username AS users_username, users.email AS users_email, users.full_name AS users_full_name, users.hashed_password AS users_hashed_password, users.avatar_url AS users_avatar_url, users.bio AS users_bio, users.company AS users_company, users.department AS users_department, users.position AS users_position, users.`role` AS users_role, users.status AS users_status, users.is_email_verified AS users_is_email_verified, users.created_at AS users_created_at, users.updated_at AS users_updated_at, users.last_login_at AS users_last_login_at, users.email_verified_at AS users_email_verified_at 
FROM users 
WHERE users.email = %(email_1)s 
 LIMIT %(param_1)s
2025-08-15 15:42:35,358 INFO sqlalchemy.engine.Engine [generated in 0.00009s] {'email_1': 'test@example.com', 'param_1': 1}
2025-08-15 15:42:35,358 - sqlalchemy.engine.Engine - INFO - [generated in 0.00009s] {'email_1': 'test@example.com', 'param_1': 1}
2025-08-15 15:42:35,359 - passlib.handlers.bcrypt - WARNING - (trapped) error reading bcrypt version
Traceback (most recent call last):
  File "/Users/zhongxuan/Desktop/demo3/qlib-web/backend/venv/lib/python3.13/site-packages/passlib/handlers/bcrypt.py", line 620, in _load_backend_mixin
    version = _bcrypt.__about__.__version__
              ^^^^^^^^^^^^^^^^^
AttributeError: module 'bcrypt' has no attribute '__about__'
2025-08-15 15:42:35,616 INFO sqlalchemy.engine.Engine INSERT INTO users (username, email, full_name, hashed_password, avatar_url, bio, company, department, position, `role`, status, is_email_verified, created_at, updated_at, last_login_at, email_verified_at) VALUES (%(username)s, %(email)s, %(full_name)s, %(hashed_password)s, %(avatar_url)s, %(bio)s, %(company)s, %(department)s, %(position)s, %(role)s, %(status)s, %(is_email_verified)s, %(created_at)s, %(updated_at)s, %(last_login_at)s, %(email_verified_at)s)
2025-08-15 15:42:35,616 - sqlalchemy.engine.Engine - INFO - INSERT INTO users (username, email, full_name, hashed_password, avatar_url, bio, company, department, position, `role`, status, is_email_verified, created_at, updated_at, last_login_at, email_verified_at) VALUES (%(username)s, %(email)s, %(full_name)s, %(hashed_password)s, %(avatar_url)s, %(bio)s, %(company)s, %(department)s, %(position)s, %(role)s, %(status)s, %(is_email_verified)s, %(created_at)s, %(updated_at)s, %(last_login_at)s, %(email_verified_at)s)
2025-08-15 15:42:35,616 INFO sqlalchemy.engine.Engine [generated in 0.00017s] {'username': 'testuser', 'email': 'test@example.com', 'full_name': 'Test User', 'hashed_password': '$2b$12$/mbkTN7gWj/gN.fEv7srjego/jzA9txPApZbnPbOKH.SLzG/RVTq6', 'avatar_url': None, 'bio': None, 'company': None, 'department': None, 'position': None, 'role': 'ANALYST', 'status': 'ACTIVE', 'is_email_verified': 1, 'created_at': datetime.datetime(2025, 8, 15, 7, 42, 35, 616807, tzinfo=datetime.timezone.utc), 'updated_at': datetime.datetime(2025, 8, 15, 7, 42, 35, 616808, tzinfo=datetime.timezone.utc), 'last_login_at': None, 'email_verified_at': datetime.datetime(2025, 8, 15, 7, 42, 35, 615728, tzinfo=datetime.timezone.utc)}
2025-08-15 15:42:35,616 - sqlalchemy.engine.Engine - INFO - [generated in 0.00017s] {'username': 'testuser', 'email': 'test@example.com', 'full_name': 'Test User', 'hashed_password': '$2b$12$/mbkTN7gWj/gN.fEv7srjego/jzA9txPApZbnPbOKH.SLzG/RVTq6', 'avatar_url': None, 'bio': None, 'company': None, 'department': None, 'position': None, 'role': 'ANALYST', 'status': 'ACTIVE', 'is_email_verified': 1, 'created_at': datetime.datetime(2025, 8, 15, 7, 42, 35, 616807, tzinfo=datetime.timezone.utc), 'updated_at': datetime.datetime(2025, 8, 15, 7, 42, 35, 616808, tzinfo=datetime.timezone.utc), 'last_login_at': None, 'email_verified_at': datetime.datetime(2025, 8, 15, 7, 42, 35, 615728, tzinfo=datetime.timezone.utc)}
2025-08-15 15:42:35,619 INFO sqlalchemy.engine.Engine COMMIT
2025-08-15 15:42:35,619 - sqlalchemy.engine.Engine - INFO - COMMIT
2025-08-15 15:42:35,626 INFO sqlalchemy.engine.Engine BEGIN (implicit)
2025-08-15 15:42:35,626 - sqlalchemy.engine.Engine - INFO - BEGIN (implicit)
2025-08-15 15:42:35,627 INFO sqlalchemy.engine.Engine SELECT users.id, users.username, users.email, users.full_name, users.hashed_password, users.avatar_url, users.bio, users.company, users.department, users.position, users.`role`, users.status, users.is_email_verified, users.created_at, users.updated_at, users.last_login_at, users.email_verified_at 
FROM users 
WHERE users.id = %(pk_1)s
2025-08-15 15:42:35,627 - sqlalchemy.engine.Engine - INFO - SELECT users.id, users.username, users.email, users.full_name, users.hashed_password, users.avatar_url, users.bio, users.company, users.department, users.position, users.`role`, users.status, users.is_email_verified, users.created_at, users.updated_at, users.last_login_at, users.email_verified_at 
FROM users 
WHERE users.id = %(pk_1)s
2025-08-15 15:42:35,627 INFO sqlalchemy.engine.Engine [generated in 0.00008s] {'pk_1': 2}
2025-08-15 15:42:35,627 - sqlalchemy.engine.Engine - INFO - [generated in 0.00008s] {'pk_1': 2}
2025-08-15 15:42:35,630 INFO sqlalchemy.engine.Engine ROLLBACK
2025-08-15 15:42:35,630 - sqlalchemy.engine.Engine - INFO - ROLLBACK
2025-08-15 15:42:35.632 | INFO     | app.main:add_request_id:151 - Request completed: POST /api/v1/auth/register Status: 201 Time: 0.310s ID: 6ce3aae7-f5c0-47e2-bad8-b23955a1b601
INFO:     127.0.0.1:65409 - "POST /api/v1/auth/register HTTP/1.1" 201 Created
2025-08-15 15:42:49,548 INFO sqlalchemy.engine.Engine BEGIN (implicit)
2025-08-15 15:42:49,548 - sqlalchemy.engine.Engine - INFO - BEGIN (implicit)
2025-08-15 15:42:49,549 INFO sqlalchemy.engine.Engine SELECT 1
2025-08-15 15:42:49,549 - sqlalchemy.engine.Engine - INFO - SELECT 1
2025-08-15 15:42:49,549 INFO sqlalchemy.engine.Engine [cached since 36.06s ago] {}
2025-08-15 15:42:49,549 - sqlalchemy.engine.Engine - INFO - [cached since 36.06s ago] {}
2025-08-15 15:42:50,558 INFO sqlalchemy.engine.Engine BEGIN (implicit)
2025-08-15 15:42:50,558 - sqlalchemy.engine.Engine - INFO - BEGIN (implicit)
2025-08-15 15:42:50,559 INFO sqlalchemy.engine.Engine SELECT 1
2025-08-15 15:42:50,559 - sqlalchemy.engine.Engine - INFO - SELECT 1
2025-08-15 15:42:50,559 INFO sqlalchemy.engine.Engine [cached since 37.07s ago] {}
2025-08-15 15:42:50,559 - sqlalchemy.engine.Engine - INFO - [cached since 37.07s ago] {}
2025-08-15 15:42:52,571 INFO sqlalchemy.engine.Engine BEGIN (implicit)
2025-08-15 15:42:52,571 - sqlalchemy.engine.Engine - INFO - BEGIN (implicit)
2025-08-15 15:42:52,571 INFO sqlalchemy.engine.Engine SELECT 1
2025-08-15 15:42:52,571 - sqlalchemy.engine.Engine - INFO - SELECT 1
2025-08-15 15:42:52,572 INFO sqlalchemy.engine.Engine [cached since 39.09s ago] {}
2025-08-15 15:42:52,572 - sqlalchemy.engine.Engine - INFO - [cached since 39.09s ago] {}
2025-08-15 15:42:53,578 INFO sqlalchemy.engine.Engine BEGIN (implicit)
2025-08-15 15:42:53,578 - sqlalchemy.engine.Engine - INFO - BEGIN (implicit)
2025-08-15 15:42:53,579 INFO sqlalchemy.engine.Engine SELECT 1
2025-08-15 15:42:53,579 - sqlalchemy.engine.Engine - INFO - SELECT 1
2025-08-15 15:42:53,579 INFO sqlalchemy.engine.Engine [cached since 40.09s ago] {}
2025-08-15 15:42:53,579 - sqlalchemy.engine.Engine - INFO - [cached since 40.09s ago] {}
2025-08-15 15:43:17,544 - error_collector - ERROR - {"timestamp": "2025-08-15T15:43:17.543420", "level": "warning", "category": "system", "message": "服务 database 已降级至 moderate 级别", "exception_type": "CustomError", "stack_trace": "  File \"<string>\", line 1, in <module>\n    from multiprocessing.spawn import spawn_main; spawn_main(tracker_fd=5, pipe_handle=7)\n  File \"/opt/homebrew/Cellar/python@3.13/3.13.5/Frameworks/Python.framework/Versions/3.13/lib/python3.13/multiprocessing/spawn.py\", line 122, in spawn_main\n    exitcode = _main(fd, parent_sentinel)\n  File \"/opt/homebrew/Cellar/python@3.13/3.13.5/Frameworks/Python.framework/Versions/3.13/lib/python3.13/multiprocessing/spawn.py\", line 135, in _main\n    return self._bootstrap(parent_sentinel)\n  File \"/opt/homebrew/Cellar/python@3.13/3.13.5/Frameworks/Python.framework/Versions/3.13/lib/python3.13/multiprocessing/process.py\", line 313, in _bootstrap\n    self.run()\n  File \"/opt/homebrew/Cellar/python@3.13/3.13.5/Frameworks/Python.framework/Versions/3.13/lib/python3.13/multiprocessing/process.py\", line 108, in run\n    self._target(*self._args, **self._kwargs)\n  File \"/Users/zhongxuan/Desktop/demo3/qlib-web/backend/venv/lib/python3.13/site-packages/uvicorn/_subprocess.py\", line 80, in subprocess_started\n    target(sockets=sockets)\n  File \"/Users/zhongxuan/Desktop/demo3/qlib-web/backend/venv/lib/python3.13/site-packages/uvicorn/server.py\", line 67, in run\n    return asyncio.run(self.serve(sockets=sockets))\n  File \"/opt/homebrew/Cellar/python@3.13/3.13.5/Frameworks/Python.framework/Versions/3.13/lib/python3.13/asyncio/runners.py\", line 195, in run\n    return runner.run(main)\n  File \"/opt/homebrew/Cellar/python@3.13/3.13.5/Frameworks/Python.framework/Versions/3.13/lib/python3.13/asyncio/runners.py\", line 118, in run\n    return self._loop.run_until_complete(task)\n  File \"/opt/homebrew/Cellar/python@3.13/3.13.5/Frameworks/Python.framework/Versions/3.13/lib/python3.13/asyncio/base_events.py\", line 712, in run_until_complete\n    self.run_forever()\n  File \"/opt/homebrew/Cellar/python@3.13/3.13.5/Frameworks/Python.framework/Versions/3.13/lib/python3.13/asyncio/base_events.py\", line 683, in run_forever\n    self._run_once()\n  File \"/opt/homebrew/Cellar/python@3.13/3.13.5/Frameworks/Python.framework/Versions/3.13/lib/python3.13/asyncio/base_events.py\", line 2042, in _run_once\n    handle._run()\n  File \"/opt/homebrew/Cellar/python@3.13/3.13.5/Frameworks/Python.framework/Versions/3.13/lib/python3.13/asyncio/events.py\", line 89, in _run\n    self._context.run(self._callback, *self._args)\n  File \"/Users/zhongxuan/Desktop/demo3/qlib-web/backend/app/services/graceful_degradation_service.py\", line 344, in _monitoring_loop\n    await self._apply_degradation_rules()\n  File \"/Users/zhongxuan/Desktop/demo3/qlib-web/backend/app/services/graceful_degradation_service.py\", line 414, in _apply_degradation_rules\n    await self._apply_degradation(rule, service_status)\n  File \"/Users/zhongxuan/Desktop/demo3/qlib-web/backend/app/services/graceful_degradation_service.py\", line 461, in _apply_degradation\n    error_logging_service.log_warning(\n  File \"/Users/zhongxuan/Desktop/demo3/qlib-web/backend/app/services/error_logging_service.py\", line 409, in log_warning\n    return self.collector.collect_custom_error(\n  File \"/Users/zhongxuan/Desktop/demo3/qlib-web/backend/app/services/error_logging_service.py\", line 304, in collect_custom_error\n    stack_trace = ''.join(traceback.format_stack())\n", "request_id": null, "user_id": null, "endpoint": null, "method": null, "user_agent": null, "ip_address": null, "additional_context": {}}
2025-08-15 15:43:24,612 INFO sqlalchemy.engine.Engine BEGIN (implicit)
2025-08-15 15:43:24,612 - sqlalchemy.engine.Engine - INFO - BEGIN (implicit)
2025-08-15 15:43:24,614 INFO sqlalchemy.engine.Engine SELECT 1
2025-08-15 15:43:24,614 - sqlalchemy.engine.Engine - INFO - SELECT 1
2025-08-15 15:43:24,614 INFO sqlalchemy.engine.Engine [cached since 71.13s ago] {}
2025-08-15 15:43:24,614 - sqlalchemy.engine.Engine - INFO - [cached since 71.13s ago] {}
2025-08-15 15:43:25,628 INFO sqlalchemy.engine.Engine BEGIN (implicit)
2025-08-15 15:43:25,628 - sqlalchemy.engine.Engine - INFO - BEGIN (implicit)
2025-08-15 15:43:25,629 INFO sqlalchemy.engine.Engine SELECT 1
2025-08-15 15:43:25,629 - sqlalchemy.engine.Engine - INFO - SELECT 1
2025-08-15 15:43:25,629 INFO sqlalchemy.engine.Engine [cached since 72.14s ago] {}
2025-08-15 15:43:25,629 - sqlalchemy.engine.Engine - INFO - [cached since 72.14s ago] {}
2025-08-15 15:43:27,650 INFO sqlalchemy.engine.Engine BEGIN (implicit)
2025-08-15 15:43:27,650 - sqlalchemy.engine.Engine - INFO - BEGIN (implicit)
2025-08-15 15:43:27,650 INFO sqlalchemy.engine.Engine SELECT 1
2025-08-15 15:43:27,650 - sqlalchemy.engine.Engine - INFO - SELECT 1
2025-08-15 15:43:27,650 INFO sqlalchemy.engine.Engine [cached since 74.16s ago] {}
2025-08-15 15:43:27,650 - sqlalchemy.engine.Engine - INFO - [cached since 74.16s ago] {}
2025-08-15 15:43:28,669 INFO sqlalchemy.engine.Engine BEGIN (implicit)
2025-08-15 15:43:28,669 - sqlalchemy.engine.Engine - INFO - BEGIN (implicit)
2025-08-15 15:43:28,669 INFO sqlalchemy.engine.Engine SELECT 1
2025-08-15 15:43:28,669 - sqlalchemy.engine.Engine - INFO - SELECT 1
2025-08-15 15:43:28,669 INFO sqlalchemy.engine.Engine [cached since 75.18s ago] {}
2025-08-15 15:43:28,669 - sqlalchemy.engine.Engine - INFO - [cached since 75.18s ago] {}
2025-08-15 15:43:59,697 INFO sqlalchemy.engine.Engine BEGIN (implicit)
2025-08-15 15:43:59,697 - sqlalchemy.engine.Engine - INFO - BEGIN (implicit)
2025-08-15 15:43:59,698 INFO sqlalchemy.engine.Engine SELECT 1
2025-08-15 15:43:59,698 - sqlalchemy.engine.Engine - INFO - SELECT 1
2025-08-15 15:43:59,698 INFO sqlalchemy.engine.Engine [cached since 106.2s ago] {}
2025-08-15 15:43:59,698 - sqlalchemy.engine.Engine - INFO - [cached since 106.2s ago] {}
2025-08-15 15:44:00,704 INFO sqlalchemy.engine.Engine BEGIN (implicit)
2025-08-15 15:44:00,704 - sqlalchemy.engine.Engine - INFO - BEGIN (implicit)
2025-08-15 15:44:00,704 INFO sqlalchemy.engine.Engine SELECT 1
2025-08-15 15:44:00,704 - sqlalchemy.engine.Engine - INFO - SELECT 1
2025-08-15 15:44:00,704 INFO sqlalchemy.engine.Engine [cached since 107.2s ago] {}
2025-08-15 15:44:00,704 - sqlalchemy.engine.Engine - INFO - [cached since 107.2s ago] {}
2025-08-15 15:44:02,715 INFO sqlalchemy.engine.Engine BEGIN (implicit)
2025-08-15 15:44:02,715 - sqlalchemy.engine.Engine - INFO - BEGIN (implicit)
2025-08-15 15:44:02,716 INFO sqlalchemy.engine.Engine SELECT 1
2025-08-15 15:44:02,716 - sqlalchemy.engine.Engine - INFO - SELECT 1
2025-08-15 15:44:02,716 INFO sqlalchemy.engine.Engine [cached since 109.2s ago] {}
2025-08-15 15:44:02,716 - sqlalchemy.engine.Engine - INFO - [cached since 109.2s ago] {}
2025-08-15 15:44:03,724 INFO sqlalchemy.engine.Engine BEGIN (implicit)
2025-08-15 15:44:03,724 - sqlalchemy.engine.Engine - INFO - BEGIN (implicit)
2025-08-15 15:44:03,725 INFO sqlalchemy.engine.Engine SELECT 1
2025-08-15 15:44:03,725 - sqlalchemy.engine.Engine - INFO - SELECT 1
2025-08-15 15:44:03,725 INFO sqlalchemy.engine.Engine [cached since 110.2s ago] {}
2025-08-15 15:44:03,725 - sqlalchemy.engine.Engine - INFO - [cached since 110.2s ago] {}
WARNING:  WatchFiles detected changes in 'app/core/config.py'. Reloading...
INFO:     Shutting down
INFO:     Waiting for application shutdown.
2025-08-15 15:44:06.330 | INFO     | app.main:lifespan:62 - Shutting down APM service...
2025-08-15 15:44:06.331 | INFO     | app.main:lifespan:65 - Shutting down fault recovery service...
2025-08-15 15:44:06.331 | INFO     | app.main:lifespan:68 - Shutting down graceful degradation service...
2025-08-15 15:44:06.336 | INFO     | app.main:lifespan:71 - Application shutdown complete
INFO:     Application shutdown complete.
INFO:     Finished server process [86518]
INFO:     Started server process [89088]
INFO:     Waiting for application startup.
2025-08-15 15:44:08.385 | INFO     | app.main:lifespan:27 - Starting Qlib Web Console API v1.0.0
2025-08-15 15:44:08.385 | INFO     | app.main:lifespan:30 - Initializing database...
2025-08-15 15:44:08,396 INFO sqlalchemy.engine.Engine SELECT DATABASE()
2025-08-15 15:44:08,396 - sqlalchemy.engine.Engine - INFO - SELECT DATABASE()
2025-08-15 15:44:08,396 INFO sqlalchemy.engine.Engine [raw sql] {}
2025-08-15 15:44:08,396 - sqlalchemy.engine.Engine - INFO - [raw sql] {}
2025-08-15 15:44:08,397 INFO sqlalchemy.engine.Engine SELECT @@sql_mode
2025-08-15 15:44:08,397 - sqlalchemy.engine.Engine - INFO - SELECT @@sql_mode
2025-08-15 15:44:08,398 INFO sqlalchemy.engine.Engine [raw sql] {}
2025-08-15 15:44:08,398 - sqlalchemy.engine.Engine - INFO - [raw sql] {}
2025-08-15 15:44:08,398 INFO sqlalchemy.engine.Engine SELECT @@lower_case_table_names
2025-08-15 15:44:08,398 - sqlalchemy.engine.Engine - INFO - SELECT @@lower_case_table_names
2025-08-15 15:44:08,398 INFO sqlalchemy.engine.Engine [raw sql] {}
2025-08-15 15:44:08,398 - sqlalchemy.engine.Engine - INFO - [raw sql] {}
2025-08-15 15:44:08,400 INFO sqlalchemy.engine.Engine BEGIN (implicit)
2025-08-15 15:44:08,400 - sqlalchemy.engine.Engine - INFO - BEGIN (implicit)
2025-08-15 15:44:08,400 INFO sqlalchemy.engine.Engine DESCRIBE `qlib_web`.`qlib_experiments`
2025-08-15 15:44:08,400 - sqlalchemy.engine.Engine - INFO - DESCRIBE `qlib_web`.`qlib_experiments`
2025-08-15 15:44:08,400 INFO sqlalchemy.engine.Engine [raw sql] {}
2025-08-15 15:44:08,400 - sqlalchemy.engine.Engine - INFO - [raw sql] {}
2025-08-15 15:44:08,404 INFO sqlalchemy.engine.Engine DESCRIBE `qlib_web`.`qlib_tasks`
2025-08-15 15:44:08,404 - sqlalchemy.engine.Engine - INFO - DESCRIBE `qlib_web`.`qlib_tasks`
2025-08-15 15:44:08,405 INFO sqlalchemy.engine.Engine [raw sql] {}
2025-08-15 15:44:08,405 - sqlalchemy.engine.Engine - INFO - [raw sql] {}
2025-08-15 15:44:08,406 INFO sqlalchemy.engine.Engine DESCRIBE `qlib_web`.`user_team_association`
2025-08-15 15:44:08,406 - sqlalchemy.engine.Engine - INFO - DESCRIBE `qlib_web`.`user_team_association`
2025-08-15 15:44:08,406 INFO sqlalchemy.engine.Engine [raw sql] {}
2025-08-15 15:44:08,406 - sqlalchemy.engine.Engine - INFO - [raw sql] {}
2025-08-15 15:44:08,408 INFO sqlalchemy.engine.Engine DESCRIBE `qlib_web`.`users`
2025-08-15 15:44:08,408 - sqlalchemy.engine.Engine - INFO - DESCRIBE `qlib_web`.`users`
2025-08-15 15:44:08,408 INFO sqlalchemy.engine.Engine [raw sql] {}
2025-08-15 15:44:08,408 - sqlalchemy.engine.Engine - INFO - [raw sql] {}
2025-08-15 15:44:08,409 INFO sqlalchemy.engine.Engine DESCRIBE `qlib_web`.`teams`
2025-08-15 15:44:08,409 - sqlalchemy.engine.Engine - INFO - DESCRIBE `qlib_web`.`teams`
2025-08-15 15:44:08,409 INFO sqlalchemy.engine.Engine [raw sql] {}
2025-08-15 15:44:08,409 - sqlalchemy.engine.Engine - INFO - [raw sql] {}
2025-08-15 15:44:08,410 INFO sqlalchemy.engine.Engine DESCRIBE `qlib_web`.`user_sessions`
2025-08-15 15:44:08,410 - sqlalchemy.engine.Engine - INFO - DESCRIBE `qlib_web`.`user_sessions`
2025-08-15 15:44:08,410 INFO sqlalchemy.engine.Engine [raw sql] {}
2025-08-15 15:44:08,410 - sqlalchemy.engine.Engine - INFO - [raw sql] {}
2025-08-15 15:44:08,412 INFO sqlalchemy.engine.Engine DESCRIBE `qlib_web`.`password_reset_tokens`
2025-08-15 15:44:08,412 - sqlalchemy.engine.Engine - INFO - DESCRIBE `qlib_web`.`password_reset_tokens`
2025-08-15 15:44:08,412 INFO sqlalchemy.engine.Engine [raw sql] {}
2025-08-15 15:44:08,412 - sqlalchemy.engine.Engine - INFO - [raw sql] {}
2025-08-15 15:44:08,414 INFO sqlalchemy.engine.Engine DESCRIBE `qlib_web`.`email_verification_tokens`
2025-08-15 15:44:08,414 - sqlalchemy.engine.Engine - INFO - DESCRIBE `qlib_web`.`email_verification_tokens`
2025-08-15 15:44:08,414 INFO sqlalchemy.engine.Engine [raw sql] {}
2025-08-15 15:44:08,414 - sqlalchemy.engine.Engine - INFO - [raw sql] {}
2025-08-15 15:44:08,415 INFO sqlalchemy.engine.Engine DESCRIBE `qlib_web`.`experiment_templates`
2025-08-15 15:44:08,415 - sqlalchemy.engine.Engine - INFO - DESCRIBE `qlib_web`.`experiment_templates`
2025-08-15 15:44:08,415 INFO sqlalchemy.engine.Engine [raw sql] {}
2025-08-15 15:44:08,415 - sqlalchemy.engine.Engine - INFO - [raw sql] {}
2025-08-15 15:44:08,416 INFO sqlalchemy.engine.Engine DESCRIBE `qlib_web`.`template_usage`
2025-08-15 15:44:08,416 - sqlalchemy.engine.Engine - INFO - DESCRIBE `qlib_web`.`template_usage`
2025-08-15 15:44:08,416 INFO sqlalchemy.engine.Engine [raw sql] {}
2025-08-15 15:44:08,416 - sqlalchemy.engine.Engine - INFO - [raw sql] {}
2025-08-15 15:44:08,417 INFO sqlalchemy.engine.Engine DESCRIBE `qlib_web`.`template_categories`
2025-08-15 15:44:08,417 - sqlalchemy.engine.Engine - INFO - DESCRIBE `qlib_web`.`template_categories`
2025-08-15 15:44:08,417 INFO sqlalchemy.engine.Engine [raw sql] {}
2025-08-15 15:44:08,417 - sqlalchemy.engine.Engine - INFO - [raw sql] {}
2025-08-15 15:44:08,418 INFO sqlalchemy.engine.Engine DESCRIBE `qlib_web`.`experiment_shares`
2025-08-15 15:44:08,418 - sqlalchemy.engine.Engine - INFO - DESCRIBE `qlib_web`.`experiment_shares`
2025-08-15 15:44:08,418 INFO sqlalchemy.engine.Engine [raw sql] {}
2025-08-15 15:44:08,418 - sqlalchemy.engine.Engine - INFO - [raw sql] {}
2025-08-15 15:44:08,419 INFO sqlalchemy.engine.Engine DESCRIBE `qlib_web`.`share_access_logs`
2025-08-15 15:44:08,419 - sqlalchemy.engine.Engine - INFO - DESCRIBE `qlib_web`.`share_access_logs`
2025-08-15 15:44:08,419 INFO sqlalchemy.engine.Engine [raw sql] {}
2025-08-15 15:44:08,419 - sqlalchemy.engine.Engine - INFO - [raw sql] {}
2025-08-15 15:44:08,420 INFO sqlalchemy.engine.Engine DESCRIBE `qlib_web`.`share_invitations`
2025-08-15 15:44:08,420 - sqlalchemy.engine.Engine - INFO - DESCRIBE `qlib_web`.`share_invitations`
2025-08-15 15:44:08,420 INFO sqlalchemy.engine.Engine [raw sql] {}
2025-08-15 15:44:08,420 - sqlalchemy.engine.Engine - INFO - [raw sql] {}
2025-08-15 15:44:08,424 INFO sqlalchemy.engine.Engine DESCRIBE `qlib_web`.`experiment_comments`
2025-08-15 15:44:08,424 - sqlalchemy.engine.Engine - INFO - DESCRIBE `qlib_web`.`experiment_comments`
2025-08-15 15:44:08,424 INFO sqlalchemy.engine.Engine [raw sql] {}
2025-08-15 15:44:08,424 - sqlalchemy.engine.Engine - INFO - [raw sql] {}
2025-08-15 15:44:08,426 INFO sqlalchemy.engine.Engine DESCRIBE `qlib_web`.`comment_likes`
2025-08-15 15:44:08,426 - sqlalchemy.engine.Engine - INFO - DESCRIBE `qlib_web`.`comment_likes`
2025-08-15 15:44:08,426 INFO sqlalchemy.engine.Engine [raw sql] {}
2025-08-15 15:44:08,426 - sqlalchemy.engine.Engine - INFO - [raw sql] {}
2025-08-15 15:44:08,427 INFO sqlalchemy.engine.Engine DESCRIBE `qlib_web`.`experiment_likes`
2025-08-15 15:44:08,427 - sqlalchemy.engine.Engine - INFO - DESCRIBE `qlib_web`.`experiment_likes`
2025-08-15 15:44:08,427 INFO sqlalchemy.engine.Engine [raw sql] {}
2025-08-15 15:44:08,427 - sqlalchemy.engine.Engine - INFO - [raw sql] {}
2025-08-15 15:44:08,428 INFO sqlalchemy.engine.Engine DESCRIBE `qlib_web`.`experiment_favorites`
2025-08-15 15:44:08,428 - sqlalchemy.engine.Engine - INFO - DESCRIBE `qlib_web`.`experiment_favorites`
2025-08-15 15:44:08,429 INFO sqlalchemy.engine.Engine [raw sql] {}
2025-08-15 15:44:08,429 - sqlalchemy.engine.Engine - INFO - [raw sql] {}
2025-08-15 15:44:08,430 INFO sqlalchemy.engine.Engine DESCRIBE `qlib_web`.`team_activities`
2025-08-15 15:44:08,430 - sqlalchemy.engine.Engine - INFO - DESCRIBE `qlib_web`.`team_activities`
2025-08-15 15:44:08,430 INFO sqlalchemy.engine.Engine [raw sql] {}
2025-08-15 15:44:08,430 - sqlalchemy.engine.Engine - INFO - [raw sql] {}
2025-08-15 15:44:08,431 INFO sqlalchemy.engine.Engine DESCRIBE `qlib_web`.`experiment_ratings`
2025-08-15 15:44:08,431 - sqlalchemy.engine.Engine - INFO - DESCRIBE `qlib_web`.`experiment_ratings`
2025-08-15 15:44:08,431 INFO sqlalchemy.engine.Engine [raw sql] {}
2025-08-15 15:44:08,431 - sqlalchemy.engine.Engine - INFO - [raw sql] {}
2025-08-15 15:44:08,432 INFO sqlalchemy.engine.Engine COMMIT
2025-08-15 15:44:08,432 - sqlalchemy.engine.Engine - INFO - COMMIT
2025-08-15 15:44:08.433 | INFO     | app.main:lifespan:34 - Starting APM service...
2025-08-15 15:44:08.433 | SUCCESS  | app.main:lifespan:36 - APM service started successfully
2025-08-15 15:44:08.433 | INFO     | app.main:lifespan:39 - Starting fault recovery service...
2025-08-15 15:44:08.433 | SUCCESS  | app.main:lifespan:41 - Fault recovery service started successfully
2025-08-15 15:44:08.433 | INFO     | app.main:lifespan:44 - Starting graceful degradation service...
2025-08-15 15:44:08.433 | SUCCESS  | app.main:lifespan:46 - Graceful degradation service started successfully
2025-08-15 15:44:08.433 | INFO     | app.main:lifespan:49 - Initializing Qlib...
[89088:MainThread](2025-08-15 15:44:08,434) INFO - qlib.Initialization - [config.py:452] - default_conf: client.
[89088:MainThread](2025-08-15 15:44:08,761) INFO - qlib.Initialization - [__init__.py:75] - qlib successfully initialized based on client settings.
[89088:MainThread](2025-08-15 15:44:08,761) INFO - qlib.Initialization - [__init__.py:77] - data_path={'__DEFAULT_FREQ': PosixPath('/Users/zhongxuan/.qlib/qlib_data/cn_data')}
2025-08-15 15:44:08.761 | SUCCESS  | app.utils.qlib_manager:init_qlib:42 - Qlib initialized successfully
2025-08-15 15:44:08.762 | WARNING  | app.utils.qlib_manager:init_qlib:49 - Data validation failed: slice(None, 5, None)
2025-08-15 15:44:08.762 | SUCCESS  | app.main:lifespan:53 - Qlib initialized successfully
2025-08-15 15:44:08.762 | SUCCESS  | app.main:lifespan:57 - Application startup complete
2025-08-15 15:44:10,774 INFO sqlalchemy.engine.Engine BEGIN (implicit)
2025-08-15 15:44:10,774 - sqlalchemy.engine.Engine - INFO - BEGIN (implicit)
2025-08-15 15:44:10,774 INFO sqlalchemy.engine.Engine SELECT 1
2025-08-15 15:44:10,774 - sqlalchemy.engine.Engine - INFO - SELECT 1
2025-08-15 15:44:10,774 INFO sqlalchemy.engine.Engine [generated in 0.00018s] {}
2025-08-15 15:44:10,774 - sqlalchemy.engine.Engine - INFO - [generated in 0.00018s] {}
2025-08-15 15:44:11,796 INFO sqlalchemy.engine.Engine BEGIN (implicit)
2025-08-15 15:44:11,796 - sqlalchemy.engine.Engine - INFO - BEGIN (implicit)
2025-08-15 15:44:11,796 INFO sqlalchemy.engine.Engine SELECT 1
2025-08-15 15:44:11,796 - sqlalchemy.engine.Engine - INFO - SELECT 1
2025-08-15 15:44:11,796 INFO sqlalchemy.engine.Engine [cached since 1.022s ago] {}
2025-08-15 15:44:11,796 - sqlalchemy.engine.Engine - INFO - [cached since 1.022s ago] {}
2025-08-15 15:44:13,814 INFO sqlalchemy.engine.Engine BEGIN (implicit)
2025-08-15 15:44:13,814 - sqlalchemy.engine.Engine - INFO - BEGIN (implicit)
2025-08-15 15:44:13,814 INFO sqlalchemy.engine.Engine SELECT 1
2025-08-15 15:44:13,814 - sqlalchemy.engine.Engine - INFO - SELECT 1
2025-08-15 15:44:13,814 INFO sqlalchemy.engine.Engine [cached since 3.04s ago] {}
2025-08-15 15:44:13,814 - sqlalchemy.engine.Engine - INFO - [cached since 3.04s ago] {}
2025-08-15 15:44:14,828 INFO sqlalchemy.engine.Engine BEGIN (implicit)
2025-08-15 15:44:14,828 - sqlalchemy.engine.Engine - INFO - BEGIN (implicit)
2025-08-15 15:44:14,829 INFO sqlalchemy.engine.Engine SELECT 1
2025-08-15 15:44:14,829 - sqlalchemy.engine.Engine - INFO - SELECT 1
2025-08-15 15:44:14,829 INFO sqlalchemy.engine.Engine [cached since 4.055s ago] {}
2025-08-15 15:44:14,829 - sqlalchemy.engine.Engine - INFO - [cached since 4.055s ago] {}
INFO:     Application startup complete.
2025-08-15 15:44:15,837 - error_collector - ERROR - {"timestamp": "2025-08-15T15:44:15.836947", "level": "warning", "category": "system", "message": "自动恢复成功: database - 服务 database 重启成功", "exception_type": "CustomError", "stack_trace": "  File \"<string>\", line 1, in <module>\n    from multiprocessing.spawn import spawn_main; spawn_main(tracker_fd=5, pipe_handle=7)\n  File \"/opt/homebrew/Cellar/python@3.13/3.13.5/Frameworks/Python.framework/Versions/3.13/lib/python3.13/multiprocessing/spawn.py\", line 122, in spawn_main\n    exitcode = _main(fd, parent_sentinel)\n  File \"/opt/homebrew/Cellar/python@3.13/3.13.5/Frameworks/Python.framework/Versions/3.13/lib/python3.13/multiprocessing/spawn.py\", line 135, in _main\n    return self._bootstrap(parent_sentinel)\n  File \"/opt/homebrew/Cellar/python@3.13/3.13.5/Frameworks/Python.framework/Versions/3.13/lib/python3.13/multiprocessing/process.py\", line 313, in _bootstrap\n    self.run()\n  File \"/opt/homebrew/Cellar/python@3.13/3.13.5/Frameworks/Python.framework/Versions/3.13/lib/python3.13/multiprocessing/process.py\", line 108, in run\n    self._target(*self._args, **self._kwargs)\n  File \"/Users/zhongxuan/Desktop/demo3/qlib-web/backend/venv/lib/python3.13/site-packages/uvicorn/_subprocess.py\", line 80, in subprocess_started\n    target(sockets=sockets)\n  File \"/Users/zhongxuan/Desktop/demo3/qlib-web/backend/venv/lib/python3.13/site-packages/uvicorn/server.py\", line 67, in run\n    return asyncio.run(self.serve(sockets=sockets))\n  File \"/opt/homebrew/Cellar/python@3.13/3.13.5/Frameworks/Python.framework/Versions/3.13/lib/python3.13/asyncio/runners.py\", line 195, in run\n    return runner.run(main)\n  File \"/opt/homebrew/Cellar/python@3.13/3.13.5/Frameworks/Python.framework/Versions/3.13/lib/python3.13/asyncio/runners.py\", line 118, in run\n    return self._loop.run_until_complete(task)\n  File \"/opt/homebrew/Cellar/python@3.13/3.13.5/Frameworks/Python.framework/Versions/3.13/lib/python3.13/asyncio/base_events.py\", line 712, in run_until_complete\n    self.run_forever()\n  File \"/opt/homebrew/Cellar/python@3.13/3.13.5/Frameworks/Python.framework/Versions/3.13/lib/python3.13/asyncio/base_events.py\", line 683, in run_forever\n    self._run_once()\n  File \"/opt/homebrew/Cellar/python@3.13/3.13.5/Frameworks/Python.framework/Versions/3.13/lib/python3.13/asyncio/base_events.py\", line 2042, in _run_once\n    handle._run()\n  File \"/opt/homebrew/Cellar/python@3.13/3.13.5/Frameworks/Python.framework/Versions/3.13/lib/python3.13/asyncio/events.py\", line 89, in _run\n    self._context.run(self._callback, *self._args)\n  File \"/Users/zhongxuan/Desktop/demo3/qlib-web/backend/app/services/fault_recovery_service.py\", line 417, in _monitor_loop\n    await self._apply_recovery_rules()\n  File \"/Users/zhongxuan/Desktop/demo3/qlib-web/backend/app/services/fault_recovery_service.py\", line 462, in _apply_recovery_rules\n    await self._execute_recovery_rule(rule, service_name, health)\n  File \"/Users/zhongxuan/Desktop/demo3/qlib-web/backend/app/services/fault_recovery_service.py\", line 538, in _execute_recovery_rule\n    error_logging_service.log_warning(\n  File \"/Users/zhongxuan/Desktop/demo3/qlib-web/backend/app/services/error_logging_service.py\", line 409, in log_warning\n    return self.collector.collect_custom_error(\n  File \"/Users/zhongxuan/Desktop/demo3/qlib-web/backend/app/services/error_logging_service.py\", line 304, in collect_custom_error\n    stack_trace = ''.join(traceback.format_stack())\n", "request_id": null, "user_id": null, "endpoint": null, "method": null, "user_agent": null, "ip_address": null, "additional_context": {}}
WARNING:  WatchFiles detected changes in 'app/middleware/security_middleware.py'. Reloading...
INFO:     Shutting down
INFO:     Waiting for application shutdown.
2025-08-15 15:44:25.138 | INFO     | app.main:lifespan:62 - Shutting down APM service...
2025-08-15 15:44:25.138 | INFO     | app.main:lifespan:65 - Shutting down fault recovery service...
2025-08-15 15:44:25.138 | INFO     | app.main:lifespan:68 - Shutting down graceful degradation service...
2025-08-15 15:44:25.139 | INFO     | app.main:lifespan:71 - Application shutdown complete
INFO:     Application shutdown complete.
INFO:     Finished server process [89088]
INFO:     Started server process [89429]
INFO:     Waiting for application startup.
2025-08-15 15:44:26.949 | INFO     | app.main:lifespan:27 - Starting Qlib Web Console API v1.0.0
2025-08-15 15:44:26.949 | INFO     | app.main:lifespan:30 - Initializing database...
2025-08-15 15:44:26,961 INFO sqlalchemy.engine.Engine SELECT DATABASE()
2025-08-15 15:44:26,961 - sqlalchemy.engine.Engine - INFO - SELECT DATABASE()
2025-08-15 15:44:26,961 INFO sqlalchemy.engine.Engine [raw sql] {}
2025-08-15 15:44:26,961 - sqlalchemy.engine.Engine - INFO - [raw sql] {}
2025-08-15 15:44:26,964 INFO sqlalchemy.engine.Engine SELECT @@sql_mode
2025-08-15 15:44:26,964 - sqlalchemy.engine.Engine - INFO - SELECT @@sql_mode
2025-08-15 15:44:26,964 INFO sqlalchemy.engine.Engine [raw sql] {}
2025-08-15 15:44:26,964 - sqlalchemy.engine.Engine - INFO - [raw sql] {}
2025-08-15 15:44:26,965 INFO sqlalchemy.engine.Engine SELECT @@lower_case_table_names
2025-08-15 15:44:26,965 - sqlalchemy.engine.Engine - INFO - SELECT @@lower_case_table_names
2025-08-15 15:44:26,965 INFO sqlalchemy.engine.Engine [raw sql] {}
2025-08-15 15:44:26,965 - sqlalchemy.engine.Engine - INFO - [raw sql] {}
2025-08-15 15:44:26,969 INFO sqlalchemy.engine.Engine BEGIN (implicit)
2025-08-15 15:44:26,969 - sqlalchemy.engine.Engine - INFO - BEGIN (implicit)
2025-08-15 15:44:26,969 INFO sqlalchemy.engine.Engine DESCRIBE `qlib_web`.`qlib_experiments`
2025-08-15 15:44:26,969 - sqlalchemy.engine.Engine - INFO - DESCRIBE `qlib_web`.`qlib_experiments`
2025-08-15 15:44:26,969 INFO sqlalchemy.engine.Engine [raw sql] {}
2025-08-15 15:44:26,969 - sqlalchemy.engine.Engine - INFO - [raw sql] {}
2025-08-15 15:44:26,973 INFO sqlalchemy.engine.Engine DESCRIBE `qlib_web`.`qlib_tasks`
2025-08-15 15:44:26,973 - sqlalchemy.engine.Engine - INFO - DESCRIBE `qlib_web`.`qlib_tasks`
2025-08-15 15:44:26,973 INFO sqlalchemy.engine.Engine [raw sql] {}
2025-08-15 15:44:26,973 - sqlalchemy.engine.Engine - INFO - [raw sql] {}
2025-08-15 15:44:26,974 INFO sqlalchemy.engine.Engine DESCRIBE `qlib_web`.`user_team_association`
2025-08-15 15:44:26,974 - sqlalchemy.engine.Engine - INFO - DESCRIBE `qlib_web`.`user_team_association`
2025-08-15 15:44:26,974 INFO sqlalchemy.engine.Engine [raw sql] {}
2025-08-15 15:44:26,974 - sqlalchemy.engine.Engine - INFO - [raw sql] {}
2025-08-15 15:44:26,976 INFO sqlalchemy.engine.Engine DESCRIBE `qlib_web`.`users`
2025-08-15 15:44:26,976 - sqlalchemy.engine.Engine - INFO - DESCRIBE `qlib_web`.`users`
2025-08-15 15:44:26,976 INFO sqlalchemy.engine.Engine [raw sql] {}
2025-08-15 15:44:26,976 - sqlalchemy.engine.Engine - INFO - [raw sql] {}
2025-08-15 15:44:26,977 INFO sqlalchemy.engine.Engine DESCRIBE `qlib_web`.`teams`
2025-08-15 15:44:26,977 - sqlalchemy.engine.Engine - INFO - DESCRIBE `qlib_web`.`teams`
2025-08-15 15:44:26,977 INFO sqlalchemy.engine.Engine [raw sql] {}
2025-08-15 15:44:26,977 - sqlalchemy.engine.Engine - INFO - [raw sql] {}
2025-08-15 15:44:26,979 INFO sqlalchemy.engine.Engine DESCRIBE `qlib_web`.`user_sessions`
2025-08-15 15:44:26,979 - sqlalchemy.engine.Engine - INFO - DESCRIBE `qlib_web`.`user_sessions`
2025-08-15 15:44:26,979 INFO sqlalchemy.engine.Engine [raw sql] {}
2025-08-15 15:44:26,979 - sqlalchemy.engine.Engine - INFO - [raw sql] {}
2025-08-15 15:44:26,981 INFO sqlalchemy.engine.Engine DESCRIBE `qlib_web`.`password_reset_tokens`
2025-08-15 15:44:26,981 - sqlalchemy.engine.Engine - INFO - DESCRIBE `qlib_web`.`password_reset_tokens`
2025-08-15 15:44:26,981 INFO sqlalchemy.engine.Engine [raw sql] {}
2025-08-15 15:44:26,981 - sqlalchemy.engine.Engine - INFO - [raw sql] {}
2025-08-15 15:44:26,982 INFO sqlalchemy.engine.Engine DESCRIBE `qlib_web`.`email_verification_tokens`
2025-08-15 15:44:26,982 - sqlalchemy.engine.Engine - INFO - DESCRIBE `qlib_web`.`email_verification_tokens`
2025-08-15 15:44:26,982 INFO sqlalchemy.engine.Engine [raw sql] {}
2025-08-15 15:44:26,982 - sqlalchemy.engine.Engine - INFO - [raw sql] {}
2025-08-15 15:44:26,983 INFO sqlalchemy.engine.Engine DESCRIBE `qlib_web`.`experiment_templates`
2025-08-15 15:44:26,983 - sqlalchemy.engine.Engine - INFO - DESCRIBE `qlib_web`.`experiment_templates`
2025-08-15 15:44:26,983 INFO sqlalchemy.engine.Engine [raw sql] {}
2025-08-15 15:44:26,983 - sqlalchemy.engine.Engine - INFO - [raw sql] {}
2025-08-15 15:44:26,986 INFO sqlalchemy.engine.Engine DESCRIBE `qlib_web`.`template_usage`
2025-08-15 15:44:26,986 - sqlalchemy.engine.Engine - INFO - DESCRIBE `qlib_web`.`template_usage`
2025-08-15 15:44:26,986 INFO sqlalchemy.engine.Engine [raw sql] {}
2025-08-15 15:44:26,986 - sqlalchemy.engine.Engine - INFO - [raw sql] {}
2025-08-15 15:44:26,987 INFO sqlalchemy.engine.Engine DESCRIBE `qlib_web`.`template_categories`
2025-08-15 15:44:26,987 - sqlalchemy.engine.Engine - INFO - DESCRIBE `qlib_web`.`template_categories`
2025-08-15 15:44:26,987 INFO sqlalchemy.engine.Engine [raw sql] {}
2025-08-15 15:44:26,987 - sqlalchemy.engine.Engine - INFO - [raw sql] {}
2025-08-15 15:44:26,989 INFO sqlalchemy.engine.Engine DESCRIBE `qlib_web`.`experiment_shares`
2025-08-15 15:44:26,989 - sqlalchemy.engine.Engine - INFO - DESCRIBE `qlib_web`.`experiment_shares`
2025-08-15 15:44:26,989 INFO sqlalchemy.engine.Engine [raw sql] {}
2025-08-15 15:44:26,989 - sqlalchemy.engine.Engine - INFO - [raw sql] {}
2025-08-15 15:44:26,992 INFO sqlalchemy.engine.Engine DESCRIBE `qlib_web`.`share_access_logs`
2025-08-15 15:44:26,992 - sqlalchemy.engine.Engine - INFO - DESCRIBE `qlib_web`.`share_access_logs`
2025-08-15 15:44:26,992 INFO sqlalchemy.engine.Engine [raw sql] {}
2025-08-15 15:44:26,992 - sqlalchemy.engine.Engine - INFO - [raw sql] {}
2025-08-15 15:44:26,994 INFO sqlalchemy.engine.Engine DESCRIBE `qlib_web`.`share_invitations`
2025-08-15 15:44:26,994 - sqlalchemy.engine.Engine - INFO - DESCRIBE `qlib_web`.`share_invitations`
2025-08-15 15:44:26,994 INFO sqlalchemy.engine.Engine [raw sql] {}
2025-08-15 15:44:26,994 - sqlalchemy.engine.Engine - INFO - [raw sql] {}
2025-08-15 15:44:26,996 INFO sqlalchemy.engine.Engine DESCRIBE `qlib_web`.`experiment_comments`
2025-08-15 15:44:26,996 - sqlalchemy.engine.Engine - INFO - DESCRIBE `qlib_web`.`experiment_comments`
2025-08-15 15:44:26,996 INFO sqlalchemy.engine.Engine [raw sql] {}
2025-08-15 15:44:26,996 - sqlalchemy.engine.Engine - INFO - [raw sql] {}
2025-08-15 15:44:26,997 INFO sqlalchemy.engine.Engine DESCRIBE `qlib_web`.`comment_likes`
2025-08-15 15:44:26,997 - sqlalchemy.engine.Engine - INFO - DESCRIBE `qlib_web`.`comment_likes`
2025-08-15 15:44:26,997 INFO sqlalchemy.engine.Engine [raw sql] {}
2025-08-15 15:44:26,997 - sqlalchemy.engine.Engine - INFO - [raw sql] {}
2025-08-15 15:44:26,999 INFO sqlalchemy.engine.Engine DESCRIBE `qlib_web`.`experiment_likes`
2025-08-15 15:44:26,999 - sqlalchemy.engine.Engine - INFO - DESCRIBE `qlib_web`.`experiment_likes`
2025-08-15 15:44:26,999 INFO sqlalchemy.engine.Engine [raw sql] {}
2025-08-15 15:44:26,999 - sqlalchemy.engine.Engine - INFO - [raw sql] {}
2025-08-15 15:44:27,000 INFO sqlalchemy.engine.Engine DESCRIBE `qlib_web`.`experiment_favorites`
2025-08-15 15:44:27,000 - sqlalchemy.engine.Engine - INFO - DESCRIBE `qlib_web`.`experiment_favorites`
2025-08-15 15:44:27,000 INFO sqlalchemy.engine.Engine [raw sql] {}
2025-08-15 15:44:27,000 - sqlalchemy.engine.Engine - INFO - [raw sql] {}
2025-08-15 15:44:27,001 INFO sqlalchemy.engine.Engine DESCRIBE `qlib_web`.`team_activities`
2025-08-15 15:44:27,001 - sqlalchemy.engine.Engine - INFO - DESCRIBE `qlib_web`.`team_activities`
2025-08-15 15:44:27,001 INFO sqlalchemy.engine.Engine [raw sql] {}
2025-08-15 15:44:27,001 - sqlalchemy.engine.Engine - INFO - [raw sql] {}
2025-08-15 15:44:27,003 INFO sqlalchemy.engine.Engine DESCRIBE `qlib_web`.`experiment_ratings`
2025-08-15 15:44:27,003 - sqlalchemy.engine.Engine - INFO - DESCRIBE `qlib_web`.`experiment_ratings`
2025-08-15 15:44:27,003 INFO sqlalchemy.engine.Engine [raw sql] {}
2025-08-15 15:44:27,003 - sqlalchemy.engine.Engine - INFO - [raw sql] {}
2025-08-15 15:44:27,005 INFO sqlalchemy.engine.Engine COMMIT
2025-08-15 15:44:27,005 - sqlalchemy.engine.Engine - INFO - COMMIT
2025-08-15 15:44:27.007 | INFO     | app.main:lifespan:34 - Starting APM service...
2025-08-15 15:44:27.007 | SUCCESS  | app.main:lifespan:36 - APM service started successfully
2025-08-15 15:44:27.007 | INFO     | app.main:lifespan:39 - Starting fault recovery service...
2025-08-15 15:44:27.007 | SUCCESS  | app.main:lifespan:41 - Fault recovery service started successfully
2025-08-15 15:44:27.007 | INFO     | app.main:lifespan:44 - Starting graceful degradation service...
2025-08-15 15:44:27.007 | SUCCESS  | app.main:lifespan:46 - Graceful degradation service started successfully
2025-08-15 15:44:27.007 | INFO     | app.main:lifespan:49 - Initializing Qlib...
[89429:MainThread](2025-08-15 15:44:27,007) INFO - qlib.Initialization - [config.py:452] - default_conf: client.
[89429:MainThread](2025-08-15 15:44:27,315) INFO - qlib.Initialization - [__init__.py:75] - qlib successfully initialized based on client settings.
[89429:MainThread](2025-08-15 15:44:27,315) INFO - qlib.Initialization - [__init__.py:77] - data_path={'__DEFAULT_FREQ': PosixPath('/Users/zhongxuan/.qlib/qlib_data/cn_data')}
2025-08-15 15:44:27.315 | SUCCESS  | app.utils.qlib_manager:init_qlib:42 - Qlib initialized successfully
2025-08-15 15:44:27.316 | WARNING  | app.utils.qlib_manager:init_qlib:49 - Data validation failed: slice(None, 5, None)
2025-08-15 15:44:27.316 | SUCCESS  | app.main:lifespan:53 - Qlib initialized successfully
2025-08-15 15:44:27.316 | SUCCESS  | app.main:lifespan:57 - Application startup complete
2025-08-15 15:44:29,327 INFO sqlalchemy.engine.Engine BEGIN (implicit)
2025-08-15 15:44:29,327 - sqlalchemy.engine.Engine - INFO - BEGIN (implicit)
2025-08-15 15:44:29,328 INFO sqlalchemy.engine.Engine SELECT 1
2025-08-15 15:44:29,328 - sqlalchemy.engine.Engine - INFO - SELECT 1
2025-08-15 15:44:29,328 INFO sqlalchemy.engine.Engine [generated in 0.00042s] {}
2025-08-15 15:44:29,328 - sqlalchemy.engine.Engine - INFO - [generated in 0.00042s] {}
2025-08-15 15:44:30,343 INFO sqlalchemy.engine.Engine BEGIN (implicit)
2025-08-15 15:44:30,343 - sqlalchemy.engine.Engine - INFO - BEGIN (implicit)
2025-08-15 15:44:30,344 INFO sqlalchemy.engine.Engine SELECT 1
2025-08-15 15:44:30,344 - sqlalchemy.engine.Engine - INFO - SELECT 1
2025-08-15 15:44:30,344 INFO sqlalchemy.engine.Engine [cached since 1.016s ago] {}
2025-08-15 15:44:30,344 - sqlalchemy.engine.Engine - INFO - [cached since 1.016s ago] {}
2025-08-15 15:44:32,362 INFO sqlalchemy.engine.Engine BEGIN (implicit)
2025-08-15 15:44:32,362 - sqlalchemy.engine.Engine - INFO - BEGIN (implicit)
2025-08-15 15:44:32,362 INFO sqlalchemy.engine.Engine SELECT 1
2025-08-15 15:44:32,362 - sqlalchemy.engine.Engine - INFO - SELECT 1
2025-08-15 15:44:32,363 INFO sqlalchemy.engine.Engine [cached since 3.034s ago] {}
2025-08-15 15:44:32,363 - sqlalchemy.engine.Engine - INFO - [cached since 3.034s ago] {}
2025-08-15 15:44:33,376 INFO sqlalchemy.engine.Engine BEGIN (implicit)
2025-08-15 15:44:33,376 - sqlalchemy.engine.Engine - INFO - BEGIN (implicit)
2025-08-15 15:44:33,376 INFO sqlalchemy.engine.Engine SELECT 1
2025-08-15 15:44:33,376 - sqlalchemy.engine.Engine - INFO - SELECT 1
2025-08-15 15:44:33,376 INFO sqlalchemy.engine.Engine [cached since 4.048s ago] {}
2025-08-15 15:44:33,376 - sqlalchemy.engine.Engine - INFO - [cached since 4.048s ago] {}
2025-08-15 15:44:33,385 - error_collector - ERROR - {"timestamp": "2025-08-15T15:44:33.385139", "level": "warning", "category": "system", "message": "服务 database 已降级至 moderate 级别", "exception_type": "CustomError", "stack_trace": "  File \"<string>\", line 1, in <module>\n    from multiprocessing.spawn import spawn_main; spawn_main(tracker_fd=5, pipe_handle=7)\n  File \"/opt/homebrew/Cellar/python@3.13/3.13.5/Frameworks/Python.framework/Versions/3.13/lib/python3.13/multiprocessing/spawn.py\", line 122, in spawn_main\n    exitcode = _main(fd, parent_sentinel)\n  File \"/opt/homebrew/Cellar/python@3.13/3.13.5/Frameworks/Python.framework/Versions/3.13/lib/python3.13/multiprocessing/spawn.py\", line 135, in _main\n    return self._bootstrap(parent_sentinel)\n  File \"/opt/homebrew/Cellar/python@3.13/3.13.5/Frameworks/Python.framework/Versions/3.13/lib/python3.13/multiprocessing/process.py\", line 313, in _bootstrap\n    self.run()\n  File \"/opt/homebrew/Cellar/python@3.13/3.13.5/Frameworks/Python.framework/Versions/3.13/lib/python3.13/multiprocessing/process.py\", line 108, in run\n    self._target(*self._args, **self._kwargs)\n  File \"/Users/zhongxuan/Desktop/demo3/qlib-web/backend/venv/lib/python3.13/site-packages/uvicorn/_subprocess.py\", line 80, in subprocess_started\n    target(sockets=sockets)\n  File \"/Users/zhongxuan/Desktop/demo3/qlib-web/backend/venv/lib/python3.13/site-packages/uvicorn/server.py\", line 67, in run\n    return asyncio.run(self.serve(sockets=sockets))\n  File \"/opt/homebrew/Cellar/python@3.13/3.13.5/Frameworks/Python.framework/Versions/3.13/lib/python3.13/asyncio/runners.py\", line 195, in run\n    return runner.run(main)\n  File \"/opt/homebrew/Cellar/python@3.13/3.13.5/Frameworks/Python.framework/Versions/3.13/lib/python3.13/asyncio/runners.py\", line 118, in run\n    return self._loop.run_until_complete(task)\n  File \"/opt/homebrew/Cellar/python@3.13/3.13.5/Frameworks/Python.framework/Versions/3.13/lib/python3.13/asyncio/base_events.py\", line 712, in run_until_complete\n    self.run_forever()\n  File \"/opt/homebrew/Cellar/python@3.13/3.13.5/Frameworks/Python.framework/Versions/3.13/lib/python3.13/asyncio/base_events.py\", line 683, in run_forever\n    self._run_once()\n  File \"/opt/homebrew/Cellar/python@3.13/3.13.5/Frameworks/Python.framework/Versions/3.13/lib/python3.13/asyncio/base_events.py\", line 2042, in _run_once\n    handle._run()\n  File \"/opt/homebrew/Cellar/python@3.13/3.13.5/Frameworks/Python.framework/Versions/3.13/lib/python3.13/asyncio/events.py\", line 89, in _run\n    self._context.run(self._callback, *self._args)\n  File \"/Users/zhongxuan/Desktop/demo3/qlib-web/backend/app/services/graceful_degradation_service.py\", line 344, in _monitoring_loop\n    await self._apply_degradation_rules()\n  File \"/Users/zhongxuan/Desktop/demo3/qlib-web/backend/app/services/graceful_degradation_service.py\", line 414, in _apply_degradation_rules\n    await self._apply_degradation(rule, service_status)\n  File \"/Users/zhongxuan/Desktop/demo3/qlib-web/backend/app/services/graceful_degradation_service.py\", line 461, in _apply_degradation\n    error_logging_service.log_warning(\n  File \"/Users/zhongxuan/Desktop/demo3/qlib-web/backend/app/services/error_logging_service.py\", line 409, in log_warning\n    return self.collector.collect_custom_error(\n  File \"/Users/zhongxuan/Desktop/demo3/qlib-web/backend/app/services/error_logging_service.py\", line 304, in collect_custom_error\n    stack_trace = ''.join(traceback.format_stack())\n", "request_id": null, "user_id": null, "endpoint": null, "method": null, "user_agent": null, "ip_address": null, "additional_context": {}}
INFO:     Application startup complete.
2025-08-15 15:44:34,380 - error_collector - ERROR - {"timestamp": "2025-08-15T15:44:34.380350", "level": "warning", "category": "system", "message": "自动恢复成功: database - 服务 database 重启成功", "exception_type": "CustomError", "stack_trace": "  File \"<string>\", line 1, in <module>\n    from multiprocessing.spawn import spawn_main; spawn_main(tracker_fd=5, pipe_handle=7)\n  File \"/opt/homebrew/Cellar/python@3.13/3.13.5/Frameworks/Python.framework/Versions/3.13/lib/python3.13/multiprocessing/spawn.py\", line 122, in spawn_main\n    exitcode = _main(fd, parent_sentinel)\n  File \"/opt/homebrew/Cellar/python@3.13/3.13.5/Frameworks/Python.framework/Versions/3.13/lib/python3.13/multiprocessing/spawn.py\", line 135, in _main\n    return self._bootstrap(parent_sentinel)\n  File \"/opt/homebrew/Cellar/python@3.13/3.13.5/Frameworks/Python.framework/Versions/3.13/lib/python3.13/multiprocessing/process.py\", line 313, in _bootstrap\n    self.run()\n  File \"/opt/homebrew/Cellar/python@3.13/3.13.5/Frameworks/Python.framework/Versions/3.13/lib/python3.13/multiprocessing/process.py\", line 108, in run\n    self._target(*self._args, **self._kwargs)\n  File \"/Users/zhongxuan/Desktop/demo3/qlib-web/backend/venv/lib/python3.13/site-packages/uvicorn/_subprocess.py\", line 80, in subprocess_started\n    target(sockets=sockets)\n  File \"/Users/zhongxuan/Desktop/demo3/qlib-web/backend/venv/lib/python3.13/site-packages/uvicorn/server.py\", line 67, in run\n    return asyncio.run(self.serve(sockets=sockets))\n  File \"/opt/homebrew/Cellar/python@3.13/3.13.5/Frameworks/Python.framework/Versions/3.13/lib/python3.13/asyncio/runners.py\", line 195, in run\n    return runner.run(main)\n  File \"/opt/homebrew/Cellar/python@3.13/3.13.5/Frameworks/Python.framework/Versions/3.13/lib/python3.13/asyncio/runners.py\", line 118, in run\n    return self._loop.run_until_complete(task)\n  File \"/opt/homebrew/Cellar/python@3.13/3.13.5/Frameworks/Python.framework/Versions/3.13/lib/python3.13/asyncio/base_events.py\", line 712, in run_until_complete\n    self.run_forever()\n  File \"/opt/homebrew/Cellar/python@3.13/3.13.5/Frameworks/Python.framework/Versions/3.13/lib/python3.13/asyncio/base_events.py\", line 683, in run_forever\n    self._run_once()\n  File \"/opt/homebrew/Cellar/python@3.13/3.13.5/Frameworks/Python.framework/Versions/3.13/lib/python3.13/asyncio/base_events.py\", line 2042, in _run_once\n    handle._run()\n  File \"/opt/homebrew/Cellar/python@3.13/3.13.5/Frameworks/Python.framework/Versions/3.13/lib/python3.13/asyncio/events.py\", line 89, in _run\n    self._context.run(self._callback, *self._args)\n  File \"/Users/zhongxuan/Desktop/demo3/qlib-web/backend/app/services/fault_recovery_service.py\", line 417, in _monitor_loop\n    await self._apply_recovery_rules()\n  File \"/Users/zhongxuan/Desktop/demo3/qlib-web/backend/app/services/fault_recovery_service.py\", line 462, in _apply_recovery_rules\n    await self._execute_recovery_rule(rule, service_name, health)\n  File \"/Users/zhongxuan/Desktop/demo3/qlib-web/backend/app/services/fault_recovery_service.py\", line 538, in _execute_recovery_rule\n    error_logging_service.log_warning(\n  File \"/Users/zhongxuan/Desktop/demo3/qlib-web/backend/app/services/error_logging_service.py\", line 409, in log_warning\n    return self.collector.collect_custom_error(\n  File \"/Users/zhongxuan/Desktop/demo3/qlib-web/backend/app/services/error_logging_service.py\", line 304, in collect_custom_error\n    stack_trace = ''.join(traceback.format_stack())\n", "request_id": null, "user_id": null, "endpoint": null, "method": null, "user_agent": null, "ip_address": null, "additional_context": {}}
2025-08-15 15:45:05,403 INFO sqlalchemy.engine.Engine BEGIN (implicit)
2025-08-15 15:45:05,403 - sqlalchemy.engine.Engine - INFO - BEGIN (implicit)
2025-08-15 15:45:05,405 INFO sqlalchemy.engine.Engine SELECT 1
2025-08-15 15:45:05,405 - sqlalchemy.engine.Engine - INFO - SELECT 1
2025-08-15 15:45:05,406 INFO sqlalchemy.engine.Engine [cached since 36.08s ago] {}
2025-08-15 15:45:05,406 - sqlalchemy.engine.Engine - INFO - [cached since 36.08s ago] {}
2025-08-15 15:45:06,423 INFO sqlalchemy.engine.Engine BEGIN (implicit)
2025-08-15 15:45:06,423 - sqlalchemy.engine.Engine - INFO - BEGIN (implicit)
2025-08-15 15:45:06,424 INFO sqlalchemy.engine.Engine SELECT 1
2025-08-15 15:45:06,424 - sqlalchemy.engine.Engine - INFO - SELECT 1
2025-08-15 15:45:06,424 INFO sqlalchemy.engine.Engine [cached since 37.09s ago] {}
2025-08-15 15:45:06,424 - sqlalchemy.engine.Engine - INFO - [cached since 37.09s ago] {}
2025-08-15 15:45:08,446 INFO sqlalchemy.engine.Engine BEGIN (implicit)
2025-08-15 15:45:08,446 - sqlalchemy.engine.Engine - INFO - BEGIN (implicit)
2025-08-15 15:45:08,446 INFO sqlalchemy.engine.Engine SELECT 1
2025-08-15 15:45:08,446 - sqlalchemy.engine.Engine - INFO - SELECT 1
2025-08-15 15:45:08,446 INFO sqlalchemy.engine.Engine [cached since 39.12s ago] {}
2025-08-15 15:45:08,446 - sqlalchemy.engine.Engine - INFO - [cached since 39.12s ago] {}
2025-08-15 15:45:09,454 INFO sqlalchemy.engine.Engine BEGIN (implicit)
2025-08-15 15:45:09,454 - sqlalchemy.engine.Engine - INFO - BEGIN (implicit)
2025-08-15 15:45:09,454 INFO sqlalchemy.engine.Engine SELECT 1
2025-08-15 15:45:09,454 - sqlalchemy.engine.Engine - INFO - SELECT 1
2025-08-15 15:45:09,455 INFO sqlalchemy.engine.Engine [cached since 40.13s ago] {}
2025-08-15 15:45:09,455 - sqlalchemy.engine.Engine - INFO - [cached since 40.13s ago] {}
2025-08-15 15:45:16.237 | INFO     | app.main:add_request_id:151 - Request completed: OPTIONS /api/v1/auth/register Status: 400 Time: 0.001s ID: 6a7d5c24-9459-4a3b-b678-13d39abe2f30
INFO:     127.0.0.1:50074 - "OPTIONS /api/v1/auth/register HTTP/1.1" 400 Bad Request
2025-08-15 15:45:33,392 - error_collector - ERROR - {"timestamp": "2025-08-15T15:45:33.391113", "level": "warning", "category": "system", "message": "服务 database 已自动恢复正常", "exception_type": "CustomError", "stack_trace": "  File \"<string>\", line 1, in <module>\n    from multiprocessing.spawn import spawn_main; spawn_main(tracker_fd=5, pipe_handle=7)\n  File \"/opt/homebrew/Cellar/python@3.13/3.13.5/Frameworks/Python.framework/Versions/3.13/lib/python3.13/multiprocessing/spawn.py\", line 122, in spawn_main\n    exitcode = _main(fd, parent_sentinel)\n  File \"/opt/homebrew/Cellar/python@3.13/3.13.5/Frameworks/Python.framework/Versions/3.13/lib/python3.13/multiprocessing/spawn.py\", line 135, in _main\n    return self._bootstrap(parent_sentinel)\n  File \"/opt/homebrew/Cellar/python@3.13/3.13.5/Frameworks/Python.framework/Versions/3.13/lib/python3.13/multiprocessing/process.py\", line 313, in _bootstrap\n    self.run()\n  File \"/opt/homebrew/Cellar/python@3.13/3.13.5/Frameworks/Python.framework/Versions/3.13/lib/python3.13/multiprocessing/process.py\", line 108, in run\n    self._target(*self._args, **self._kwargs)\n  File \"/Users/zhongxuan/Desktop/demo3/qlib-web/backend/venv/lib/python3.13/site-packages/uvicorn/_subprocess.py\", line 80, in subprocess_started\n    target(sockets=sockets)\n  File \"/Users/zhongxuan/Desktop/demo3/qlib-web/backend/venv/lib/python3.13/site-packages/uvicorn/server.py\", line 67, in run\n    return asyncio.run(self.serve(sockets=sockets))\n  File \"/opt/homebrew/Cellar/python@3.13/3.13.5/Frameworks/Python.framework/Versions/3.13/lib/python3.13/asyncio/runners.py\", line 195, in run\n    return runner.run(main)\n  File \"/opt/homebrew/Cellar/python@3.13/3.13.5/Frameworks/Python.framework/Versions/3.13/lib/python3.13/asyncio/runners.py\", line 118, in run\n    return self._loop.run_until_complete(task)\n  File \"/opt/homebrew/Cellar/python@3.13/3.13.5/Frameworks/Python.framework/Versions/3.13/lib/python3.13/asyncio/base_events.py\", line 712, in run_until_complete\n    self.run_forever()\n  File \"/opt/homebrew/Cellar/python@3.13/3.13.5/Frameworks/Python.framework/Versions/3.13/lib/python3.13/asyncio/base_events.py\", line 683, in run_forever\n    self._run_once()\n  File \"/opt/homebrew/Cellar/python@3.13/3.13.5/Frameworks/Python.framework/Versions/3.13/lib/python3.13/asyncio/base_events.py\", line 2042, in _run_once\n    handle._run()\n  File \"/opt/homebrew/Cellar/python@3.13/3.13.5/Frameworks/Python.framework/Versions/3.13/lib/python3.13/asyncio/events.py\", line 89, in _run\n    self._context.run(self._callback, *self._args)\n  File \"/Users/zhongxuan/Desktop/demo3/qlib-web/backend/app/services/graceful_degradation_service.py\", line 344, in _monitoring_loop\n    await self._apply_degradation_rules()\n  File \"/Users/zhongxuan/Desktop/demo3/qlib-web/backend/app/services/graceful_degradation_service.py\", line 418, in _apply_degradation_rules\n    await self._attempt_service_recovery(rule, service_status)\n  File \"/Users/zhongxuan/Desktop/demo3/qlib-web/backend/app/services/graceful_degradation_service.py\", line 502, in _attempt_service_recovery\n    error_logging_service.log_warning(\n  File \"/Users/zhongxuan/Desktop/demo3/qlib-web/backend/app/services/error_logging_service.py\", line 409, in log_warning\n    return self.collector.collect_custom_error(\n  File \"/Users/zhongxuan/Desktop/demo3/qlib-web/backend/app/services/error_logging_service.py\", line 304, in collect_custom_error\n    stack_trace = ''.join(traceback.format_stack())\n", "request_id": null, "user_id": null, "endpoint": null, "method": null, "user_agent": null, "ip_address": null, "additional_context": {}}
INFO:     Shutting down
INFO:     Waiting for application shutdown.
2025-08-15 15:45:38.534 | INFO     | app.main:lifespan:62 - Shutting down APM service...
2025-08-15 15:45:38.534 | INFO     | app.main:lifespan:65 - Shutting down fault recovery service...
2025-08-15 15:45:38.534 | INFO     | app.main:lifespan:68 - Shutting down graceful degradation service...
2025-08-15 15:45:38.535 | INFO     | app.main:lifespan:71 - Application shutdown complete
INFO:     Application shutdown complete.
INFO:     Finished server process [89429]
INFO:     Stopping reloader process [35888]
